proto,service,state,dur,spkts,dpkts,sbytes,dbytes,rate,sload,dload,sloss,dloss,sinpkt,dinpkt,sjit,djit,swin,stcpb,dtcpb,dwin,tcprtt,synack,ackdat,smean,dmean,trans_depth,response_body_len,ct_src_dport_ltm,ct_dst_sport_ltm,is_ftp_login,ct_ftp_cmd,ct_flw_http_mthd,is_sm_ips_ports,label,attack_cat
tcp,ssl,FIN,9.9072,70,57,40162,17784,19.22835,25944.66,14360.41,11,0,0.1415,0.1738,0.0114,0.0122,56416,7225894,2729571,48938,0.0389,0.0708,0.0062,459,312,1,3960,1,2,0,0,1,0,0,Normal
udp,ssl,FIN,4.1321,43,39,4031,19461,29.767049999999998,6243.81,37677.75,4,0,0.0961,0.106,0.0062,0.0105,57426,8838117,660196,17106,0.0372,0.0894,0.0389,75,499,1,4293,1,4,0,0,0,0,0,Normal
udp,dns,CON,4.432,23,0,9113,0,7.784400000000001,13160.71,0.0,21,0,0.1927,4.432,0.0186,0.0046,35091,8088310,1574123,53507,0.1876,0.0299,0.0768,317,0,2,4560,4,4,0,0,1,0,0,Normal
tcp,dns,CON,7.5715,62,11,9455,1650,14.462100000000001,7992.04,1743.37,51,0,0.1221,0.6883,0.0054,0.0034,9528,1034914,886154,51417,0.1864,0.042,0.0192,122,150,2,2999,4,2,0,0,1,0,0,Normal
udp,-,INT,0.1758,36,15,5400,9300,435.09479999999996,196560.46,423150.99,20,0,0.0049,0.0117,0.0124,0.0004,3022,307201,7734044,45656,0.0382,0.0796,0.0412,120,620,1,3086,3,1,0,0,0,0,0,Normal
udp,dns,FIN,2.3325,39,0,13747,0,25.080149999999996,37720.48,0.0,38,0,0.0598,2.3325,0.0164,0.0196,16884,1091783,9905717,25419,0.0079,0.0515,0.0046,282,0,0,1793,4,1,0,0,0,0,0,Normal
tcp,http,INT,8.2915,57,17,21517,11016,13.3872,16608.82,10628.72,39,0,0.1455,0.4877,0.0034,0.0119,22677,9036827,720247,51875,0.2182,0.0821,0.0784,302,648,2,172,3,2,0,0,1,0,0,Normal
tcp,-,CON,4.5115,42,1,8557,702,14.296800000000001,12139.63,1244.82,41,0,0.1074,4.5115,0.0136,0.0063,50906,3906512,5243414,39144,0.1061,0.0087,0.0138,163,702,2,4318,3,1,0,0,1,0,0,Normal
tcp,-,CON,7.2648,33,2,4331,354,7.2265500000000005,3815.65,389.82,29,0,0.2201,3.6324,0.0165,0.0069,64007,7598445,6588928,54979,0.2938,0.0807,0.0887,105,177,0,1408,4,1,0,0,0,0,0,Normal
udp,ssl,CON,6.38,19,48,3325,2688,15.75225,3335.41,3370.52,0,28,0.3358,0.1329,0.0071,0.0176,37440,9677114,1450606,53075,0.2775,0.02,0.0399,140,56,2,2423,4,3,0,0,0,0,0,Normal
tcp,http,INT,1.3744,161,17,26726,1343,129.5142,155568.33,7817.42,23,2,0.008536,0.080845,0.3256,0.0448,2088,476,380,8,0.000119,0.001419,0.003654,166,79,1,144,64,32,0,0,8,1,1,Botnet
udp,ssh,INT,1.2551,771,22,95604,440,631.8202,609377.4,2804.55,13,3,0.001628,0.05705,0.4645,0.0363,1044,680,6,279,0.005074,0.001628,0.000814,124,20,1,61,80,66,0,0,0,0,1,DoS
udp,-,INT,1.2569,9,37,5310,11951,54.89534999999999,27037.17,76064.31,0,28,0.1397,0.034,0.0088,0.0045,23030,3327847,6804101,20924,0.2937,0.0355,0.0666,472,323,0,4122,4,3,0,0,0,0,0,Normal
tcp,-,CON,6.6618,79,17,16293,11288,21.6156,15653.32,13555.41,61,0,0.0843,0.3919,0.0161,0.008,50751,4109120,9457682,51769,0.0665,0.0193,0.0989,165,664,1,3772,4,2,0,0,1,0,0,Normal
tcp,-,INT,6.4891,62,15,39137,5175,17.799149999999997,38600.14,6379.93,45,0,0.1047,0.4326,0.0012,0.0116,54347,9063539,983504,790,0.0164,0.0813,0.0862,505,345,1,4657,3,3,0,0,0,0,0,Normal
icmp,-,RST,1.3941,334,8,30394,120,245.3262,174419.73,688.63,8,0,0.004174,0.174258,0.1234,0.0884,770,34,721,557,0.005464,0.003714,0.000622,91,15,0,59,46,10,0,0,8,1,1,Exploit
tcp,http,CON,2.7878,31,4,1627,2620,18.8322,3736.32,7518.55,25,0,0.0899,0.6969,0.0165,0.0135,3161,474005,764317,17502,0.2537,0.0329,0.0916,42,655,2,341,4,3,0,0,0,0,0,Normal
udp,-,CON,6.9896,18,27,6232,14715,9.657150000000001,5706.76,16842.15,0,8,0.3883,0.2589,0.0053,0.0113,54116,7687074,3176316,57106,0.0315,0.0014,0.0614,277,545,0,2316,2,3,0,0,0,0,0,Normal
tcp,-,RST,0.1182,717,26,125475,2236,6286.9245,8493694.3,151360.04,7,4,0.000165,0.004545,0.1526,0.0337,1575,473,307,1768,0.003302,0.002338,0.003388,175,86,0,43,88,44,1,3,9,1,1,Backdoor
udp,http,CON,8.1896,74,11,29877,4378,15.568649999999998,23348.72,4276.66,63,0,0.1107,0.7445,0.0178,0.0132,21418,5016539,799846,5835,0.2852,0.0204,0.0899,323,398,1,2576,2,1,0,0,0,0,0,Normal
tcp,-,CON,5.5634,46,13,19952,6734,15.90765,22952.99,9683.34,33,0,0.1209,0.428,0.005,0.0026,61060,4994022,9245589,5806,0.0558,0.0974,0.0718,347,518,2,2937,1,4,0,0,1,0,0,Normal
tcp,dns,CON,3.4647,55,24,19387,9888,34.2024,35813.02,22831.67,30,0,0.063,0.1444,0.0172,0.0031,27187,9915375,6683288,10954,0.229,0.0426,0.0005,282,412,1,1528,1,1,0,0,1,0,0,Normal
tcp,dns,CON,6.1244,37,33,3237,15873,17.1444,3383.17,20733.98,2,0,0.1655,0.1856,0.008,0.0004,2887,5026824,5680790,17502,0.0165,0.0686,0.0944,70,481,1,2989,3,4,0,0,1,0,0,Normal
tcp,http,CON,0.2474,458,1,24732,4,1855.5095,799833.72,129.36,20,3,0.00054,0.247371,0.3044,0.0176,189,243,672,1673,0.000799,0.004188,0.000273,54,4,0,101,59,35,0,0,8,0,1,Botnet
udp,http,CON,5.9075,60,22,35175,10626,20.82105,38107.54,14389.86,37,0,0.0985,0.2685,0.0162,0.0118,59685,6983474,8448757,6257,0.1114,0.0275,0.0042,469,483,1,2563,2,1,0,0,1,0,0,Normal
icmp,ftp,INT,0.4914,323,22,27132,396,702.0344,441683.4,6446.51,5,2,0.001521,0.022338,0.4488,0.0661,1155,802,5,3938,0.001475,0.000899,0.000384,84,18,0,19,74,76,0,0,0,0,1,Botnet
tcp,http,INT,0.2398,41,4,13581,1904,281.4543,362429.65,63512.75,37,0,0.0058,0.06,0.0132,0.0055,25268,8049201,7290866,40382,0.0818,0.0978,0.0973,265,476,0,3595,1,4,0,0,1,0,0,Normal
icmp,-,RST,0.6278,504,15,81648,1320,826.7288,1040474.05,16821.3,27,6,0.001246,0.041852,0.138,0.0305,4059,490,470,4085,0.00033,0.000485,0.001149,162,88,1,9,39,69,0,0,7,1,1,Reconnaissance
tcp,dns,CON,9.0382,37,5,22153,1800,6.9705,15687.24,1593.24,30,0,0.2443,1.8076,0.004,0.0103,3220,9487563,4658781,12143,0.0048,0.0429,0.08,479,360,2,1412,3,1,0,0,0,0,0,Normal
tcp,-,FIN,8.7741,53,33,28421,14553,14.7024,20730.99,13269.04,19,0,0.1655,0.2659,0.0023,0.0189,30277,9826636,9003808,14774,0.1595,0.0741,0.0156,429,441,0,2907,1,3,0,0,1,0,0,Normal
tcp,http,INT,2.5614,62,54,12400,8154,67.9311,30982.83,25467.14,6,0,0.0413,0.0474,0.0195,0.0168,40251,4323058,1439449,44495,0.1846,0.0439,0.0465,160,151,1,3751,4,3,0,0,1,0,0,Normal
udp,dns,INT,7.5236,61,31,26230,7843,18.342299999999998,22312.79,8339.65,28,0,0.1233,0.2427,0.0055,0.0073,62868,9602308,8793640,32321,0.1105,0.0131,0.041,344,253,1,3295,2,3,0,0,0,0,0,Normal
tcp,http,CON,6.8342,45,39,22556,11739,18.43665,21123.06,13741.41,5,0,0.1519,0.1752,0.0162,0.0028,26965,2475582,9093285,23645,0.0519,0.0212,0.0655,401,301,2,2930,2,2,0,0,0,0,0,Normal
tcp,dns,CON,4.8156,31,33,21428,26268,19.93515,28479.12,43638.18,0,1,0.1553,0.1459,0.0093,0.0062,1385,1852812,8629643,19940,0.166,0.0846,0.0052,553,796,2,4367,1,4,0,0,0,0,0,Normal
udp,-,INT,5.7499,25,42,5343,21084,17.4786,5947.96,29334.91,0,16,0.23,0.1369,0.0034,0.0127,29235,613741,4975065,60313,0.0538,0.0133,0.0511,171,502,1,3346,4,4,0,0,0,0,0,Normal
tcp,ssl,CON,9.0948,50,18,34062,13050,11.2152,23969.75,11479.09,31,0,0.1819,0.5053,0.0184,0.0013,34335,8657316,5781070,53196,0.0864,0.0598,0.0172,545,725,0,4389,2,4,0,0,1,0,0,Normal
udp,-,CON,3.7151,59,5,30163,2905,25.84065,51963.37,6255.59,54,0,0.063,0.743,0.0172,0.0114,35269,9100489,8073262,29251,0.0502,0.0406,0.0435,409,581,2,448,3,3,0,0,1,0,0,Normal
tcp,-,INT,0.5842,395,24,16195,96,717.2547,221784.05,1314.68,7,8,0.001479,0.02434,0.0251,0.0232,4067,709,37,1227,0.000292,0.001228,0.001664,41,4,1,184,70,73,0,0,2,1,1,Analysis
udp,-,INT,5.487,63,1,6063,34,17.496,7072.76,49.57,60,0,0.0871,5.487,0.0138,0.0077,38865,8054800,9060517,164,0.117,0.0549,0.0519,77,34,1,163,4,4,0,0,1,0,0,Normal
tcp,dns,FIN,3.8614,68,9,37315,6768,29.9118,61847.71,14022.02,58,0,0.0568,0.429,0.0036,0.0046,31701,7174820,1796524,42051,0.2037,0.0255,0.066,439,752,1,1163,2,2,0,0,1,0,0,Normal
tcp,http,INT,2.6126,22,45,7562,19935,38.4681,18525.94,61043.74,0,22,0.1188,0.0581,0.0013,0.0103,63068,2558349,6048883,39435,0.0332,0.0199,0.02,275,443,1,3544,4,3,0,0,0,0,0,Normal
icmp,-,RST,0.7466,219,29,15549,2494,332.1526,166601.34,26722.22,38,7,0.003409,0.025746,0.3793,0.0051,473,574,475,1395,0.005912,0.003565,0.000231,71,86,0,2,55,47,0,0,7,1,1,Reconnaissance
tcp,ssl,INT,9.1155,32,42,14400,29022,12.177150000000001,10110.27,25470.5,0,10,0.2849,0.217,0.0029,0.0196,8706,1728752,9204070,41569,0.2502,0.0732,0.0972,360,691,1,3132,1,2,0,0,1,0,0,Normal
udp,-,CON,9.4947,16,12,10160,3576,4.4235,6848.45,3013.05,4,0,0.5934,0.7912,0.0103,0.0043,18366,7130320,3558170,60970,0.2598,0.0348,0.0823,508,298,1,2556,2,4,0,0,0,0,0,Normal
tcp,http,CON,7.8352,30,18,8662,3672,9.1893,7075.72,3749.21,10,0,0.2612,0.4353,0.01,0.0061,51366,991137,1894950,60418,0.1252,0.0365,0.0119,231,204,0,4846,1,2,0,0,1,0,0,Normal
tcp,-,FIN,0.4585,66,55,23347,18975,395.89590000000004,325930.28,331112.92,9,0,0.0069,0.0083,0.0127,0.0183,27832,9925235,721911,7991,0.1523,0.0308,0.0286,283,345,0,2141,4,1,0,0,1,0,0,Normal
udp,ssl,CON,7.0504,1,8,248,3664,1.91475,225.8,4157.52,0,6,7.0504,0.8813,0.0148,0.0075,5023,4258200,7081010,33609,0.0944,0.0439,0.0362,199,458,0,3780,4,2,0,0,0,0,0,Normal
udp,dns,CON,1.5716,3,1,551,336,3.8178,2244.89,1710.4,1,0,0.5239,1.5716,0.0073,0.0097,28344,5702674,8405855,45266,0.1471,0.0306,0.0944,147,336,2,1132,1,1,0,0,0,0,0,Normal
icmp,ssh,INT,1.3588,201,7,36783,273,153.0797,216566.53,1607.34,36,5,0.00676,0.19411,0.0665,0.0865,3398,157,744,3484,0.007854,0.001193,0.002801,183,39,0,120,52,10,0,0,9,1,1,Worm
tcp,-,FIN,1.6643,78,33,48165,4422,100.04295,185218.23,21255.97,44,0,0.0213,0.0504,0.0016,0.0148,45745,4585146,1943574,63956,0.2469,0.061,0.0734,494,134,0,3422,3,4,0,0,1,0,0,Normal
tcp,ssl,FIN,0.314,60,7,32400,2611,320.08425,660424.44,66526.55,53,0,0.0052,0.0449,0.0059,0.0113,50914,4892876,7483885,39029,0.1011,0.0506,0.0888,432,373,2,4837,1,1,0,0,0,0,0,Normal
tcp,dns,INT,5.1047,60,48,22350,22176,31.735799999999998,28021.49,34754.17,12,0,0.0851,0.1063,0.013,0.0165,5470,9706137,6926501,17536,0.1021,0.0194,0.0038,298,462,2,2058,4,2,0,0,0,0,0,Normal
udp,http,FIN,8.7849,1,17,557,4216,3.0735,406.15,3839.31,0,14,8.7849,0.5168,0.0186,0.0172,26342,9464702,6539345,62188,0.2639,0.0178,0.051,446,248,1,3027,3,2,0,0,0,0,0,Normal
tcp,-,FIN,9.713,7,57,411,16017,9.88365,270.98,13192.16,0,48,1.3876,0.1704,0.0034,0.0185,64305,8282310,1942595,16366,0.1688,0.0452,0.0112,47,281,0,4165,1,2,0,0,0,0,0,Normal
udp,dns,INT,5.0608,22,13,10890,9906,10.37385,13771.74,15659.19,7,0,0.23,0.3893,0.0179,0.0197,9571,3803086,3315434,62747,0.0583,0.0908,0.0757,396,762,0,278,2,1,0,0,1,0,0,Normal
udp,http,FIN,4.8934,48,13,30360,2223,18.69885,39707.62,3634.31,33,0,0.1019,0.3764,0.0077,0.0144,23761,9419820,9918615,38009,0.2506,0.0899,0.0381,506,171,2,1986,1,2,0,0,1,0,0,Normal
udp,ssl,FIN,8.2225,53,43,20736,31347,17.51295,16140.16,30498.85,10,0,0.1551,0.1912,0.0192,0.0025,11417,8234455,9262961,61708,0.2567,0.0221,0.0124,313,729,1,180,3,4,0,0,0,0,0,Normal
udp,http,CON,4.9413,58,51,17907,15504,33.08865,23194.01,25101.21,5,0,0.0852,0.0969,0.0122,0.0107,55897,664817,8605913,11721,0.0058,0.0751,0.059,247,304,2,3125,4,2,0,0,0,0,0,Normal
tcp,-,INT,2.7596,32,59,6680,35223,49.46294999999999,15491.87,102108.91,0,26,0.0862,0.0468,0.0138,0.0011,34757,7747669,8826649,31523,0.0992,0.0448,0.0638,167,597,1,3472,4,4,0,0,1,0,0,Normal
udp,http,FIN,8.4156,5,45,1318,33435,8.911950000000001,1002.9,31783.78,0,40,1.6831,0.187,0.0142,0.0086,42407,3190840,9261383,44706,0.1912,0.002,0.0757,211,743,0,2949,2,4,0,0,1,0,0,Normal
tcp,-,RST,0.3894,219,18,41610,810,608.6496,854883.0,16641.56,44,1,0.001778,0.021633,0.0731,0.026,3140,31,973,2436,0.006875,0.000391,0.001163,190,45,0,49,40,75,0,0,0,0,1,Analysis
udp,http,FIN,4.3186,71,20,13490,12020,31.60755,19991.68,22266.49,49,0,0.0608,0.2159,0.0141,0.0015,49321,4765214,6631135,55029,0.1792,0.0619,0.0598,152,601,0,1214,4,4,0,0,0,0,0,Normal
udp,dns,CON,2.8125,30,36,21000,16164,35.199600000000004,47786.03,45976.99,0,5,0.0938,0.0781,0.0123,0.0029,34101,6325885,6631898,45595,0.2783,0.0782,0.0237,560,449,1,511,2,4,0,0,1,0,0,Normal
udp,http,CON,2.5509,69,42,35276,23268,65.27145,88505.8,72972.36,27,0,0.037,0.0607,0.0015,0.0152,26714,5213615,4911729,53007,0.1224,0.0502,0.0688,409,554,0,2005,1,3,0,0,1,0,0,Normal
icmp,ssh,RST,0.4929,723,8,104112,216,1483.1599,1689901.4,3506.02,13,2,0.000682,0.061608,0.3407,0.0913,694,837,682,2001,0.009978,0.004317,0.004753,144,27,1,35,45,57,0,0,3,0,1,Botnet
tcp,-,CON,9.5738,58,49,26027,8575,16.76445,17399.14,7165.39,9,0,0.1651,0.1954,0.0086,0.0185,8539,3248011,2847873,4237,0.0596,0.0512,0.0654,359,175,2,1711,3,3,0,0,0,0,0,Normal
udp,http,FIN,0.3725,37,21,25206,2583,233.5812,433118.73,55479.58,16,0,0.0101,0.0177,0.0115,0.0091,7061,2849038,6320748,3415,0.0207,0.0565,0.0337,545,123,0,2565,2,4,0,0,0,0,0,Normal
udp,dns,INT,6.9477,34,30,23460,17700,13.81755,21610.56,20380.8,4,0,0.2043,0.2316,0.0024,0.0112,1984,137593,9163219,60861,0.1876,0.0802,0.0209,552,590,0,1782,1,2,0,0,0,0,0,Normal
tcp,-,INT,0.955,764,2,71816,18,802.1279,601625.28,150.79,5,3,0.00125,0.47748,0.0765,0.0718,2319,806,762,1349,0.00643,0.002252,0.00467,94,9,1,46,69,58,0,0,2,0,1,DoS
udp,http,CON,2.3857,21,59,10815,413,50.2992,29012.54,1384.9,0,37,0.1136,0.0404,0.0014,0.006,20685,2937278,3823229,60291,0.0652,0.0377,0.0946,412,7,1,1178,4,1,0,0,1,0,0,Normal
tcp,-,RST,0.7762,663,7,31824,588,863.1661,327992.83,6060.2,17,5,0.001171,0.110887,0.3954,0.0765,122,211,270,2761,0.005495,0.004865,0.002605,48,84,0,105,61,73,0,0,8,1,1,Worm
tcp,http,CON,8.6493,36,17,15750,10064,9.1914,11654.06,9308.45,18,0,0.2403,0.5088,0.0097,0.0199,64429,8123965,6856012,56366,0.1346,0.0426,0.0084,350,592,2,1851,1,4,0,0,1,0,0,Normal
udp,dns,INT,9.0793,75,11,25687,8525,14.20815,18107.13,7511.6,62,0,0.1211,0.8254,0.0045,0.015,21340,7112398,4802125,7809,0.1914,0.0502,0.083,274,775,1,1793,4,3,0,0,0,0,0,Normal
tcp,dns,INT,7.8179,27,59,6412,9027,16.50045,5249.47,9237.22,0,32,0.2896,0.1325,0.0185,0.0086,52689,4176861,302142,39760,0.0119,0.0426,0.0094,190,153,2,3921,1,2,0,0,1,0,0,Normal
udp,ssl,INT,7.0741,78,41,51577,20049,25.23285,46662.62,22673.13,35,0,0.0907,0.1725,0.0141,0.0068,55263,9728349,8266035,22248,0.2425,0.0447,0.0127,529,489,2,3099,1,1,0,0,0,0,0,Normal
tcp,-,FIN,5.8591,72,23,45720,2162,24.320999999999998,49940.43,2951.97,49,0,0.0814,0.2547,0.0131,0.0038,33090,3327714,7681769,49048,0.0157,0.0791,0.0114,508,94,2,1854,1,2,0,0,0,0,0,Normal
udp,dns,INT,9.4483,44,8,24365,4672,8.2554,16504.05,3955.82,34,0,0.2147,1.181,0.0016,0.0163,33809,910931,1544523,1258,0.2963,0.0355,0.0943,443,584,2,847,2,2,0,0,0,0,0,Normal
udp,ssl,FIN,9.7409,28,58,6160,29870,13.243199999999998,4047.27,24531.62,0,28,0.3479,0.1679,0.0141,0.0191,38082,874124,6992372,41704,0.009,0.0655,0.0193,176,515,0,4587,2,2,0,0,1,0,0,Normal
udp,-,CON,6.8367,74,14,7955,10290,19.30755,7446.85,12040.88,60,0,0.0924,0.4883,0.0007,0.0128,54693,4317249,502204,54132,0.2203,0.0569,0.0639,86,735,1,3940,1,1,0,0,0,0,0,Normal
tcp,ssl,INT,8.3966,59,3,11726,1524,11.075849999999999,8937.87,1452.01,54,0,0.1423,2.7989,0.0056,0.0089,30754,3138281,8016177,61939,0.273,0.0348,0.0891,159,508,1,4827,4,2,0,0,1,0,0,Normal
tcp,-,CON,6.2844,40,8,15500,144,11.457,15785.23,183.31,31,0,0.1571,0.7855,0.0093,0.0112,16440,3106835,3300781,57140,0.0396,0.0175,0.0504,310,18,0,4178,2,2,0,0,0,0,0,Normal
udp,dns,INT,5.266,50,37,8625,23347,24.7815,10482.3,35468.15,12,0,0.1053,0.1423,0.0042,0.0138,11025,4687418,4246039,32348,0.2712,0.0484,0.0343,138,631,1,1981,2,2,0,0,1,0,0,Normal
tcp,ssl,FIN,4.441,34,47,8797,14617,27.35895,12678.33,26331.22,0,11,0.1306,0.0945,0.0077,0.0022,39362,229808,2956930,35072,0.2596,0.0433,0.0569,207,311,0,2926,2,4,0,0,0,0,0,Normal
udp,-,FIN,5.1701,3,48,1046,18336,14.7966,1295.14,28372.37,0,45,1.7234,0.1077,0.0105,0.0067,46749,9412332,9195443,20314,0.0328,0.0623,0.0974,279,382,2,3258,3,3,0,0,0,0,0,Normal
udp,-,INT,1.2242,249,4,46314,116,206.6575,302644.59,758.02,14,7,0.004917,0.306062,0.3774,0.0663,148,91,700,1271,0.000526,0.002432,0.001394,186,29,0,126,64,46,0,0,3,0,1,Shellcode
tcp,http,INT,8.7426,16,54,6380,16200,12.010200000000001,4670.47,14824.0,0,37,0.5464,0.1619,0.0172,0.0035,53174,9342021,1426140,50854,0.2808,0.0266,0.0366,319,300,0,3655,3,2,0,0,0,0,0,Normal
tcp,-,INT,8.3095,78,28,4290,10220,19.13475,3304.18,9839.36,50,0,0.1065,0.2968,0.0179,0.016,12727,2593685,649421,34671,0.031,0.0087,0.0958,44,365,1,323,2,3,0,0,0,0,0,Normal
tcp,http,CON,4.3802,61,19,11285,3287,27.396299999999997,16488.91,6003.44,41,0,0.0718,0.2305,0.0164,0.0161,21485,7544303,2973390,60870,0.1442,0.0455,0.0441,148,173,2,3431,2,4,0,0,1,0,0,Normal
udp,-,CON,2.6129,27,29,4961,5336,32.148450000000004,12152.13,16337.55,0,1,0.0968,0.0901,0.003,0.0162,57032,9702787,9453588,64794,0.0158,0.023,0.0995,147,184,0,3852,3,4,0,0,0,0,0,Normal
tcp,dns,FIN,7.6497,52,40,32240,5240,18.0399,26973.05,5479.95,12,0,0.1471,0.1912,0.0048,0.0185,30703,5482038,9412569,49296,0.0535,0.081,0.0335,496,131,2,1340,3,1,0,0,1,0,0,Normal
tcp,http,REQ,1.4429,365,9,52925,180,259.2061,293443.45,998.01,1,0,0.003953,0.160319,0.2431,0.0285,1858,847,988,81,0.007005,0.00051,0.002935,145,20,0,126,72,20,0,4,4,0,1,Backdoor
udp,ssh,CON,1.0726,369,4,46863,128,347.7437,349518.73,954.66,30,2,0.002907,0.268157,0.1271,0.0468,3520,138,438,2314,0.00022,0.00125,0.000893,127,32,1,36,58,58,0,0,0,0,1,Exploit
udp,dns,INT,4.3342,55,35,16431,6545,31.14765,24262.83,12080.66,19,0,0.0788,0.1238,0.0132,0.0055,64747,1744127,5082090,55887,0.0349,0.066,0.0523,239,187,0,3376,2,4,0,0,1,0,0,Normal
icmp,-,CON,1.4374,706,25,115784,225,508.5732,644428.29,1252.3,5,5,0.002036,0.057494,0.0676,0.0637,695,630,67,306,0.003559,0.001181,0.001822,164,9,0,41,79,35,0,0,7,1,1,DoS
udp,-,FIN,9.3315,40,48,2550,7056,14.14575,1748.92,6049.21,0,6,0.2333,0.1944,0.0024,0.01,31324,8835272,635618,7933,0.0737,0.0984,0.0848,51,147,2,263,3,1,0,0,0,0,0,Normal
udp,dns,INT,1.8287,42,16,21840,10608,47.575199999999995,76435.2,46407.09,26,0,0.0435,0.1143,0.0064,0.012,5373,9548425,8909204,6748,0.0268,0.0853,0.0985,416,663,1,1759,1,2,0,0,0,0,0,Normal
udp,http,INT,0.9505,53,51,9142,4233,164.12310000000002,61558.78,35627.33,0,0,0.0179,0.0186,0.0198,0.0036,53334,585545,1537667,24783,0.0993,0.0381,0.0979,138,83,0,3950,1,1,0,0,1,0,0,Normal
tcp,http,CON,4.8487,59,49,4203,25725,33.41115,5548.72,42444.52,10,0,0.0822,0.099,0.0017,0.0172,45145,6752760,3684538,42025,0.0201,0.0281,0.0254,57,525,0,3128,2,3,0,0,0,0,0,Normal
tcp,ssl,INT,1.4142,78,30,23887,10830,114.54990000000001,108101.22,61263.01,46,0,0.0181,0.0471,0.0138,0.0129,61651,9251132,4416331,20769,0.1741,0.0584,0.0643,245,361,0,2725,2,2,0,0,0,0,0,Normal
udp,http,INT,7.3348,7,30,3298,2670,7.566600000000001,2878.32,2912.13,0,21,1.0478,0.2445,0.0135,0.0041,37794,5691848,6519617,2235,0.0578,0.092,0.043,377,89,1,4661,4,3,0,0,1,0,0,Normal
tcp,ftp,RST,1.139,76,3,3496,18,69.3589,24554.82,126.43,35,9,0.014987,0.379667,0.2208,0.0282,1404,546,358,1579,0.009753,0.004123,0.001584,46,6,0,174,33,32,0,0,6,0,1,Generic
tcp,ssl,INT,0.5969,7,53,3482,40545,150.78945000000002,37342.18,543445.29,0,44,0.0853,0.0113,0.0042,0.0083,59261,4461125,9309224,48778,0.0826,0.0153,0.0622,398,765,0,799,2,4,0,0,0,0,0,Normal
tcp,dns,CON,6.9122,67,48,31406,22800,24.9558,29078.85,26387.97,19,0,0.1032,0.144,0.0135,0.0082,6794,2625506,4032571,63491,0.246,0.0122,0.0837,375,475,0,3340,1,1,0,0,1,0,0,Normal
udp,http,CON,8.5678,70,1,29662,749,12.430349999999999,22157.41,699.36,67,0,0.1224,8.5678,0.0018,0.0032,4748,4595134,9821111,792,0.1802,0.0076,0.0713,339,749,1,2784,3,4,0,0,0,0,0,Normal
icmp,http,INT,0.8355,604,18,65232,738,744.4828,624618.66,7066.6,31,6,0.001383,0.046416,0.4956,0.0424,1777,597,65,2211,0.006103,0.003671,0.001241,108,41,1,77,52,74,0,0,5,0,1,Exploit
udp,http,FIN,8.6407,11,51,838,1173,10.7631,621.25,1086.03,0,38,0.7855,0.1694,0.0163,0.0087,10732,9882168,7455843,21766,0.017,0.0529,0.0765,61,23,2,2750,1,3,0,0,0,0,0,Normal
udp,dns,INT,3.168,47,13,26085,3562,28.40865,52696.27,8994.83,34,0,0.0674,0.2437,0.0079,0.0024,55376,8358866,2923448,55084,0.233,0.0971,0.069,444,274,0,4927,3,2,0,0,1,0,0,Normal
udp,http,INT,8.1107,29,59,17472,33217,16.27485,13787.27,32763.74,0,29,0.2797,0.1375,0.0073,0.0028,60499,8862850,4462078,3412,0.0424,0.0489,0.0853,482,563,0,3708,4,3,0,0,1,0,0,Normal
tcp,http,FIN,1.6765,69,9,35966,5238,69.78795,137299.73,24994.82,59,0,0.0243,0.1863,0.0191,0.0038,49062,4231619,477779,12791,0.0757,0.0412,0.0775,417,582,2,4874,4,3,0,0,0,0,0,Normal
tcp,dns,INT,7.9302,56,52,4760,14560,20.4282,3841.5,14688.07,3,0,0.1416,0.1525,0.0036,0.0136,39517,7524342,6858575,56992,0.2919,0.0337,0.072,68,280,1,1683,2,1,0,0,0,0,0,Normal
icmp,-,REQ,0.6944,349,0,49209,0,502.5944,566926.47,0.0,45,2,0.00199,0.694397,0.3741,0.0196,2407,771,382,1229,0.007657,0.000337,0.00469,141,0,0,110,42,18,0,0,6,1,1,Analysis
udp,dns,INT,1.9409,54,34,14647,16864,68.01060000000001,48299.91,69510.98,20,0,0.0359,0.0571,0.0163,0.0191,6678,3339989,7180527,33087,0.0339,0.0695,0.0975,217,496,0,4970,1,2,0,0,0,0,0,Normal
udp,dns,FIN,1.0959,30,27,15900,20466,78.0171,92853.99,149398.57,3,0,0.0365,0.0406,0.0048,0.0091,25217,9176830,3247535,2382,0.1354,0.0934,0.0345,424,758,0,4303,4,2,0,0,1,0,0,Normal
udp,dns,CON,9.1555,66,52,7672,23712,19.33275,5363.36,20719.44,13,0,0.1387,0.1761,0.0034,0.0151,46020,9703583,8886946,48006,0.1562,0.0927,0.0961,93,456,0,3313,4,1,0,0,1,0,0,Normal
udp,ssl,CON,7.4749,10,46,800,22310,11.237549999999999,684.96,23877.27,0,36,0.7475,0.1625,0.0173,0.0021,29891,7702358,9809005,7112,0.0417,0.0251,0.0408,64,485,2,1321,2,1,0,0,1,0,0,Normal
icmp,http,CON,0.4645,772,15,69480,240,1694.2611,1196617.65,4133.39,13,7,0.000602,0.030967,0.101,0.0813,3036,882,433,1337,0.007042,0.003757,0.000875,90,16,0,49,48,73,0,0,8,1,1,DoS
udp,ssl,FIN,7.7276,2,29,900,22910,6.017399999999999,745.38,23717.48,0,27,3.8638,0.2665,0.0035,0.0156,44795,4113409,1615197,25372,0.1612,0.033,0.0839,360,790,2,1488,2,1,0,0,1,0,0,Normal
tcp,-,CON,2.37,72,10,25470,6680,51.899249999999995,68780.34,22548.72,62,0,0.0329,0.237,0.0055,0.0038,20163,5517610,6632862,20867,0.0763,0.0227,0.0204,283,668,1,155,1,4,0,0,1,0,0,Normal
tcp,http,INT,0.8553,48,35,8100,18235,145.55835,60608.42,170554.7,12,0,0.0178,0.0244,0.0195,0.0178,32187,5117346,4992096,5939,0.2688,0.0194,0.0341,135,521,0,4027,2,3,0,0,1,0,0,Normal
udp,-,CON,1.9874,21,6,11602,4074,20.37795,37362.64,16398.99,13,0,0.0946,0.3312,0.0161,0.0094,1746,6179284,5556762,36945,0.1944,0.0512,0.0543,442,679,0,4139,3,3,0,0,1,0,0,Normal
udp,http,FIN,8.3036,60,34,12375,14654,16.9806,9538.06,14118.26,26,0,0.1384,0.2442,0.0051,0.0154,27137,6371177,8667392,32341,0.0505,0.014,0.0131,165,431,2,2018,4,3,0,0,0,0,0,Normal
tcp,dns,FIN,6.1949,55,46,26262,14168,24.4557,27132.04,18296.37,8,0,0.1126,0.1347,0.0078,0.0133,16928,8802997,8878219,46767,0.1952,0.0389,0.0658,382,308,2,4445,4,2,0,0,0,0,0,Normal
icmp,http,CON,0.6953,784,13,99568,884,1146.2637,1145607.84,10171.11,48,4,0.000887,0.053485,0.0452,0.011,3141,119,610,3036,0.002163,0.002566,0.001712,127,68,1,83,55,69,0,0,3,0,1,DoS
tcp,ssl,CON,3.6272,30,54,11325,10476,34.73745,19982.33,23105.4,0,22,0.1209,0.0672,0.012,0.0035,13400,323339,7215186,3958,0.1609,0.0394,0.0496,302,194,0,319,3,4,0,0,1,0,0,Normal
tcp,http,INT,6.4109,52,6,18525,1572,13.57065,18493.59,1961.67,46,0,0.1233,1.0685,0.0012,0.0117,30993,7646561,8982386,8475,0.2502,0.008,0.0121,285,262,1,2910,4,1,0,0,0,0,0,Normal
udp,dns,CON,2.4076,69,13,34586,364,51.087450000000004,91937.49,1209.49,55,0,0.0349,0.1852,0.0118,0.0131,6582,9936356,2831143,6959,0.0658,0.0682,0.0769,401,28,1,2913,1,3,0,0,0,0,0,Normal
tcp,-,FIN,2.7647,27,48,9315,19200,40.69155,21563.3,55557.62,0,20,0.1024,0.0576,0.007,0.0079,13118,4263355,6509917,13225,0.1531,0.0423,0.078,276,400,1,1343,2,1,0,0,0,0,0,Normal
icmp,-,CON,0.8229,160,23,6880,1035,222.3737,66882.23,10061.5,32,7,0.005143,0.03578,0.197,0.0659,2086,388,384,513,0.003063,4.3e-05,0.000289,43,45,0,163,56,46,0,0,5,1,1,Reconnaissance
tcp,ssh,CON,0.1909,763,1,75537,66,4002.7554,3166032.81,2766.3,3,1,0.00025,0.190869,0.3105,0.0864,3464,94,996,1223,0.003466,0.001718,0.003283,99,66,1,104,61,66,0,0,3,1,1,Reconnaissance
udp,http,FIN,7.6887,32,57,8040,2793,17.3631,6692.43,2906.09,0,24,0.2403,0.1349,0.0097,0.0033,48579,918953,3353443,21522,0.2892,0.0389,0.0155,201,49,0,1258,2,4,0,0,0,0,0,Normal
udp,-,FIN,1.7032,21,16,5460,10640,32.5863,20517.0,49977.3,4,0,0.0811,0.1064,0.0068,0.0077,55272,6381806,3495235,7637,0.064,0.0464,0.081,208,665,0,4915,3,3,0,0,1,0,0,Normal
tcp,http,CON,3.6654,36,6,10395,1638,17.18775,18150.19,3575.04,28,0,0.1018,0.6109,0.0085,0.013,6131,6560575,6333124,48503,0.0007,0.0645,0.0267,231,273,0,2171,4,3,0,0,0,0,0,Normal
udp,http,CON,4.238,56,14,32340,280,24.77565,48837.77,528.55,42,0,0.0757,0.3027,0.0084,0.013,24156,2530690,7698175,39425,0.2823,0.0868,0.0646,462,20,2,3573,4,2,0,0,0,0,0,Normal
tcp,-,CON,0.004,48,1,12540,706,18192.0654,19864250.3,1397942.65,47,0,0.0001,0.004,0.003,0.009,15065,5383718,5236944,4149,0.133,0.0618,0.0549,209,706,2,3564,2,1,0,0,0,0,0,Normal
tcp,ssl,CON,6.0142,36,15,21960,1860,12.72,23368.86,2474.16,19,0,0.1671,0.4009,0.0171,0.0034,25768,7679495,4393665,21607,0.0607,0.0327,0.0416,488,124,1,2521,2,2,0,0,0,0,0,Normal
tcp,-,CON,4.0988,1,35,652,9100,13.17465,1018.84,17761.39,0,32,4.0988,0.1171,0.0133,0.0037,33243,8981356,4573165,19493,0.1083,0.0948,0.0303,522,260,1,2158,3,2,0,0,0,0,0,Normal
icmp,http,REQ,0.7511,434,26,85498,572,612.457,910675.59,6092.62,44,1,0.001731,0.028887,0.3839,0.0242,2884,130,477,818,0.006897,0.003068,0.000372,197,22,1,58,46,71,1,3,2,0,1,Backdoor
tcp,ssl,CON,1.3988,46,4,29325,40,53.617799999999995,134173.29,228.77,42,0,0.0304,0.3497,0.0106,0.0093,3499,3591904,6012078,26175,0.0756,0.0053,0.0752,510,10,1,2666,4,2,0,0,0,0,0,Normal
tcp,dns,INT,8.4858,4,40,1725,6080,7.7778,1301.0,5731.96,0,34,2.1214,0.2121,0.0033,0.0114,48836,7106028,6805629,45579,0.096,0.0215,0.0001,345,152,2,3286,1,4,0,0,1,0,0,Normal
udp,dns,CON,0.2007,37,50,24373,17150,650.2923000000001,777321.06,683678.96,0,13,0.0054,0.004,0.0006,0.0149,28445,3576070,9881244,13928,0.0771,0.0342,0.0019,527,343,2,1668,3,2,0,0,0,0,0,Normal
tcp,ssh,RST,0.1784,481,2,82251,138,2707.384,3688365.1,6188.31,27,6,0.000371,0.0892,0.2671,0.0266,2271,798,557,3441,0.004309,0.000571,0.004139,171,69,0,195,96,52,0,0,2,0,1,Shellcode
udp,dns,CON,9.4865,28,32,19635,2784,9.4872,13246.6,2347.76,0,4,0.3388,0.2965,0.0056,0.0186,29357,7919377,7244803,32266,0.2553,0.0706,0.0117,561,87,0,3346,2,1,0,0,0,0,0,Normal
udp,-,FIN,9.7473,76,18,51300,4968,14.46555,33683.05,4077.42,57,0,0.1283,0.5415,0.0062,0.0027,20287,8099002,9308710,53940,0.204,0.0262,0.0943,540,276,1,4823,2,2,0,0,1,0,0,Normal
tcp,ssl,CON,7.7328,58,5,16530,2715,12.22065,13680.92,2808.81,53,0,0.1333,1.5466,0.0056,0.0029,211,7913374,2348192,52596,0.1462,0.0644,0.0402,228,543,2,1017,3,1,0,0,0,0,0,Normal
tcp,ftp,INT,0.9581,724,23,57196,2139,779.6497,477567.29,17859.93,6,0,0.001323,0.041658,0.0733,0.077,1057,821,944,3942,0.000563,0.003476,0.001916,79,93,0,75,76,53,0,0,5,0,1,Worm
tcp,ftp,REQ,1.2105,277,25,29085,2050,249.4916,192224.19,13548.55,32,8,0.00437,0.048418,0.4226,0.029,488,420,215,2946,0.000129,0.002383,0.002892,105,82,1,48,31,27,0,0,4,0,1,Analysis
tcp,-,INT,7.9344,40,10,29600,3230,9.452399999999999,23875.69,3256.69,28,0,0.1984,0.7934,0.0113,0.0051,56367,3022336,1068706,9782,0.0814,0.0997,0.0895,592,323,2,37,4,1,0,0,1,0,0,Normal
udp,http,CON,9.3211,31,16,10230,3840,7.56345,7024.04,3295.74,13,0,0.3007,0.5826,0.0048,0.0028,46448,4301186,5677162,50451,0.2769,0.0144,0.0789,264,240,1,757,4,2,0,0,0,0,0,Normal
tcp,dns,FIN,3.5135,59,53,6858,36464,47.81595,12493.63,83026.75,6,0,0.0596,0.0663,0.0141,0.011,2673,544237,6403969,37785,0.2196,0.0588,0.068,93,688,0,2463,4,3,0,0,0,0,0,Normal
udp,dns,FIN,6.8067,37,28,17297,19208,14.324100000000001,16264.0,22575.44,9,0,0.184,0.2431,0.0102,0.0178,36675,7559353,9457337,46407,0.1247,0.0231,0.0744,374,686,2,2174,4,4,0,0,1,0,0,Normal
tcp,http,FIN,7.7689,42,2,11970,562,8.4954,9860.87,578.72,39,0,0.185,3.8844,0.0148,0.0014,53482,5582174,9814365,10769,0.1857,0.0846,0.0065,228,281,2,92,4,2,0,0,1,0,0,Normal
tcp,ssl,CON,6.7636,2,4,1015,1832,1.3306499999999999,960.44,2166.89,0,2,3.3818,1.6909,0.0192,0.0075,44062,9837304,8259698,10452,0.2872,0.0075,0.0951,406,458,2,1258,4,2,0,0,1,0,0,Normal
udp,dns,CON,4.4259,8,54,1390,108,21.0126,2009.98,195.21,0,45,0.5532,0.082,0.0097,0.0104,44755,1492994,600311,39557,0.2157,0.0319,0.0326,139,2,2,3160,1,2,0,0,1,0,0,Normal
udp,-,INT,8.2364,38,53,14915,14045,16.5729,11589.6,13641.96,0,14,0.2167,0.1554,0.0116,0.0024,22622,7034532,8928408,36209,0.0337,0.0653,0.067,314,265,2,2094,4,1,0,0,1,0,0,Normal
tcp,ssh,CON,0.6151,117,27,16848,2673,234.0911,219109.26,34762.53,18,5,0.005258,0.022783,0.4704,0.0007,2535,568,205,23,0.009784,0.002154,0.002122,144,99,1,161,57,51,0,0,6,1,1,Shellcode
icmp,http,REQ,1.4561,491,7,58920,525,342.0091,323713.71,2884.41,13,0,0.002966,0.208014,0.3843,0.0544,3656,825,867,384,0.004097,0.004662,0.001827,120,75,0,62,60,50,0,2,5,1,1,Backdoor
udp,-,CON,8.3813,40,23,11600,17342,11.2752,8857.84,16553.08,17,0,0.2095,0.3644,0.0064,0.0026,11458,5667648,1691648,58138,0.0328,0.0176,0.0518,232,754,1,3402,3,1,0,0,1,0,0,Normal
tcp,http,FIN,2.4288,27,21,12251,210,29.644800000000004,32283.21,691.71,6,0,0.09,0.1157,0.0136,0.0135,7887,9129354,5304218,29514,0.0429,0.0622,0.0771,363,10,1,2766,3,2,0,0,1,0,0,Normal
tcp,ssh,RST,0.1928,533,8,97539,128,2805.6385,4046716.06,5310.49,17,9,0.000362,0.024103,0.22,0.0661,1582,788,245,1595,0.00368,0.0046,0.003805,183,16,1,3,39,50,1,2,6,0,1,Backdoor
udp,-,INT,0.8054,601,14,27646,924,763.5964,274606.65,9178.06,30,2,0.00134,0.057529,0.0378,0.0784,4030,829,730,2027,0.003073,0.0002,0.003704,46,66,0,113,42,25,0,0,5,1,1,Reconnaissance
tcp,ssl,CON,8.7509,48,32,9540,16640,13.71285,6977.12,15212.18,14,0,0.1823,0.2735,0.0188,0.0163,64146,5328640,8342236,52131,0.0725,0.0005,0.049,159,520,1,4685,3,2,0,0,0,0,0,Normal
tcp,http,INT,3.7169,33,40,22233,14600,29.46015,38283.72,31424.21,0,6,0.1126,0.0929,0.007,0.0019,44411,2786407,1899833,6921,0.2213,0.0055,0.0869,539,365,1,682,4,1,0,0,1,0,0,Normal
udp,ssh,RST,0.7707,431,22,70253,638,587.7534,729208.6,6622.28,21,7,0.001788,0.035033,0.4253,0.0105,1862,7,641,1439,0.004933,0.002872,0.001831,163,29,0,129,33,74,0,0,5,0,1,Exploit
udp,ssl,INT,7.6992,42,54,3097,33696,18.7032,2574.81,35012.44,0,12,0.1833,0.1426,0.0142,0.004,62760,5981284,4685205,55937,0.0133,0.0511,0.0448,59,624,1,3046,4,2,0,0,1,0,0,Normal
udp,ssl,CON,9.4673,74,20,9157,13700,14.893350000000002,6190.54,11576.64,52,0,0.1279,0.4734,0.0067,0.0012,1211,9014815,2734164,17038,0.183,0.0823,0.048,99,685,0,3699,2,4,0,0,0,0,0,Normal
tcp,-,REQ,1.3527,89,20,13528,800,80.5778,80004.1,4731.17,26,9,0.015199,0.067637,0.2982,0.0983,3163,38,618,183,0.00097,0.004495,0.000792,152,40,0,127,98,52,0,0,0,0,1,Analysis
udp,-,FIN,4.8434,61,43,19825,32809,32.20905,26196.67,54192.1,16,0,0.0794,0.1126,0.0183,0.0108,44708,2783371,2932859,14767,0.2644,0.0342,0.0115,260,763,2,748,1,1,0,0,0,0,0,Normal
icmp,ssh,CON,0.9967,638,8,53592,656,648.1672,430174.32,5265.61,28,4,0.001562,0.124582,0.1446,0.0131,1928,445,134,3602,0.000999,0.002498,0.004921,84,82,0,12,97,51,0,0,0,1,1,Analysis
udp,-,FIN,4.3912,72,12,41580,8580,28.69395,60601.67,15631.38,58,0,0.061,0.3659,0.0163,0.012,12100,4344193,9142839,53514,0.1719,0.0167,0.0505,462,715,0,1934,1,4,0,0,0,0,0,Normal
tcp,dns,CON,1.537,17,13,5057,3770,29.2779,21059.27,19622.7,2,0,0.0904,0.1182,0.0187,0.0123,54501,4240217,6173394,3868,0.0791,0.0252,0.0009,238,290,0,1102,1,3,0,0,0,0,0,Normal
tcp,ftp,CON,1.376,607,17,58272,374,453.4949,338795.59,2174.45,28,0,0.002267,0.08094,0.0237,0.0509,10,932,195,112,0.002236,0.003042,0.001882,96,22,0,160,49,79,0,0,1,1,1,Exploit
udp,ssl,CON,5.2386,63,38,11182,22192,28.92015,13661.74,33890.15,23,0,0.0832,0.1379,0.0123,0.0029,37014,609488,4212033,53081,0.2991,0.0045,0.0009,142,584,0,1056,3,3,0,0,1,0,0,Normal
tcp,dns,CON,4.2489,10,22,6912,7084,11.2971,10412.17,13338.12,0,11,0.4249,0.1931,0.0112,0.0122,51206,2362549,5647894,45058,0.2836,0.0757,0.0929,553,322,2,4885,3,1,0,0,0,0,0,Normal
tcp,dns,CON,1.9949,66,12,14520,1644,58.648199999999996,46581.73,6592.66,53,0,0.0302,0.1662,0.0132,0.014,6723,4332042,7903405,50951,0.0628,0.0553,0.0761,176,137,1,3684,1,4,0,0,0,0,0,Normal
udp,ssl,FIN,0.5341,44,1,27665,693,126.37530000000001,331488.78,10379.62,43,0,0.0121,0.5341,0.0005,0.0123,48929,8590876,9986057,16146,0.2557,0.099,0.0082,503,693,0,3131,4,2,0,0,0,0,0,Normal
udp,ssl,INT,9.2265,69,29,41486,9744,15.932400000000001,28777.17,8448.73,40,0,0.1337,0.3182,0.0014,0.0022,48216,9157958,7508323,31513,0.2628,0.0132,0.0018,481,336,2,569,1,4,0,0,0,0,0,Normal
tcp,ftp,RST,0.5899,203,25,33495,1450,386.513,454254.5,19664.7,0,0,0.002906,0.023596,0.3271,0.0713,2675,642,810,2979,0.004869,0.00282,0.002708,165,58,1,26,90,21,0,0,6,0,1,Worm
udp,http,CON,0.6705,6,8,2752,5384,31.320299999999996,26273.22,64239.33,0,2,0.1117,0.0838,0.0172,0.0107,7672,7744038,135268,14732,0.2281,0.0203,0.0522,367,673,2,2777,2,3,0,0,0,0,0,Normal
tcp,http,CON,0.1059,291,2,12222,192,2766.6398,923245.63,14503.61,20,5,0.000364,0.052952,0.458,0.0846,2811,28,816,3092,0.003827,3.2e-05,0.000414,42,96,1,99,66,10,1,3,8,1,1,Backdoor
udp,http,CON,0.2483,45,30,11081,1890,453.09285,285629.7,60895.67,13,0,0.0055,0.0083,0.012,0.0075,2176,3541619,982719,42489,0.215,0.0542,0.0036,197,63,2,30,1,1,0,0,1,0,0,Normal
tcp,-,CON,0.4518,26,2,6857,1486,92.9679,97147.05,26314.35,22,0,0.0174,0.2259,0.0076,0.0121,48643,195623,3319911,10788,0.1204,0.055,0.0332,211,743,2,4644,3,2,0,0,1,0,0,Normal
udp,-,FIN,1.5491,79,41,29723,12874,116.19389999999999,122798.94,66483.6,38,0,0.0196,0.0378,0.0162,0.0059,61042,7774965,9210096,30579,0.2876,0.0075,0.0761,301,314,2,3964,1,3,0,0,0,0,0,Normal
tcp,ssl,INT,8.9736,47,54,12631,28188,16.8828,9008.61,25129.6,0,7,0.1909,0.1662,0.0001,0.0117,34466,7008189,436070,37630,0.0069,0.0422,0.056,215,522,2,1377,1,1,0,0,1,0,0,Normal
udp,-,CON,1.4552,140,0,24360,0,96.2088,133922.71,0.0,5,5,0.010394,1.455168,0.0981,0.0035,2786,724,22,2953,0.000407,0.003444,0.000529,174,0,1,65,91,67,0,2,8,1,1,Backdoor
tcp,-,FIN,5.3115,60,43,18975,26789,29.087699999999998,22863.45,40348.42,16,0,0.0885,0.1235,0.007,0.0147,21840,4139361,1346777,60779,0.1939,0.0137,0.0787,253,623,2,3335,3,3,0,0,0,0,0,Normal
udp,ssl,CON,1.8478,68,21,34340,441,72.24975,118942.0,1909.34,46,0,0.0272,0.088,0.0162,0.0028,39716,3523508,9108595,51501,0.0268,0.022,0.094,404,21,1,4073,4,1,0,0,1,0,0,Normal
tcp,http,CON,6.8534,9,58,4860,45182,14.664299999999999,4538.49,52741.3,0,48,0.7615,0.1182,0.0168,0.0014,37603,3887747,6607450,10003,0.1892,0.094,0.0045,432,779,2,441,4,2,0,0,1,0,0,Normal
udp,-,FIN,5.8238,19,43,9120,29197,15.969000000000001,10022.32,40107.12,0,23,0.3065,0.1354,0.006,0.0106,27367,1626212,3483696,16010,0.063,0.0321,0.0353,384,679,0,3156,3,2,0,0,0,0,0,Normal
tcp,ssl,CON,2.4033,62,1,34332,737,39.321149999999996,91428.14,2453.31,59,0,0.0388,2.4033,0.0081,0.0123,39049,7516229,8322666,53851,0.2628,0.0157,0.023,443,737,0,969,1,1,0,0,0,0,0,Normal
udp,-,CON,3.3004,27,13,10935,273,18.1794,21204.46,661.73,13,0,0.1222,0.2539,0.0048,0.0161,37350,8032047,6241153,43155,0.1895,0.0384,0.0694,324,21,2,2238,2,3,0,0,1,0,0,Normal
udp,ssh,REQ,0.189,65,26,9490,2470,481.4788,401690.89,104549.68,23,2,0.002908,0.007269,0.1302,0.08,1595,602,418,1923,0.006443,0.003879,0.004612,146,95,0,170,20,56,0,0,2,1,1,Analysis
udp,http,INT,5.0932,28,37,11095,18130,19.14315,13941.69,28477.11,0,8,0.1819,0.1377,0.0165,0.0128,63317,7739099,1815475,35819,0.2495,0.0997,0.0741,317,490,1,2007,1,4,0,0,1,0,0,Normal
udp,ssl,FIN,7.9436,2,17,350,4182,3.5878500000000004,281.99,4211.72,0,13,3.9718,0.4673,0.0192,0.0148,13828,775444,4511562,26227,0.0185,0.024,0.0154,140,246,0,4625,1,3,0,0,1,0,0,Normal
udp,dns,CON,2.9133,12,4,4485,884,8.23815,9852.86,2427.52,8,0,0.2428,0.7283,0.0163,0.0091,62061,6439340,7682241,6409,0.0306,0.0252,0.056,299,221,2,4165,1,4,0,0,1,0,0,Normal
tcp,http,RST,0.2418,793,12,128466,756,3329.3078,4250463.19,25013.23,48,4,0.000305,0.020149,0.1181,0.039,2906,384,801,608,0.009495,0.001048,0.002334,162,63,1,52,56,53,0,0,6,1,1,Worm
icmp,ssh,RST,0.5983,232,23,43616,1840,426.2405,583244.03,24604.94,30,7,0.002579,0.026011,0.1796,0.0925,48,217,480,1929,0.000235,0.002592,0.00112,188,80,1,130,46,75,0,0,5,1,1,Shellcode
tcp,ssl,INT,5.3989,15,0,1743,0,4.1674500000000005,2067.09,0.0,15,0,0.3599,5.3989,0.0196,0.0167,52532,9571747,4568478,38215,0.0137,0.0725,0.0166,93,0,1,2024,3,4,0,0,1,0,0,Normal
udp,http,REQ,1.0753,354,2,16284,94,331.0564,121144.31,699.31,23,0,0.003038,0.537673,0.2006,0.0336,2145,866,101,4092,0.007169,0.004622,0.00024,46,47,1,149,52,16,0,0,7,0,1,Analysis
icmp,ssh,CON,0.2581,390,18,37050,1764,1580.654,1148298.65,54672.03,20,6,0.000662,0.01434,0.0676,0.0809,1277,210,632,1148,0.004877,0.002956,0.004116,95,98,1,176,22,30,0,0,7,1,1,Analysis
tcp,http,REQ,1.1807,309,6,17613,6,266.8011,119343.95,40.66,31,8,0.003821,0.196776,0.3199,0.0533,2121,968,841,2045,0.008571,0.002464,0.004826,57,1,1,30,77,55,0,0,4,0,1,Botnet
udp,-,CON,5.9194,26,55,9230,41140,20.52555,9979.31,55599.77,0,28,0.2277,0.1076,0.0045,0.0126,3727,4565747,3493444,42012,0.2202,0.096,0.0031,284,748,0,1869,2,4,0,0,1,0,0,Normal
udp,http,CON,0.5123,771,3,148803,186,1510.747,2323552.38,2904.38,47,6,0.000664,0.170776,0.2151,0.0494,2834,221,885,3004,0.009662,0.002482,0.001507,193,62,1,89,86,76,0,0,0,1,1,Backdoor
udp,http,CON,4.1963,25,57,3562,5985,29.311799999999998,5433.4,11410.13,0,31,0.1679,0.0736,0.0148,0.0104,13970,3802097,5148834,38778,0.0898,0.0968,0.0877,114,105,2,33,3,1,0,0,1,0,0,Normal
tcp,-,CON,4.5542,32,56,17520,17976,28.9845,24620.98,31577.25,0,24,0.1423,0.0813,0.0136,0.0132,61112,2306787,9873249,50458,0.1752,0.0298,0.0346,438,321,1,4794,4,4,0,0,1,0,0,Normal
udp,http,CON,9.1113,12,50,5880,19750,10.20705,4130.25,17341.09,0,36,0.7593,0.1822,0.0178,0.0038,32156,7525981,6564070,2402,0.0926,0.0788,0.0579,392,395,0,2284,3,4,0,0,0,0,0,Normal
udp,ssl,INT,7.8534,12,8,8130,656,3.82005,6625.42,668.25,2,0,0.6544,0.9817,0.0037,0.0002,7902,2304043,779169,58785,0.0299,0.0949,0.0022,542,82,0,1276,1,3,0,0,0,0,0,Normal
udp,dns,FIN,9.6082,38,56,16625,35560,14.67495,11073.86,29608.02,0,16,0.2528,0.1716,0.0034,0.0164,55983,1183329,2236843,39877,0.0671,0.0899,0.0755,350,635,0,1325,3,3,0,0,1,0,0,Normal
tcp,ssl,INT,5.1916,36,30,6840,10680,19.0692,8432.03,16457.25,4,0,0.1442,0.1731,0.0019,0.0192,3995,468784,5762591,32889,0.2976,0.0269,0.0346,152,356,2,4171,1,2,0,0,0,0,0,Normal
udp,http,FIN,3.7369,60,0,41700,0,24.08445,71418.3,0.0,59,0,0.0623,3.7369,0.0152,0.003,18995,1422172,8807085,35265,0.1383,0.0129,0.009,556,0,2,731,3,3,0,0,1,0,0,Normal
tcp,ssl,INT,3.5401,13,48,8385,4560,25.846349999999997,15158.7,10304.66,0,33,0.2723,0.0738,0.0007,0.0085,53906,7503098,2081233,18276,0.0352,0.0281,0.0269,516,95,1,245,4,3,0,0,1,0,0,Normal
udp,ssl,FIN,0.943,60,52,21975,27976,178.15755,149143.36,237339.85,8,0,0.0157,0.0181,0.0174,0.0179,33538,1444424,6676014,43882,0.2154,0.0147,0.0829,293,538,2,1859,1,3,0,0,0,0,0,Normal
icmp,ftp,INT,0.7408,632,21,115656,1554,881.5253,1249049.78,16782.73,48,4,0.001172,0.035274,0.0409,0.0676,63,604,877,2357,0.004905,0.004339,0.003219,183,74,1,147,89,14,0,0,4,0,1,DoS
tcp,ssl,INT,4.9195,17,33,9031,13530,15.2454,11749.1,22002.11,0,14,0.2894,0.1491,0.0006,0.017,27505,6242800,4404027,45714,0.0806,0.0249,0.044,425,410,0,528,3,2,0,0,1,0,0,Normal
tcp,http,FIN,6.8988,50,35,35812,12880,18.4815,33223.13,14935.91,13,0,0.138,0.1971,0.003,0.012,35882,6219723,2107314,48834,0.1833,0.055,0.0359,573,368,0,3225,2,4,0,0,1,0,0,Normal
tcp,-,RST,0.7942,350,17,68250,1224,462.1172,687509.49,12329.84,28,6,0.002269,0.046716,0.4602,0.0435,3292,921,170,1516,0.000836,0.004973,0.001343,195,72,0,7,84,47,0,0,4,0,1,Generic
tcp,-,FIN,4.4611,62,1,9145,388,21.183149999999998,13119.7,695.8,59,0,0.072,4.4611,0.0191,0.0194,51135,2552837,7001366,14446,0.0105,0.0268,0.0592,118,388,0,4942,2,4,0,0,0,0,0,Normal
udp,dns,INT,1.2309,15,31,6618,18569,56.05605,34413.51,120684.51,0,14,0.0821,0.0397,0.0022,0.0165,23758,565780,6723927,15260,0.2638,0.008,0.0651,353,599,2,1290,4,4,0,0,1,0,0,Normal
icmp,-,CON,0.5089,765,6,149175,318,1515.0682,2345113.42,4999.14,39,2,0.000665,0.084815,0.4683,0.0666,3761,442,246,866,0.008942,0.00251,0.003151,195,53,1,188,63,75,0,0,7,1,1,Botnet
udp,ssh,INT,0.6812,378,7,36666,455,565.1744,430601.26,5343.47,6,8,0.001802,0.097315,0.2369,0.0478,1900,912,95,3398,0.008969,0.003397,0.00092,97,65,0,171,21,64,0,0,3,0,1,Analysis
udp,dns,FIN,5.6014,55,59,30250,4838,30.528,34562.72,6909.69,0,3,0.1018,0.0949,0.0171,0.0135,53810,427836,3718183,36840,0.2316,0.027,0.0228,440,82,2,4145,1,3,0,0,1,0,0,Normal
udp,http,INT,1.889,72,33,14040,1320,83.37675,47567.64,5590.21,37,0,0.0262,0.0572,0.0187,0.0165,28789,4094710,1015379,27744,0.0071,0.0324,0.0349,156,40,2,201,1,4,0,0,1,0,0,Normal
tcp,-,FIN,9.0175,70,10,22662,7490,13.307400000000001,16084.25,6644.84,60,0,0.1288,0.9018,0.0145,0.0081,65131,1361749,9815683,22016,0.0998,0.0152,0.0996,259,749,2,872,4,2,0,0,0,0,0,Normal
udp,-,CON,4.2938,1,4,237,0,1.74675,354.0,0.0,0,1,4.2938,1.0735,0.0163,0.0091,52308,8655321,5814747,19136,0.0026,0.0898,0.0764,190,0,0,3648,4,3,0,0,0,0,0,Normal
tcp,-,CON,7.6226,11,21,7342,3780,6.297000000000001,6164.8,3967.14,0,9,0.693,0.363,0.014,0.0076,39447,3376879,5839263,55032,0.2032,0.0025,0.0432,534,180,1,306,2,4,0,0,0,0,0,Normal
tcp,http,RST,0.4242,589,4,83638,360,1397.8114,1577202.65,6788.7,26,2,0.00072,0.106059,0.4528,0.0655,2673,6,13,3750,0.00778,0.000515,0.001151,142,90,0,5,63,42,0,0,5,0,1,Shellcode
udp,ftp,RST,0.1097,125,0,10375,0,1139.486,756618.68,0.0,11,0,0.000878,0.109699,0.0918,0.0171,570,882,259,3639,0.0049,0.000279,0.004748,83,0,0,182,22,54,0,0,4,1,1,Botnet
tcp,ssl,FIN,5.2959,47,3,29610,1179,14.161950000000001,35783.44,1781.01,43,0,0.1127,1.7653,0.0089,0.0049,11384,301059,2303674,16809,0.2505,0.0915,0.0001,504,393,2,2276,4,2,0,0,1,0,0,Normal
tcp,dns,FIN,8.5834,20,3,14600,1047,4.0194,10886.1,975.83,17,0,0.4292,2.8611,0.0056,0.0152,50819,9913400,6097266,1944,0.1165,0.0049,0.093,584,349,1,4221,3,4,0,0,1,0,0,Normal
tcp,http,INT,1.8082,48,17,15240,13345,53.921400000000006,53941.3,59042.54,30,0,0.0377,0.1064,0.0169,0.0041,27882,4916003,1114967,30791,0.1601,0.0338,0.0262,254,785,1,3459,1,1,0,0,0,0,0,Normal
tcp,http,FIN,7.3319,4,10,1630,7140,2.86425,1422.83,7790.65,0,5,1.833,0.7332,0.0167,0.0049,48854,2088093,8584681,26830,0.0839,0.0778,0.0238,326,714,1,4190,3,1,0,0,0,0,0,Normal
udp,http,FIN,0.6816,57,25,7695,17775,180.44865,72249.88,208616.26,32,0,0.012,0.0273,0.0132,0.0127,3682,121713,7590469,49128,0.1232,0.0155,0.0616,108,711,1,4989,4,3,0,0,0,0,0,Normal
udp,http,RST,0.1084,559,12,101738,1164,5269.7486,7511505.21,85940.28,47,9,0.000194,0.00903,0.2715,0.004,1111,474,97,1654,0.008559,0.001541,0.002215,182,97,0,60,40,32,0,0,8,1,1,Worm
udp,ssl,INT,6.173,24,35,13080,8960,14.33655,13560.89,11611.77,0,11,0.2572,0.1764,0.0033,0.0134,4114,3921198,9423135,29005,0.1963,0.0329,0.0368,436,256,1,2074,3,3,0,0,0,0,0,Normal
udp,dns,INT,8.5674,33,41,2062,2542,12.9561,1540.72,2373.65,0,8,0.2596,0.209,0.0053,0.0187,29008,5656828,1239403,64280,0.1527,0.0991,0.0499,50,62,2,3563,3,4,0,0,1,0,0,Normal
tcp,dns,FIN,7.1758,71,6,29110,4278,16.09575,25962.78,4769.36,63,0,0.1011,1.196,0.0122,0.0047,23142,2844568,9631234,7878,0.2102,0.0078,0.0279,328,713,1,3998,2,3,0,0,0,0,0,Normal
udp,-,RST,0.3706,227,1,42449,59,615.2965,916446.39,1273.77,38,9,0.001632,0.370553,0.1336,0.0629,152,321,843,3995,0.003038,0.003463,0.002495,187,59,1,100,40,69,0,0,7,1,1,DoS
tcp,-,FIN,7.2278,38,34,26742,24650,14.942249999999998,23679.59,27283.44,3,0,0.1902,0.2126,0.0192,0.005,10496,1642129,9528137,46322,0.0577,0.0288,0.0256,563,725,0,4167,2,2,0,0,0,0,0,Normal
udp,-,FIN,0.0016,37,27,22107,16092,58971.70020000001,86914457.52,79081050.01,9,0,0.0,0.0001,0.0163,0.0138,62901,2274683,2355075,47526,0.0693,0.0767,0.0357,478,596,1,3259,2,1,0,0,0,0,0,Normal
tcp,ssl,FIN,9.3214,68,27,41820,945,15.287399999999998,28713.35,811.04,41,0,0.1371,0.3452,0.0175,0.0123,56732,5342461,8233042,29024,0.0886,0.0322,0.0914,492,35,1,4845,4,3,0,0,1,0,0,Normal
udp,dns,FIN,5.039,20,20,13800,13620,11.907150000000001,17527.41,21623.49,0,0,0.2519,0.2519,0.0084,0.0061,42412,6464824,3186516,38993,0.0893,0.0468,0.0622,552,681,0,3352,4,1,0,0,1,0,0,Normal
tcp,http,CON,6.5877,74,9,54390,4761,18.89895,52840.54,5781.71,65,0,0.089,0.732,0.0112,0.0133,7398,412234,9937472,3314,0.0248,0.1,0.0347,588,529,2,3139,4,3,0,0,0,0,0,Normal
tcp,dns,INT,2.0773,58,28,27332,13440,62.099250000000005,84208.6,51759.06,28,0,0.0358,0.0742,0.0019,0.0172,15841,2795619,8431298,33341,0.1538,0.0084,0.0719,377,480,0,1625,4,4,0,0,1,0,0,Normal
udp,dns,INT,3.3177,73,59,8303,27081,59.6802,16018.4,65300.95,13,0,0.0454,0.0562,0.0005,0.0154,52999,994356,2528864,43904,0.2948,0.0338,0.0973,91,459,1,2621,4,3,0,0,1,0,0,Normal
udp,http,RST,1.0645,357,0,22134,0,335.365,166341.06,0.0,9,7,0.002982,1.064512,0.0251,0.0065,3253,576,474,1039,0.003836,0.004699,0.004216,62,0,1,169,53,76,0,0,8,1,1,Exploit
udp,-,CON,0.7577,38,24,7552,5664,122.74335,63794.86,59803.73,13,0,0.0199,0.0316,0.0117,0.0103,7389,507837,9937810,59439,0.1704,0.0568,0.0143,159,236,1,3080,1,3,0,0,1,0,0,Normal
udp,ssl,CON,1.6797,57,15,33915,7650,64.29585,129220.37,36434.32,42,0,0.0295,0.112,0.014,0.015,59203,8662116,8786565,7716,0.0101,0.0451,0.0204,476,510,0,2066,3,4,0,0,1,0,0,Normal
tcp,ftp,CON,0.6032,687,9,99615,90,1153.8481,1321156.09,1193.64,30,9,0.000878,0.067022,0.4721,0.0502,2023,786,63,1917,0.006483,0.004925,0.000347,145,10,0,194,43,58,0,0,7,0,1,Worm
icmp,ssh,INT,1.1464,317,27,25677,2592,300.0654,179180.92,18087.66,12,4,0.003616,0.04246,0.3557,0.033,3800,956,870,743,5.1e-05,0.001036,0.00229,81,96,0,47,95,17,0,0,4,1,1,Worm
udp,http,CON,6.5589,78,55,19695,28490,30.41655,19217.77,34749.57,22,0,0.0841,0.1193,0.0159,0.0022,26356,1269722,718460,46154,0.14,0.0495,0.0206,202,518,2,1583,1,2,0,0,1,0,0,Normal
icmp,ftp,RST,1.0572,724,23,78192,460,706.5951,591701.03,3480.95,44,2,0.00146,0.045964,0.4584,0.0945,3592,462,124,2581,0.008937,0.002667,0.002833,108,20,1,33,88,73,0,0,2,1,1,DoS
udp,-,INT,5.3368,36,47,25965,15416,23.32845,31137.53,23108.81,0,9,0.1482,0.1135,0.0074,0.0002,14259,644236,6989972,24632,0.0479,0.0008,0.0552,577,328,0,2801,4,4,0,0,1,0,0,Normal
udp,-,CON,4.68,61,59,35380,14632,38.4615,48382.92,25011.97,1,0,0.0767,0.0793,0.0115,0.0098,31860,2563402,5156595,26340,0.1054,0.0828,0.0143,464,248,1,4756,4,4,0,0,1,0,0,Normal
tcp,-,FIN,8.6004,1,2,396,54,0.5232,294.87,50.23,0,0,8.6004,4.3002,0.0082,0.0131,62338,5184299,4533527,47995,0.0283,0.0151,0.0226,317,27,2,579,4,1,0,0,1,0,0,Normal
tcp,ssl,INT,7.3801,34,4,10157,2732,7.7235,8808.51,2961.46,30,0,0.2171,1.845,0.0088,0.0001,24144,3986935,3061592,8367,0.2152,0.0761,0.0216,239,683,2,4602,1,4,0,0,1,0,0,Normal
tcp,ssh,INT,1.2503,583,19,82203,665,481.4745,525962.11,4254.89,26,0,0.002145,0.065807,0.1969,0.0666,4070,549,769,638,0.005662,0.000152,0.00449,141,35,1,164,47,59,0,3,5,0,1,Backdoor
tcp,dns,INT,3.7756,38,43,13015,33411,32.180099999999996,22061.46,70792.89,0,5,0.0994,0.0878,0.0187,0.0192,39663,4067562,3195589,4542,0.0458,0.0136,0.0958,274,777,0,1716,4,2,0,0,0,0,0,Normal
udp,-,INT,0.0267,75,5,13406,3620,4491.2618999999995,3211252.21,1083891.19,70,0,0.0004,0.0053,0.0018,0.0109,44090,747302,3711696,26844,0.1276,0.052,0.0346,143,724,0,369,4,1,0,0,1,0,0,Normal
udp,-,INT,4.0485,9,4,1248,2184,4.81665,1974.06,4315.67,5,0,0.4498,1.0121,0.0005,0.0135,12434,141490,9232589,20631,0.2609,0.0292,0.0623,111,546,0,2891,2,4,0,0,0,0,0,Normal
udp,dns,INT,2.0707,7,3,1583,504,7.2440999999999995,4895.03,1947.19,4,0,0.2958,0.6902,0.0088,0.0068,44756,3826698,6016491,64682,0.1925,0.0127,0.0571,181,168,1,2366,4,1,0,0,1,0,0,Normal
tcp,http,CON,7.7629,24,59,2430,16933,16.03785,2003.37,17450.14,0,35,0.3235,0.1316,0.0177,0.0054,64458,2458623,7914923,17567,0.1781,0.0937,0.0739,81,287,2,4344,1,3,0,0,0,0,0,Normal
udp,ssl,CON,8.816,1,31,690,744,5.4447,500.91,675.13,0,28,8.816,0.2844,0.0166,0.011,16108,3948892,7445401,23353,0.0439,0.0605,0.0225,552,24,1,581,2,1,0,0,1,0,0,Normal
udp,ssl,INT,9.5786,5,21,800,9849,4.0716,534.52,8225.8,0,14,1.9157,0.4561,0.01,0.0196,30921,7099038,8863314,39817,0.0283,0.0262,0.0886,128,469,0,3303,2,4,0,0,1,0,0,Normal
icmp,ssh,CON,0.5414,497,29,36778,2320,971.5685,543457.72,34281.96,30,6,0.001089,0.018669,0.2571,0.0877,505,138,991,3186,0.001116,0.003822,0.003498,74,80,0,168,20,42,0,0,5,0,1,DoS
tcp,ssl,FIN,6.7857,37,26,4532,18590,13.926449999999999,4274.9,21916.83,10,0,0.1834,0.261,0.0114,0.0119,60552,2983793,7731288,59267,0.0511,0.0361,0.0645,98,715,0,2079,3,4,0,0,0,0,0,Normal
udp,dns,CON,6.065,52,14,35035,6552,16.32315,36970.0,8642.34,38,0,0.1166,0.4332,0.0172,0.001,13907,8410326,9537454,15945,0.0792,0.0355,0.0032,539,468,2,809,4,3,0,0,1,0,0,Normal
udp,ftp,RST,1.12,246,11,37392,286,229.4664,267088.23,2042.88,49,0,0.004553,0.101817,0.3318,0.0361,923,476,260,2117,0.009423,0.001685,0.002503,152,26,0,41,72,34,0,0,5,1,1,Reconnaissance
tcp,-,CON,4.3879,56,47,18830,282,35.21025,27464.4,514.14,7,0,0.0784,0.0934,0.0122,0.0192,60667,4737462,795776,40996,0.1051,0.0171,0.0226,269,6,0,292,3,2,0,0,1,0,0,Normal
tcp,dns,CON,9.2609,39,10,17355,3360,7.93665,11993.71,2902.54,28,0,0.2375,0.9261,0.0015,0.0115,52950,3125054,1454353,33389,0.1467,0.0598,0.0377,356,336,2,1180,2,4,0,0,0,0,0,Normal
tcp,-,INT,0.9691,76,40,18905,4600,179.54955,124850.92,37973.7,34,0,0.0128,0.0242,0.0119,0.0187,17555,3773858,3538255,44045,0.2658,0.0032,0.0515,199,115,1,4034,4,2,0,0,0,0,0,Normal
udp,-,INT,0.7931,56,8,25690,3872,121.0389,207299.28,39055.22,46,0,0.0142,0.0991,0.0007,0.0048,21556,3349028,7308560,2773,0.0904,0.0776,0.0837,367,484,0,4475,2,3,0,0,1,0,0,Normal
udp,dns,CON,0.7024,3,44,720,33968,100.37189999999998,6560.48,386885.86,0,40,0.2341,0.016,0.0065,0.0109,40636,5632867,9099193,60009,0.1518,0.0595,0.0613,192,772,2,4456,4,2,0,0,1,0,0,Normal
tcp,ssl,FIN,5.5843,27,30,4725,13710,15.31065,5415.14,19640.63,0,1,0.2068,0.1861,0.0065,0.0101,58594,3599824,1331231,39821,0.0961,0.099,0.0891,140,457,0,3371,2,3,0,0,1,0,0,Normal
tcp,ssl,INT,6.449,29,44,16856,33748,16.97925,16728.05,41864.15,0,14,0.2224,0.1466,0.0142,0.0165,37413,9594979,4854734,57238,0.1436,0.0063,0.0339,465,767,0,1111,4,3,0,0,1,0,0,Normal
tcp,dns,FIN,8.3573,3,47,502,37506,8.9742,384.81,35902.52,0,42,2.7858,0.1778,0.0068,0.0083,60663,1383205,3004496,21389,0.1363,0.0643,0.0176,134,798,1,2720,1,2,0,0,1,0,0,Normal
udp,dns,FIN,6.8766,11,36,6036,18720,10.2522,5617.88,21778.17,0,23,0.6251,0.191,0.0094,0.0002,52178,3895465,4597130,4600,0.0109,0.0549,0.0458,439,520,2,1664,3,1,0,0,1,0,0,Normal
tcp,dns,FIN,4.5579,31,44,5308,10076,24.682199999999998,7454.24,17685.17,0,11,0.147,0.1036,0.0146,0.0139,34088,6277591,7505511,4945,0.0362,0.0571,0.0036,137,229,1,854,4,2,0,0,0,0,0,Normal
udp,-,RST,0.9173,330,0,28380,0,359.752,247509.37,0.0,7,0,0.00278,0.917299,0.1703,0.0351,2084,371,662,797,0.006191,0.004252,0.004176,86,0,0,112,56,61,0,0,8,1,1,Worm
tcp,ftp,REQ,0.9014,761,11,81427,330,856.3998,722632.79,2928.62,48,7,0.001185,0.08195,0.3415,0.0336,3821,989,846,4015,0.007442,0.000163,3e-05,107,30,0,157,33,33,0,0,3,0,1,Generic
udp,ssl,INT,1.9768,78,11,26617,7799,67.53345,86175.77,31562.17,67,0,0.0253,0.1797,0.0169,0.0098,44996,4854696,2818266,42489,0.2689,0.0194,0.0813,273,709,0,756,4,3,0,0,1,0,0,Normal
tcp,-,FIN,2.266,7,52,4935,22152,39.0549,13937.98,78205.21,0,45,0.3237,0.0436,0.0102,0.0142,9064,6637948,9020064,47826,0.1432,0.0579,0.0365,564,426,1,255,3,1,0,0,1,0,0,Normal
tcp,-,FIN,8.6598,58,36,31247,13356,16.282049999999998,23093.3,12338.35,21,0,0.1493,0.2406,0.013,0.0178,42299,3360240,9039518,42568,0.1772,0.0431,0.0406,431,371,0,248,4,2,0,0,1,0,0,Normal
tcp,http,FIN,5.1662,3,3,558,366,1.7421,692.2,566.76,0,0,1.7221,1.7221,0.0108,0.0089,28310,3672369,8007725,30331,0.2447,0.0877,0.0059,149,122,2,997,3,2,0,0,1,0,0,Normal
udp,-,INT,1.3663,223,9,10927,522,169.7994,63979.25,3056.39,27,9,0.006127,0.151813,0.2108,0.0255,2235,414,550,330,0.002465,0.004809,0.000482,49,58,1,193,49,60,0,0,9,1,1,Generic
udp,-,REQ,0.744,88,17,15928,187,141.1202,171258.11,2010.63,9,1,0.008455,0.043767,0.2581,0.0943,2164,764,320,508,0.006935,0.003236,0.003674,181,11,1,161,24,36,0,1,1,0,1,Backdoor
udp,dns,INT,4.1587,66,1,42487,674,24.1665,65386.47,1296.57,64,0,0.063,4.1587,0.0106,0.0069,57456,7838409,649508,22769,0.2604,0.0967,0.0137,515,674,1,1585,4,4,0,0,1,0,0,Normal
icmp,ftp,RST,1.364,685,3,51375,54,504.3927,301316.0,316.71,34,5,0.001991,0.454672,0.4382,0.0015,2547,183,292,2840,0.008195,0.001357,0.002671,75,18,0,153,67,78,0,0,3,0,1,Botnet
tcp,ssl,CON,0.3536,35,26,5381,14820,258.77055,97399.53,335298.74,7,0,0.0101,0.0136,0.0059,0.0093,29642,6641634,2332446,4405,0.0723,0.081,0.0564,123,570,2,4562,3,2,0,0,0,0,0,Normal
tcp,http,CON,9.2859,13,48,6142,10032,9.85365,4233.53,8642.81,0,33,0.7143,0.1935,0.0112,0.0032,17617,7258927,6214063,34193,0.0603,0.0766,0.0142,378,209,2,1609,4,4,0,0,0,0,0,Normal
tcp,-,CON,2.2923,52,53,28535,28991,68.70765,79667.71,101176.03,0,0,0.0441,0.0433,0.0007,0.0177,63490,9089804,5573508,51333,0.1062,0.0032,0.0699,439,547,2,646,2,1,0,0,0,0,0,Normal
tcp,ssl,INT,1.7041,25,31,3125,18414,49.2924,11736.3,86444.86,0,5,0.0682,0.055,0.0167,0.019,32029,9280185,3700942,20497,0.1034,0.0069,0.0208,100,594,1,4631,1,2,0,0,0,0,0,Normal
tcp,http,REQ,0.6865,481,0,95238,0,700.7023,1109912.43,0.0,4,0,0.001427,0.686454,0.1331,0.0737,3205,915,789,2593,0.009593,0.002546,0.00045,198,0,1,159,67,56,0,0,0,1,1,Reconnaissance
tcp,http,CON,3.2855,29,40,3153,31240,31.5021,6143.35,76067.51,0,9,0.1133,0.0821,0.0046,0.0164,65091,5377369,3662483,48829,0.0467,0.0623,0.0609,87,781,2,4933,1,2,0,0,0,0,0,Normal
tcp,http,INT,9.4403,38,45,12540,18135,13.18815,8501.38,15368.08,0,6,0.2484,0.2098,0.0181,0.0015,46146,3512757,595559,54613,0.099,0.0011,0.0034,264,403,0,521,2,3,0,0,0,0,0,Normal
udp,dns,CON,1.2893,19,56,7481,40656,87.25545,37135.92,252263.64,0,36,0.0679,0.023,0.0181,0.0187,43132,7911650,8589552,23796,0.0076,0.0886,0.0904,315,726,1,594,3,3,0,0,0,0,0,Normal
udp,ssl,FIN,5.1976,25,19,3687,8854,12.698250000000002,4540.57,13627.87,6,0,0.2079,0.2736,0.0092,0.0144,5884,3706024,7542451,65431,0.0415,0.0356,0.0275,118,466,0,656,4,2,0,0,0,0,0,Normal
tcp,dns,INT,7.4192,61,27,21655,1566,17.79165,18680.11,1688.59,33,0,0.1216,0.2748,0.0018,0.0172,43314,7929988,1739213,51445,0.0809,0.0917,0.0929,284,58,2,136,4,2,0,0,0,0,0,Normal
udp,ssl,FIN,1.2168,20,25,5475,9100,55.4727,28796.51,59828.36,0,3,0.0608,0.0487,0.0027,0.0007,60237,8937901,8430506,6476,0.1501,0.0966,0.0488,219,364,1,4226,1,1,0,0,0,0,0,Normal
icmp,ssh,INT,0.6529,419,1,46928,94,643.2704,574997.95,1151.76,39,1,0.001558,0.652914,0.3187,0.0131,3450,429,570,45,0.007947,0.004446,0.001489,112,94,0,159,45,37,0,0,6,1,1,Analysis
udp,-,CON,7.2962,49,5,23152,1840,11.1018,20308.77,2017.5,43,0,0.1489,1.4592,0.0113,0.0079,6627,1371939,706711,10831,0.0191,0.0174,0.0009,378,368,2,845,1,2,0,0,1,0,0,Normal
icmp,ssh,CON,0.6643,633,10,34815,940,967.8673,419238.57,11319.38,23,0,0.00105,0.066435,0.3614,0.0808,574,646,386,3157,0.00115,0.000515,0.000449,55,94,1,172,83,25,0,0,5,1,1,DoS
tcp,ssl,FIN,1.8329,13,33,7702,23892,37.64505,26894.95,104280.13,0,20,0.141,0.0555,0.0185,0.0024,706,7447952,6822315,12235,0.1658,0.0837,0.0841,474,724,1,4801,1,1,0,0,0,0,0,Normal
icmp,http,CON,0.1121,264,20,51744,1260,2533.1053,3692197.19,89907.4,30,1,0.000425,0.005606,0.1879,0.05,735,113,812,2213,0.00948,0.003954,0.004859,196,63,1,152,46,68,0,0,0,1,1,Worm
udp,-,CON,3.4871,75,32,50531,8448,46.02705,92742.41,19381.27,43,0,0.0465,0.109,0.0162,0.0099,57858,6104425,715742,43529,0.0693,0.0125,0.0234,539,264,0,833,1,1,0,0,1,0,0,Normal
tcp,http,INT,2.8603,9,50,4522,16150,30.94035,10119.05,45169.32,0,40,0.3178,0.0572,0.0139,0.0033,1529,7536758,6187620,9046,0.1488,0.0583,0.0899,402,323,0,538,1,1,0,0,1,0,0,Normal
udp,-,FIN,4.6331,63,16,20947,3568,25.576800000000002,28936.03,6160.86,47,0,0.0735,0.2896,0.0113,0.0041,39282,7598890,7737347,26052,0.2726,0.049,0.0129,266,223,1,2877,2,4,0,0,1,0,0,Normal
udp,http,CON,0.6989,55,8,6105,376,90.1357,69876.64,4303.62,24,2,0.012708,0.087368,0.2395,0.0834,2288,80,84,871,0.001215,0.002721,0.000681,111,47,0,181,66,70,0,0,9,1,1,Botnet
udp,-,INT,1.7272,68,40,35615,24800,93.79169999999999,131966.12,114865.92,27,0,0.0254,0.0432,0.0176,0.0173,22775,207494,3299624,29136,0.1621,0.095,0.064,419,620,2,541,1,4,0,0,0,0,0,Normal
tcp,ssl,FIN,9.4432,8,23,4040,8303,4.9242,2738.04,7034.02,0,14,1.1804,0.4106,0.0076,0.0047,59011,3304859,6176611,28017,0.178,0.0678,0.0322,404,361,1,308,1,4,0,0,0,0,0,Normal
udp,http,FIN,4.1223,23,8,11298,752,11.28015,17541.77,1459.39,15,0,0.1792,0.5153,0.009,0.0111,16206,2951830,4771215,17973,0.2866,0.042,0.0134,393,94,1,4416,3,3,0,0,0,0,0,Normal
tcp,dns,INT,0.5701,41,18,7175,11034,155.23499999999999,80546.8,154835.09,22,0,0.0139,0.0317,0.011,0.016,14635,7253993,4557161,7799,0.177,0.0795,0.0162,140,613,0,4675,3,4,0,0,0,0,0,Normal
tcp,-,REQ,0.4597,613,5,103597,170,1344.3746,1802888.94,2958.49,25,9,0.00075,0.091939,0.1846,0.0345,1133,854,182,23,0.008014,0.00068,0.003824,169,34,0,53,58,37,0,0,2,0,1,DoS
udp,ftp,INT,1.3838,696,18,34104,900,515.9807,197165.35,5203.17,31,9,0.001988,0.076876,0.2935,0.0607,158,878,570,208,0.008662,0.003011,0.004805,49,50,1,75,28,69,0,0,1,0,1,Exploit
udp,http,FIN,9.749,11,43,3052,25886,8.308499999999999,2003.89,21241.93,0,31,0.8863,0.2267,0.0035,0.004,55209,6383005,9962279,34738,0.2224,0.075,0.0309,222,602,0,90,2,2,0,0,1,0,0,Normal
tcp,ssl,CON,0.7831,3,27,2006,9693,57.4668,16397.18,99026.69,0,22,0.261,0.029,0.0032,0.0108,13043,1391259,7559599,30311,0.2299,0.0792,0.0645,535,359,2,3134,1,2,0,0,1,0,0,Normal
udp,http,INT,3.2479,67,33,3433,9207,46.1832,6766.14,22677.78,34,0,0.0485,0.0984,0.0175,0.0122,30902,8460575,7832745,24605,0.1585,0.0836,0.044,41,279,1,3117,1,3,0,0,1,0,0,Normal
udp,http,CON,0.2199,619,27,94088,2268,2937.6281,3422855.14,82508.24,10,4,0.000355,0.008145,0.2425,0.0877,3898,887,589,1793,0.001508,0.000932,0.003069,152,84,1,175,96,20,0,0,8,1,1,Botnet
tcp,-,INT,2.2918,32,15,6200,4875,30.76125,17313.55,17016.85,16,0,0.0716,0.1528,0.0132,0.0091,63357,4115927,5937939,33925,0.2145,0.0767,0.0641,155,325,0,3148,2,4,0,0,1,0,0,Normal
tcp,dns,CON,0.0861,76,18,33345,6984,1636.9537500000001,2477581.79,648651.64,58,0,0.0011,0.0048,0.0191,0.0146,47696,1992744,4861933,1706,0.1294,0.0538,0.0651,351,388,1,773,4,2,0,0,0,0,0,Normal
tcp,http,CON,3.7439,26,58,12057,1392,33.6549,20611.74,2974.45,0,30,0.144,0.0645,0.0041,0.0188,14175,1462249,8525351,42817,0.1207,0.0221,0.0352,371,24,0,3787,4,1,0,0,1,0,0,Normal
tcp,http,FIN,4.4995,33,5,10436,0,12.668099999999999,14844.28,0.0,26,0,0.1363,0.8999,0.0028,0.0137,15854,140092,8264939,37995,0.1196,0.0657,0.0055,253,0,2,4997,3,1,0,0,0,0,0,Normal
udp,dns,CON,7.8812,15,26,4106,2938,7.80345,3334.52,2982.29,0,9,0.5254,0.3031,0.0185,0.0062,49051,7514469,6174541,50037,0.2572,0.0238,0.05,219,113,2,858,1,4,0,0,0,0,0,Normal
tcp,-,CON,5.3104,29,31,18813,13950,16.948050000000002,22674.14,21015.5,0,2,0.1831,0.1713,0.0081,0.0093,31569,8725812,686774,8751,0.0956,0.0013,0.0011,519,450,2,4955,1,4,0,0,1,0,0,Normal
tcp,-,REQ,0.1162,233,19,16077,1881,2168.0368,1106524.66,129462.77,6,6,0.000499,0.006118,0.2701,0.0365,923,945,97,4031,0.004354,0.003366,0.003805,69,99,0,47,20,47,0,0,1,0,1,Generic
udp,-,RST,1.1927,676,22,56108,1870,585.2198,376338.25,12542.82,6,3,0.001764,0.054214,0.4663,0.0431,2594,72,3,1495,0.003837,0.000531,0.00153,83,85,0,175,22,74,0,4,2,0,1,Backdoor
udp,http,REQ,0.1511,315,7,36540,511,2131.0409,1934614.52,27054.95,30,5,0.00048,0.021586,0.1433,0.0799,2708,619,568,3441,0.006065,0.001955,0.004993,116,73,0,22,24,70,0,0,4,0,1,Shellcode
tcp,ssl,FIN,9.4777,62,25,15577,15925,13.769099999999998,10518.98,13442.04,37,0,0.1529,0.3791,0.0053,0.0125,33503,5310022,8329724,29643,0.0753,0.0051,0.0238,201,637,1,4318,1,4,0,0,0,0,0,Normal
udp,dns,INT,6.1057,47,19,20327,1273,16.214399999999998,21307.28,1667.95,26,0,0.1299,0.3214,0.0085,0.0139,56747,1313021,5889826,48165,0.2816,0.0479,0.0268,346,67,1,1902,4,2,0,0,1,0,0,Normal
icmp,http,REQ,1.0278,84,21,8904,1722,102.1553,69302.17,13402.78,12,5,0.012236,0.048945,0.1051,0.0069,2891,569,915,1510,0.009481,0.00234,0.000294,106,82,0,139,22,58,0,0,0,0,1,Exploit
tcp,ssl,CON,5.4114,8,43,620,2752,14.1369,733.27,4068.46,0,34,0.6764,0.1258,0.0018,0.0188,51175,5346997,1400099,50959,0.1939,0.0075,0.0687,62,64,0,3411,2,2,0,0,0,0,0,Normal
udp,-,INT,2.6374,31,18,6858,4014,27.867900000000002,16643.39,12175.43,11,0,0.0851,0.1465,0.0084,0.0124,35827,6623476,1946671,55167,0.2309,0.0141,0.0277,177,223,1,2835,4,1,0,0,1,0,0,Normal
udp,dns,FIN,2.8723,1,6,442,24,3.6555,985.96,66.84,0,4,2.8723,0.4787,0.0125,0.0174,42772,2847699,3953033,27673,0.1621,0.0125,0.045,354,4,0,2878,1,4,0,0,0,0,0,Normal
udp,ssl,CON,6.497,61,27,7930,20277,20.317050000000002,7811.57,24967.72,32,0,0.1065,0.2406,0.0015,0.0039,56970,4906114,744871,60293,0.1683,0.0062,0.0119,104,751,0,3354,2,2,0,0,0,0,0,Normal
tcp,-,INT,5.2301,69,35,43901,3955,29.8275,53721.65,6049.63,32,0,0.0758,0.1494,0.0142,0.0171,14332,7419755,2129946,31383,0.2507,0.0634,0.0622,509,113,2,1067,1,4,0,0,1,0,0,Normal
udp,ssl,INT,0.7563,26,18,7085,4626,87.26865,59956.18,48933.89,7,0,0.0291,0.042,0.0034,0.0029,33078,7515936,2125112,60067,0.0896,0.0351,0.0941,218,257,2,4850,2,3,0,0,0,0,0,Normal
udp,ftp,CON,0.4618,519,11,97053,704,1147.6557,1681259.32,12195.47,32,3,0.00089,0.041983,0.4072,0.0873,2690,796,892,458,0.0002,0.002564,0.004474,187,64,1,154,84,24,1,0,1,1,1,Backdoor
tcp,-,INT,8.2584,58,50,43427,33050,19.6164,33655.05,32015.99,7,0,0.1424,0.1652,0.0171,0.0125,11815,5436749,1239677,20390,0.0863,0.0828,0.0741,599,661,1,4993,3,4,0,0,1,0,0,Normal
udp,ssl,FIN,8.0936,16,49,11400,15631,12.04665,9014.57,15450.3,0,32,0.5058,0.1652,0.0179,0.0134,35644,8509666,8513007,2687,0.2107,0.0598,0.0712,570,319,0,1985,3,1,0,0,0,0,0,Normal
udp,http,CON,4.6563,13,4,2697,408,5.4765,3707.66,700.99,7,0,0.3582,1.1641,0.0083,0.0152,28027,4377012,7438927,9407,0.1562,0.0292,0.0035,166,102,0,1811,1,4,0,0,0,0,0,Normal
tcp,http,RST,0.7314,277,1,12742,28,380.109,139376.94,306.27,18,4,0.00264,0.731369,0.4766,0.0434,1371,826,158,2926,0.009321,0.002729,0.003153,46,28,0,36,91,54,0,0,5,1,1,Exploit
tcp,dns,CON,9.0392,60,38,22125,8474,16.262549999999997,15665.14,7499.8,21,0,0.1507,0.2379,0.0069,0.0096,42600,5576444,8919537,8867,0.0724,0.063,0.027,295,223,0,600,4,1,0,0,0,0,0,Normal
tcp,ssl,FIN,6.2558,57,54,16458,9396,26.6154,16838.15,12015.74,3,0,0.1098,0.1158,0.001,0.0178,28474,8177335,4016743,41549,0.0965,0.0272,0.0654,231,174,0,4896,4,1,0,0,1,0,0,Normal
udp,-,CON,9.5762,71,15,41801,11820,13.4709,27936.75,9874.48,54,0,0.1349,0.6384,0.0158,0.0121,45189,5017081,2990211,63446,0.2034,0.0484,0.0974,471,788,0,1953,2,3,0,0,1,0,0,Normal
udp,ssl,CON,0.6654,52,54,18070,5022,238.96515,173810.31,60381.53,0,1,0.0128,0.0123,0.0005,0.0157,31501,4419870,9989115,6676,0.2251,0.0488,0.0478,278,93,2,4370,3,4,0,0,1,0,0,Normal
icmp,http,RST,0.6083,423,21,33417,1827,729.8942,439475.23,24027.33,14,9,0.001438,0.028967,0.1131,0.0408,1163,393,788,2423,0.004542,0.003341,0.003099,79,87,0,38,24,63,0,0,7,1,1,Analysis
udp,-,CON,4.202,75,14,39187,3290,31.7703,59685.35,6263.63,60,0,0.056,0.3001,0.0133,0.0006,32536,4104663,9117473,4048,0.0985,0.0483,0.0473,418,235,2,4492,2,1,0,0,0,0,0,Normal
tcp,http,INT,7.7951,44,56,17765,8904,19.24275,14585.54,9138.03,0,10,0.1772,0.1392,0.0179,0.006,25563,3667455,429678,26642,0.0603,0.0664,0.0784,323,159,0,715,4,3,0,0,0,0,0,Normal
tcp,ssh,CON,1.2625,289,5,14161,280,232.8666,89731.27,1774.22,7,2,0.004369,0.252505,0.1893,0.085,775,730,208,1085,0.002216,0.002712,0.001851,49,56,0,101,69,47,0,0,9,1,1,Analysis
udp,ssh,INT,0.2525,586,6,32230,522,2344.8466,1021275.75,16540.67,47,6,0.000431,0.042078,0.1675,0.0638,71,543,896,794,0.008492,0.001684,0.003403,55,87,0,161,68,45,0,0,7,0,1,Worm
tcp,http,CON,4.915,26,44,18915,264,21.363,24629.75,429.7,0,16,0.189,0.1117,0.0064,0.0181,29576,955942,7129888,36763,0.2103,0.0686,0.0113,582,6,2,4073,3,3,0,0,1,0,0,Normal
icmp,http,INT,0.6408,436,11,61040,913,697.5403,762019.84,11397.84,30,6,0.00147,0.058257,0.0425,0.0736,995,340,605,182,0.008911,0.002253,0.004536,140,83,1,8,74,19,0,0,9,0,1,Generic
udp,http,FIN,8.8326,43,1,22682,78,7.472249999999999,16435.49,70.65,40,0,0.2054,8.8326,0.0039,0.0,8109,5587261,5063241,45461,0.0445,0.0571,0.0077,422,78,2,3447,4,4,0,0,0,0,0,Normal
tcp,-,INT,2.5345,10,3,4825,2115,7.693949999999999,12184.1,6676.0,7,0,0.2534,0.8448,0.0049,0.0047,22082,9254911,2399857,63011,0.1544,0.0564,0.0191,386,705,0,3325,3,3,0,0,0,0,0,Normal
tcp,dns,INT,6.8093,57,49,15105,26950,23.3505,14197.08,31662.63,8,0,0.1195,0.139,0.0082,0.0009,22613,8012419,9939048,50974,0.2146,0.0911,0.0416,212,550,1,110,4,1,0,0,0,0,0,Normal
tcp,ssl,FIN,0.3108,43,31,16286,19964,357.1902,335411.25,513941.99,10,0,0.0072,0.01,0.017,0.0132,56053,7310716,2389003,56649,0.245,0.0631,0.0361,303,644,1,1999,1,4,0,0,1,0,0,Normal
udp,ftp,REQ,1.3492,102,15,17952,525,86.7199,106447.51,3113.02,33,2,0.013227,0.089945,0.4694,0.0222,3465,712,437,1501,0.004985,0.003109,7.1e-05,176,35,0,43,35,55,0,0,7,0,1,Reconnaissance
udp,http,CON,1.461,536,4,54672,228,369.6099,299367.61,1248.46,27,9,0.002726,0.36525,0.4869,0.0495,564,883,499,946,0.008441,0.001236,0.001015,102,57,0,131,62,66,0,0,0,1,1,DoS
tcp,dns,CON,5.2437,18,7,3127,3115,7.1514,3817.17,4752.39,10,0,0.2913,0.7491,0.0054,0.0093,146,7436361,6240828,20973,0.0552,0.0757,0.0501,139,445,2,3714,2,2,0,0,1,0,0,Normal
udp,ssl,CON,7.1765,22,0,10917,0,4.5984,9736.23,0.0,22,0,0.3262,7.1765,0.0093,0.016,47000,6183773,3966681,24037,0.2325,0.0782,0.0385,397,0,2,4532,3,1,0,0,1,0,0,Normal
udp,ssl,FIN,5.2449,14,50,1750,29800,18.303449999999998,2135.41,45453.7,0,35,0.3746,0.1049,0.0104,0.0095,15207,1892929,319367,24730,0.2464,0.0661,0.0952,100,596,2,429,2,3,0,0,1,0,0,Normal
tcp,dns,INT,5.0918,6,20,3420,5540,7.6593,4298.66,8704.16,0,12,0.8486,0.2546,0.0088,0.0145,31148,344533,4994056,41481,0.0204,0.0866,0.0896,456,277,2,4028,1,2,0,0,1,0,0,Normal
tcp,dns,FIN,3.5679,16,23,8260,5152,16.396349999999998,14816.71,11552.01,0,7,0.223,0.1551,0.0122,0.02,45046,4485564,2710281,29369,0.1751,0.009,0.0744,413,224,2,1570,4,4,0,0,1,0,0,Normal
udp,ssl,INT,2.7629,55,38,36643,28576,50.4909,84882.65,82742.85,15,0,0.0502,0.0727,0.0195,0.0109,47988,7903053,6621791,15354,0.1686,0.0295,0.0915,533,752,0,2801,2,1,0,0,0,0,0,Normal
udp,http,FIN,0.8233,25,40,12250,27400,118.4247,95225.65,266243.14,0,15,0.0329,0.0206,0.007,0.0099,14455,9899578,9217239,2209,0.1153,0.0041,0.0786,392,685,0,2169,4,3,0,0,1,0,0,Normal
tcp,http,CON,9.6457,13,5,6613,2745,2.79915,4388.3,2276.67,7,0,0.742,1.9291,0.0065,0.0035,44741,9290668,9278191,4420,0.1471,0.0681,0.0386,407,549,2,1743,3,2,0,0,0,0,0,Normal
udp,-,FIN,7.77,64,9,38480,6462,14.092649999999999,31695.1,6653.25,54,0,0.1214,0.8633,0.004,0.0109,47659,6289536,8450801,29517,0.2718,0.061,0.0764,481,718,1,4381,2,2,0,0,1,0,0,Normal
tcp,http,INT,5.0055,66,43,4620,129,32.66385,5907.05,206.17,21,0,0.0758,0.1164,0.0132,0.0042,29482,3638118,4622237,6931,0.0133,0.0186,0.0039,56,3,2,3213,4,2,0,0,0,0,0,Normal
tcp,ssl,FIN,5.123,6,21,2287,14868,7.90545,2857.68,23217.44,0,13,0.8538,0.244,0.012,0.0161,13759,5509131,2839583,42514,0.2039,0.0661,0.0779,305,708,0,4404,2,2,0,0,1,0,0,Normal
tcp,-,FIN,2.3356,34,25,5737,400,37.89165,15721.83,1370.09,9,0,0.0687,0.0934,0.0141,0.0031,47874,9851336,1615662,53099,0.191,0.0963,0.0611,135,16,2,1560,1,4,0,0,1,0,0,Normal
icmp,ssh,REQ,0.7029,413,20,26845,1000,616.0321,305540.55,11381.66,14,6,0.001702,0.035144,0.245,0.0998,166,38,191,1640,0.007588,0.001235,0.003758,65,50,1,145,85,63,0,0,8,1,1,Analysis
tcp,ssh,REQ,1.3074,326,28,27058,140,270.7635,165566.53,856.65,33,3,0.00401,0.046693,0.2671,0.0301,3006,477,966,3947,0.003991,0.001669,0.002461,83,5,0,65,63,37,0,0,3,1,1,Reconnaissance
udp,ssl,FIN,3.4323,78,7,37537,1064,37.1475,69994.7,2480.0,70,0,0.044,0.4903,0.0123,0.0073,25708,9181803,8504422,17089,0.2045,0.0465,0.0477,385,152,0,1958,3,3,0,0,0,0,0,Normal
udp,dns,INT,4.7382,8,12,1880,1980,6.3315,2539.35,3343.02,0,2,0.5923,0.3949,0.0138,0.0128,26371,3205298,2564255,20518,0.0955,0.092,0.0866,188,165,0,2894,2,4,0,0,0,0,0,Normal
icmp,ftp,CON,0.5103,63,12,7434,24,146.9662,116538.32,376.23,0,8,0.0081,0.042527,0.1554,0.0771,1758,935,511,1948,0.007547,0.004819,0.004018,118,2,1,47,20,44,0,0,7,1,1,Botnet
tcp,dns,CON,4.6866,55,16,30868,11632,22.724249999999998,42153.99,19855.65,38,0,0.0852,0.2929,0.0032,0.0024,5747,254493,2137855,42343,0.2624,0.0774,0.0856,449,727,1,1198,2,3,0,0,0,0,0,Normal
tcp,ssl,INT,4.3765,56,29,5250,10846,29.1327,7677.32,19825.76,26,0,0.0782,0.1509,0.015,0.0154,30454,8899051,9840895,43337,0.0605,0.0365,0.0038,75,374,1,1366,4,1,0,0,1,0,0,Normal
tcp,ssl,FIN,9.296,54,8,37800,2040,10.00425,26023.96,1755.58,46,0,0.1721,1.162,0.0197,0.0118,54172,8965369,988677,23354,0.2867,0.0903,0.0748,560,255,0,1110,4,3,0,0,1,0,0,Normal
tcp,http,FIN,8.1962,63,55,38036,39820,21.595200000000002,29700.45,38866.6,7,0,0.1301,0.149,0.0162,0.0099,21952,7224639,4329253,59213,0.1157,0.0188,0.0822,483,724,2,3501,1,2,0,0,1,0,0,Normal
tcp,dns,FIN,2.1475,67,21,15828,8568,61.4679,47173.82,31918.61,44,0,0.0321,0.1023,0.0127,0.0045,19826,5654373,3993471,34313,0.0734,0.09,0.0243,189,408,1,1668,1,2,0,0,0,0,0,Normal
udp,-,CON,3.6372,37,50,17945,7750,35.87925,31575.96,17046.09,0,13,0.0983,0.0727,0.0052,0.0189,29176,7896839,7664427,58067,0.1384,0.0265,0.0007,388,155,1,378,4,3,0,0,1,0,0,Normal
tcp,http,CON,8.8994,59,43,9513,946,17.1921,6841.79,850.39,14,0,0.1508,0.207,0.0139,0.0079,26728,3786808,4508166,26166,0.1667,0.0149,0.012,129,22,1,152,3,3,0,0,1,0,0,Normal
udp,http,INT,0.9247,8,1,570,647,14.59995,3945.25,5597.75,5,0,0.1156,0.9247,0.0146,0.0167,10257,7793583,9324333,47803,0.2484,0.0655,0.0846,57,647,0,2665,3,1,0,0,0,0,0,Normal
tcp,dns,FIN,2.5551,15,34,5493,19958,28.76565,13760.58,62487.76,0,17,0.1703,0.0752,0.0145,0.01,39781,2864197,6451147,52189,0.0525,0.0737,0.0039,293,587,0,3343,3,3,0,0,0,0,0,Normal
tcp,-,CON,2.7725,59,54,21461,4374,61.13715,49541.6,12621.29,5,0,0.047,0.0513,0.0145,0.0169,26336,4555274,7614696,64750,0.2047,0.0403,0.0714,291,81,1,3128,1,1,0,0,1,0,0,Normal
udp,ssl,INT,9.725,19,16,8217,4688,5.3985,5407.92,3856.46,2,0,0.5118,0.6078,0.0072,0.0021,30241,2472670,8105030,62990,0.0183,0.0087,0.0642,346,293,0,4865,2,2,0,0,1,0,0,Normal
udp,http,RST,0.9535,402,22,53466,1826,444.6919,448601.85,15320.9,46,8,0.002372,0.04334,0.4363,0.0127,3271,96,574,1424,0.002163,0.000399,0.001517,133,83,0,183,45,53,0,0,9,0,1,Worm
udp,-,CON,1.0191,28,19,1820,13471,69.17955,11429.84,105749.61,9,0,0.0364,0.0536,0.0082,0.0036,20741,4324759,6179232,54577,0.0022,0.0592,0.0907,52,709,1,2775,3,2,0,0,1,0,0,Normal
tcp,http,FIN,0.7806,78,57,5167,20463,259.407,42365.97,209708.5,19,0,0.01,0.0137,0.0135,0.0086,39002,8634762,6668802,17535,0.1792,0.0021,0.0743,53,359,2,1539,2,3,0,0,1,0,0,Normal
tcp,ssl,INT,5.2424,35,2,18375,1050,10.58685,22432.68,1602.33,32,0,0.1498,2.6212,0.0135,0.006,56848,6828335,3392929,38791,0.2884,0.0529,0.0273,420,525,1,1175,4,1,0,0,0,0,0,Normal
tcp,ftp,REQ,1.3402,213,8,33654,712,164.8998,200888.2,4250.09,47,5,0.006292,0.167526,0.291,0.0241,3668,900,717,3004,0.008234,0.00484,0.004456,158,89,1,99,53,74,0,0,1,0,1,Exploit
tcp,ssl,FIN,0.8065,22,14,15895,8512,66.9522,126127.89,84429.11,8,0,0.0367,0.0576,0.013,0.001,63807,3486666,1578044,63900,0.2104,0.0353,0.0626,578,608,0,4829,2,1,0,0,1,0,0,Normal
tcp,-,INT,1.4055,743,5,119623,65,532.1846,680871.87,369.97,13,0,0.001892,0.281105,0.1501,0.0821,650,648,77,2922,0.009781,0.001521,0.004077,161,13,0,180,58,37,0,2,9,1,1,Backdoor
udp,http,CON,0.682,126,12,8442,852,202.3411,99023.95,9993.89,37,7,0.005413,0.056835,0.3592,0.034,2907,411,793,1220,0.000988,0.002069,6.5e-05,67,71,1,117,35,55,0,0,1,1,1,Botnet
tcp,-,CON,5.0644,16,16,10040,6016,9.4779,12687.71,9503.14,0,0,0.3165,0.3165,0.015,0.0003,3548,7219115,666289,512,0.2417,0.0449,0.0462,502,376,1,526,2,1,0,0,1,0,0,Normal
udp,-,CON,1.5848,51,36,31301,22824,82.34385,126404.38,115213.19,15,0,0.0311,0.044,0.0069,0.0085,13660,1097139,5216528,21191,0.0546,0.0718,0.0994,491,634,0,1642,1,3,0,0,1,0,0,Normal
udp,http,INT,9.9097,27,9,10665,1449,5.4492,6887.79,1169.76,18,0,0.367,1.1011,0.0069,0.0111,7834,752310,3516105,36312,0.2774,0.0666,0.0623,316,161,2,2656,1,1,0,0,1,0,0,Normal
tcp,http,CON,0.3635,696,15,129456,1125,1956.2356,2849467.67,24762.48,25,1,0.000522,0.02423,0.3037,0.0102,269,80,79,798,0.000781,0.001946,7e-05,186,75,1,110,29,24,0,0,0,0,1,Worm
udp,ssl,CON,9.1542,71,56,19170,22232,20.8101,13402.38,19428.91,13,0,0.1289,0.1635,0.0092,0.016,41139,7374084,8348836,4817,0.1399,0.0586,0.0326,216,397,1,4565,2,4,0,0,0,0,0,Normal
tcp,-,CON,3.0581,24,25,7500,6050,24.034799999999997,15696.24,15827.04,0,1,0.1274,0.1223,0.0091,0.0147,54338,9947104,7117885,58234,0.164,0.0099,0.0448,250,242,1,4061,2,2,0,0,0,0,0,Normal
udp,http,INT,1.3109,204,29,28356,2030,177.7341,173041.26,12387.99,20,2,0.006426,0.045205,0.3419,0.0152,1210,416,740,2806,0.002663,0.004664,0.00076,139,70,1,10,55,23,0,0,9,1,1,Analysis
udp,-,INT,8.6969,13,7,1267,854,3.4495500000000003,932.74,785.56,4,0,0.669,1.2424,0.0042,0.018,421,6999548,4746918,32709,0.2206,0.0911,0.0652,78,122,2,1064,1,1,0,0,1,0,0,Normal
tcp,ssl,FIN,6.8878,63,28,7087,16100,19.817700000000002,6585.56,18699.74,34,0,0.1093,0.246,0.0168,0.0089,12015,3866520,4367245,55934,0.2669,0.0276,0.0132,90,575,0,4941,1,3,0,0,0,0,0,Normal
tcp,ssl,CON,5.1111,7,17,5118,10693,7.043550000000001,6409.6,16736.96,0,9,0.7302,0.3007,0.0006,0.0113,2621,9759261,1619562,4586,0.0351,0.0519,0.0432,585,629,1,2313,1,1,0,0,1,0,0,Normal
udp,ssl,CON,8.9946,64,40,26720,3680,17.34375,19012.29,3273.07,24,0,0.1405,0.2249,0.005,0.0084,15676,1934761,686873,38295,0.2765,0.0445,0.0659,334,92,1,835,3,3,0,0,1,0,0,Normal
udp,-,CON,7.3494,49,46,13597,35788,19.3893,11840.96,38956.09,3,0,0.15,0.1598,0.0087,0.0101,36632,1782068,3964240,47869,0.2538,0.0283,0.0671,222,778,2,2443,2,4,0,0,1,0,0,Normal
tcp,http,INT,3.2681,25,55,10187,33880,36.71865,19950.49,82935.3,0,29,0.1307,0.0594,0.0045,0.0133,15990,5867717,6779106,33236,0.1869,0.033,0.0882,326,616,1,1000,3,4,0,0,1,0,0,Normal
udp,-,RST,1.4569,659,20,130482,1300,466.0612,716495.93,7138.49,47,9,0.002211,0.072845,0.3511,0.058,2116,893,349,1148,0.003194,0.002292,0.004632,198,65,1,41,36,38,0,0,0,0,1,Botnet
icmp,ftp,CON,1.4923,115,4,7590,100,79.7446,40689.87,536.1,33,0,0.012976,0.373066,0.3467,0.0331,1075,981,338,496,0.001291,0.004263,0.004554,66,25,0,63,45,10,1,1,4,0,1,Backdoor
udp,http,INT,7.5713,39,16,7361,96,10.896450000000002,6222.43,101.44,21,0,0.1941,0.4732,0.012,0.0112,4211,1877651,5945544,53173,0.078,0.0056,0.0202,151,6,2,4588,4,3,0,0,0,0,0,Normal
tcp,-,INT,3.1015,48,8,28080,8,27.0837,57943.76,20.64,40,0,0.0646,0.3877,0.0019,0.008,9110,6144479,5208923,11742,0.1085,0.0629,0.0387,468,1,0,3113,2,3,0,0,0,0,0,Normal
udp,dns,INT,5.8313,36,9,17415,4779,11.57535,19113.26,6556.29,27,0,0.162,0.6479,0.0078,0.0109,49393,9952986,5011936,21509,0.0293,0.0363,0.0002,387,531,1,3009,2,3,0,0,0,0,0,Normal
tcp,-,FIN,0.7554,66,7,35640,973,144.9648,301971.64,10305.08,58,0,0.0114,0.1079,0.0028,0.0082,26683,3843546,536427,28029,0.2717,0.0201,0.0038,432,139,2,2580,1,2,0,0,0,0,0,Normal
tcp,dns,CON,6.9312,16,43,3880,27090,12.76845,3582.65,31267.41,0,27,0.4332,0.1612,0.0026,0.0046,18284,418901,6332877,31811,0.2402,0.0064,0.0241,194,630,2,869,3,1,0,0,1,0,0,Normal
tcp,http,INT,1.6565,2,4,937,1352,5.43315,3622.14,6529.52,0,0,0.8282,0.4141,0.0143,0.0123,23780,9325467,3728629,10837,0.2232,0.0528,0.0485,375,338,2,3614,4,1,0,0,1,0,0,Normal
udp,ssl,INT,4.2746,2,12,1422,6216,4.9128,2129.8,11633.45,0,8,2.1373,0.3562,0.0105,0.0126,17366,8045607,5802687,12653,0.0059,0.0772,0.0273,569,518,2,4959,2,1,0,0,1,0,0,Normal
tcp,dns,FIN,4.8945,1,39,673,17433,12.2586,880.99,28493.9,0,37,4.8945,0.1255,0.0198,0.0011,54087,6080349,2020271,32991,0.1316,0.0574,0.0274,539,447,1,2981,4,2,0,0,1,0,0,Normal
tcp,dns,INT,8.8032,2,25,667,17025,4.60065,485.28,15471.71,0,22,4.4016,0.3521,0.0016,0.0162,17436,8911226,3931126,14271,0.2018,0.0538,0.0495,267,681,1,4385,1,3,0,0,1,0,0,Normal
udp,dns,CON,0.7342,70,40,31412,1040,224.74200000000002,273831.03,11332.44,30,0,0.0105,0.0184,0.0171,0.0123,18015,2070738,4505043,27911,0.0519,0.0917,0.0146,359,26,2,1551,2,3,0,0,0,0,0,Normal
tcp,http,INT,6.5528,37,16,26316,5824,12.1323,25702.69,7110.27,21,0,0.1771,0.4095,0.0141,0.0074,46355,6828326,7917020,6662,0.0795,0.0384,0.0013,569,364,1,4886,1,1,0,0,0,0,0,Normal
udp,ssl,FIN,3.4503,75,47,5906,30221,53.03895,10955.58,70071.66,28,0,0.046,0.0734,0.0093,0.0084,38664,7569789,5329783,56195,0.2103,0.0625,0.0492,63,643,2,1741,3,2,0,0,0,0,0,Normal
udp,http,INT,5.4936,65,5,21043,905,19.11315,24515.72,1317.89,59,0,0.0845,1.0987,0.0014,0.0152,3791,8158179,1838626,10057,0.0567,0.0452,0.0875,259,181,1,3908,2,1,0,0,0,0,0,Normal
tcp,dns,CON,5.2425,58,36,26825,11916,26.89575,32748.01,18183.84,21,0,0.0904,0.1456,0.0093,0.0136,14605,9237247,6445615,45151,0.2603,0.0063,0.0626,370,331,1,4163,3,4,0,0,0,0,0,Normal
icmp,ssh,REQ,1.2768,553,2,40922,150,434.679,256402.68,939.85,15,5,0.002309,0.638402,0.0934,0.0963,2140,701,409,3021,0.009575,0.000736,0.000845,74,75,0,191,52,19,1,0,3,0,1,Backdoor
udp,dns,CON,6.9205,27,27,16132,9828,11.70435,14919.23,11361.09,0,0,0.2563,0.2563,0.0178,0.0072,612,1885414,2556713,38696,0.1947,0.0279,0.0535,478,364,1,3322,2,2,0,0,1,0,0,Normal
tcp,http,INT,2.3963,11,51,5417,30141,38.809650000000005,14468.93,100624.8,0,38,0.2178,0.047,0.0112,0.0186,44762,2744312,7630237,25457,0.2254,0.0023,0.077,394,591,2,918,2,3,0,0,0,0,0,Normal
tcp,http,INT,2.0366,44,11,14630,8162,40.50915,45975.11,32061.59,33,0,0.0463,0.1851,0.0096,0.0173,65493,3224657,6147951,2290,0.0067,0.0086,0.0435,266,742,1,2031,4,4,0,0,0,0,0,Normal
udp,http,CON,1.7341,34,53,3060,20617,75.25335,11293.2,95111.08,0,18,0.051,0.0327,0.0179,0.0188,7455,5042111,8408249,22288,0.0964,0.0594,0.0325,72,389,2,2227,4,3,0,0,1,0,0,Normal
tcp,-,CON,6.7758,41,32,27367,21376,16.1604,25849.51,25237.93,9,0,0.1653,0.2117,0.006,0.0189,38344,2001994,8655442,15927,0.2141,0.0033,0.0172,534,668,0,3097,3,3,0,0,0,0,0,Normal
tcp,ssl,FIN,8.6397,47,42,31137,26964,15.45195,23065.56,24967.47,3,0,0.1838,0.2057,0.0094,0.0062,55418,6930432,6509358,59747,0.2013,0.0995,0.0961,530,642,2,258,1,1,0,0,1,0,0,Normal
tcp,dns,FIN,3.2133,52,30,7215,22290,38.27805,14370.13,55493.79,20,0,0.0618,0.1071,0.0167,0.0176,45962,1053050,8136114,51114,0.0521,0.0584,0.0074,111,743,2,1472,2,2,0,0,0,0,0,Normal
icmp,http,RST,0.9899,112,15,12992,810,128.2966,104997.15,6546.16,46,6,0.008838,0.065993,0.498,0.0169,1379,666,946,2039,0.004991,0.004159,0.000362,116,54,1,17,71,46,0,0,4,1,1,Worm
tcp,dns,CON,1.6266,56,12,26460,456,62.7081,104110.17,2242.74,42,0,0.029,0.1355,0.0145,0.0183,62854,7327335,7668797,11235,0.1366,0.032,0.0302,378,38,2,3232,2,4,0,0,1,0,0,Normal
udp,http,CON,7.0007,37,8,16372,2536,9.64185,14967.64,2897.99,27,0,0.1892,0.8751,0.0189,0.0127,28912,7766553,6949920,28960,0.2793,0.0205,0.0562,354,317,1,2245,3,2,0,0,1,0,0,Normal
tcp,ssl,FIN,4.7188,71,17,51297,3791,27.973200000000002,69573.62,6427.06,52,0,0.0665,0.2776,0.0057,0.0105,30013,7691318,7845040,6693,0.2701,0.0632,0.0187,578,223,0,3888,1,1,0,0,1,0,0,Normal
tcp,-,FIN,4.9966,21,55,15146,17600,22.81545,19400.38,28179.14,0,33,0.2379,0.0908,0.0058,0.0081,7749,5341529,654250,17014,0.2508,0.0677,0.0648,577,320,0,175,4,3,0,0,0,0,0,Normal
tcp,ssl,CON,6.9424,8,27,4120,11205,7.562250000000001,3798.09,12911.91,0,18,0.8678,0.2571,0.0012,0.0035,58499,2853866,8520748,34744,0.2709,0.0081,0.055,412,415,2,1276,1,3,0,0,1,0,0,Normal
udp,-,REQ,0.5679,440,3,60720,45,780.0248,855315.64,633.88,17,1,0.001291,0.18931,0.1615,0.0757,3575,543,133,3193,0.005788,0.004884,0.00449,138,15,1,126,73,66,0,0,5,1,1,Backdoor
udp,http,INT,1.2102,219,25,23871,1800,201.6214,157800.12,11898.97,46,1,0.005526,0.048408,0.1348,0.0178,1918,505,26,2488,0.000836,0.003501,0.00272,109,72,1,63,93,54,0,0,1,0,1,Analysis
udp,ssl,CON,9.6334,45,8,15075,2984,8.25255,10015.16,2478.05,36,0,0.2141,1.2042,0.0068,0.004,19588,5742680,4870141,5538,0.024,0.0476,0.0443,268,373,0,2781,4,1,0,0,1,0,0,Normal
tcp,http,INT,7.4038,17,5,3803,3595,4.45725,3288.05,3884.5,12,0,0.4355,1.4808,0.0158,0.0019,52806,667662,116850,25799,0.203,0.0828,0.0644,179,719,1,260,4,2,0,0,0,0,0,Normal
tcp,dns,CON,3.745,39,18,20913,2628,22.8306,35740.73,5613.93,20,0,0.096,0.2081,0.0026,0.0051,11263,7922816,8161935,21810,0.1313,0.0155,0.0719,429,146,1,1175,3,3,0,0,1,0,0,Normal
tcp,-,CON,1.921,38,55,27930,41910,72.6189,93052.16,174535.27,0,15,0.0506,0.0349,0.0117,0.0199,12111,280147,7496455,59746,0.2666,0.0463,0.0752,588,762,0,356,4,4,0,0,1,0,0,Normal
tcp,ssl,FIN,2.2367,68,16,43350,3936,56.3328,124039.61,14077.85,50,0,0.0329,0.1398,0.0096,0.0043,10492,3748086,9170766,49002,0.0696,0.0947,0.0073,510,246,1,4945,3,1,0,0,0,0,0,Normal
udp,dns,INT,3.7495,42,24,12127,7272,26.40375,20700.59,15515.84,16,0,0.0893,0.1562,0.0175,0.0029,26769,4258659,7894329,1895,0.279,0.0614,0.0282,231,303,2,4539,3,2,0,0,0,0,0,Normal
udp,ssl,INT,2.808,27,29,17482,1363,29.914199999999997,39845.73,3883.15,0,2,0.104,0.0968,0.0004,0.0128,3621,9706488,629283,64908,0.1902,0.0825,0.0634,518,47,2,4474,1,4,0,0,1,0,0,Normal
udp,-,CON,3.7477,40,12,10800,7524,20.8128,18443.28,16061.02,28,0,0.0937,0.3123,0.0008,0.0123,2610,4547422,1629802,14993,0.2578,0.0752,0.0262,216,627,1,3122,3,1,0,0,1,0,0,Normal
udp,ssl,FIN,4.1927,70,28,19425,10864,35.06115,29651.75,20729.51,42,0,0.0599,0.1497,0.0052,0.01,63371,8546548,1366343,45841,0.2185,0.0538,0.0954,222,388,2,3239,4,2,0,0,0,0,0,Normal
udp,-,FIN,3.4022,51,55,4526,5610,46.73445,8514.5,13191.48,0,4,0.0667,0.0619,0.0108,0.0194,64903,667796,2561664,16526,0.2602,0.0366,0.046,71,102,2,1682,1,3,0,0,0,0,0,Normal
tcp,dns,INT,9.8565,52,5,25350,2325,8.6745,16460.15,1887.07,45,0,0.1895,1.9713,0.0039,0.0054,11074,386568,6529510,42812,0.2207,0.0236,0.0709,390,465,0,4323,3,2,0,0,1,0,0,Normal
udp,ssl,FIN,4.4493,36,5,19980,2120,13.8225,28739.89,3811.85,29,0,0.1236,0.8899,0.0076,0.0023,53438,8672929,1999661,35612,0.2666,0.0704,0.0488,444,424,1,4262,3,4,0,0,1,0,0,Normal
udp,ssl,FIN,3.0509,2,20,637,14320,10.81635,1337.3,37549.18,0,16,1.5255,0.1525,0.0027,0.0011,12358,8476251,255125,27051,0.1895,0.0381,0.0441,255,716,2,3740,1,4,0,0,1,0,0,Normal
udp,ssl,INT,5.5653,55,22,20143,13442,20.753549999999997,23164.97,19322.59,33,0,0.1012,0.253,0.0139,0.0049,25118,498494,2460807,10947,0.2536,0.0291,0.0032,293,611,0,4019,2,3,0,0,0,0,0,Normal
udp,dns,INT,8.3914,51,7,15427,1029,10.367700000000001,11766.35,981.01,44,0,0.1645,1.1988,0.0143,0.0052,20159,4396976,164656,19552,0.2075,0.0693,0.0437,242,147,2,335,3,3,0,0,1,0,0,Normal
tcp,dns,CON,9.4292,62,58,11082,41934,19.0896,7522.18,35578.06,3,0,0.1521,0.1626,0.0146,0.0095,40321,9452465,5838866,31736,0.2285,0.0493,0.0284,143,723,0,2243,2,2,0,0,1,0,0,Normal
udp,ssl,CON,6.499,34,19,22695,10716,12.23265,22349.28,13190.95,14,0,0.1911,0.3421,0.0152,0.0055,44862,2358465,9402337,26015,0.0518,0.0159,0.002,534,564,2,4979,4,1,0,0,0,0,0,Normal
tcp,ssl,INT,6.0624,36,44,10125,14300,19.794,10688.79,18870.34,0,6,0.1684,0.1378,0.0032,0.0156,13518,9616668,6266962,50405,0.1022,0.0332,0.0334,225,325,0,2730,3,1,0,0,0,0,0,Normal
icmp,ftp,RST,1.472,244,7,14396,665,170.5136,78237.88,3614.07,15,2,0.006033,0.210289,0.1621,0.074,2922,693,39,1403,0.00045,0.000473,9e-06,59,95,0,18,25,57,0,0,2,0,1,Generic
icmp,http,INT,0.7291,82,6,9348,384,120.6976,102571.0,4213.44,19,5,0.008891,0.121516,0.3072,0.0727,512,913,20,1259,0.008253,0.000469,0.00248,114,64,0,11,79,46,0,0,6,0,1,Botnet
icmp,ssh,CON,0.8459,420,10,48720,450,508.3533,460780.9,4255.98,45,6,0.002014,0.084587,0.1485,0.0163,3309,509,791,3477,0.007095,0.003141,0.004439,116,45,1,56,50,74,0,0,7,0,1,Worm
tcp,-,CON,1.3044,64,15,14480,8475,90.84809999999999,71047.03,51978.9,48,0,0.0204,0.087,0.0073,0.0172,64390,5867533,8577070,32581,0.1582,0.0292,0.0253,181,565,2,4834,3,3,0,0,1,0,0,Normal
udp,-,CON,6.0741,33,3,8208,1350,8.8902,8649.15,1778.03,29,0,0.1841,2.0247,0.011,0.0177,15136,3287050,9272126,45346,0.1931,0.0217,0.0351,199,450,2,3320,2,3,0,0,0,0,0,Normal
tcp,-,CON,0.3882,71,53,15975,34980,479.1603,263383.56,720904.3,16,0,0.0055,0.0073,0.0077,0.0129,33730,1267565,2095256,4584,0.1865,0.0551,0.0415,180,660,1,4153,2,4,0,0,1,0,0,Normal
udp,-,FIN,4.7881,21,4,1732,2860,7.831950000000001,2315.76,4778.55,17,0,0.228,1.197,0.008,0.0134,61917,2445338,7115131,6457,0.0554,0.0104,0.0889,66,715,0,0,3,4,0,0,0,0,0,Normal
udp,http,CON,8.4814,57,50,9048,31400,18.9237,6828.09,29617.64,7,0,0.1488,0.1696,0.0063,0.0157,35518,976068,5790159,39874,0.199,0.0083,0.0411,127,628,1,4699,4,4,0,0,1,0,0,Normal
udp,-,CON,4.2557,6,50,2070,31750,19.738349999999997,3113.02,59684.93,0,44,0.7093,0.0851,0.0174,0.0157,43556,8435814,4639685,59207,0.2956,0.0825,0.0719,276,635,2,4998,2,4,0,0,1,0,0,Normal
udp,ssh,CON,1.4369,595,14,78540,756,423.8152,437260.39,4208.92,27,6,0.002415,0.102639,0.0475,0.0821,1782,759,933,2665,0.007384,0.004135,0.000891,132,54,0,22,96,64,1,2,8,0,1,Backdoor
tcp,ftp,RST,0.5663,606,14,27876,574,1094.7947,393787.07,8108.54,6,3,0.000935,0.040451,0.4981,0.0827,1439,729,965,2294,0.007707,0.003663,0.002543,46,41,1,168,92,24,0,0,2,0,1,Analysis
udp,http,INT,5.3131,9,27,6322,216,10.1637,7615.95,325.24,0,16,0.5903,0.1968,0.0134,0.02,56668,5533139,4835116,26940,0.0417,0.0955,0.0429,562,8,1,2897,2,4,0,0,1,0,0,Normal
tcp,ssl,INT,8.0402,55,25,4881,3000,14.924999999999999,3885.46,2984.99,30,0,0.1462,0.3216,0.0062,0.0013,26587,1093799,3951473,9436,0.1062,0.0333,0.0782,71,120,0,2275,1,1,0,0,1,0,0,Normal
udp,-,CON,2.9327,21,49,10027,20482,35.80365,21883.2,55872.82,0,26,0.1397,0.0599,0.0144,0.0068,13125,205260,108839,56005,0.2716,0.0811,0.0673,382,418,1,4020,4,2,0,0,0,0,0,Normal
tcp,dns,FIN,6.7121,24,52,7680,8528,16.9842,7322.87,10164.3,0,28,0.2797,0.1291,0.0011,0.0058,59760,5511666,992726,886,0.2132,0.0782,0.0674,256,164,2,3131,4,1,0,0,0,0,0,Normal
tcp,dns,INT,4.1621,35,33,16362,4422,24.507,25160.49,8499.59,0,0,0.1189,0.1261,0.0191,0.002,48280,2321432,4181758,28694,0.0692,0.0493,0.0439,374,134,1,423,1,3,0,0,0,0,0,Normal
udp,dns,INT,4.1084,70,10,28962,3640,29.208750000000002,45117.8,7087.99,60,0,0.0587,0.4108,0.0167,0.0144,30606,6748474,943225,29304,0.2766,0.0235,0.0587,331,364,0,4157,2,4,0,0,1,0,0,Normal
udp,-,INT,6.4683,19,39,5415,897,13.45005,5357.79,1109.4,0,19,0.3404,0.1659,0.0105,0.0075,36120,7071180,701861,44219,0.1073,0.0242,0.0044,228,23,1,11,4,4,0,0,1,0,0,Normal
tcp,http,RST,1.3947,782,26,64124,2444,579.3515,367825.09,14019.16,26,6,0.001783,0.053641,0.14,0.078,3242,91,41,2639,0.003591,0.004468,0.001739,82,94,0,120,65,23,0,0,7,1,1,Shellcode
udp,dns,INT,9.6758,4,50,1425,6050,8.37135,942.55,5002.15,0,46,2.419,0.1935,0.0103,0.0028,7903,4593315,2032417,48548,0.0713,0.0816,0.0026,285,121,2,126,2,4,0,0,1,0,0,Normal
icmp,-,REQ,0.3775,113,0,14803,0,299.3445,313712.99,0.0,20,8,0.003341,0.377492,0.1362,0.0172,2652,454,987,3464,0.004103,0.001939,0.004663,131,0,1,133,60,41,0,0,1,1,1,Analysis
udp,dns,FIN,3.1489,74,6,22755,2898,38.1087,46248.73,7362.6,66,0,0.0426,0.5248,0.0164,0.0172,60918,7609881,8178196,4879,0.2724,0.064,0.0319,246,483,2,3745,3,2,0,0,0,0,0,Normal
tcp,http,FIN,5.585,66,24,29040,9528,24.17205,33277.84,13648.04,41,0,0.0846,0.2327,0.0194,0.0162,30065,3699347,7272591,20880,0.0921,0.0165,0.0839,352,397,2,4066,3,2,0,0,0,0,0,Normal
udp,dns,INT,5.5117,51,48,8797,3168,26.942700000000002,10215.35,4598.22,1,0,0.1081,0.1148,0.0065,0.0062,34044,3637464,4624656,27820,0.1905,0.0979,0.0602,138,66,2,4673,1,4,0,0,1,0,0,Normal
tcp,-,INT,1.5931,32,8,17200,896,37.6617,69096.77,4499.32,23,0,0.0498,0.1991,0.0199,0.0112,63088,1239940,5212978,48192,0.0576,0.0648,0.0588,430,112,0,3303,4,3,0,0,1,0,0,Normal
icmp,ftp,RST,0.4121,794,5,96074,355,1939.0273,1865232.64,6892.16,13,8,0.000519,0.082412,0.0316,0.092,4072,432,579,2861,0.00331,0.001732,0.00104,121,71,1,196,56,50,0,0,8,1,1,DoS
udp,ssl,CON,0.7566,5,4,931,1524,17.84265,7877.19,16113.88,0,0,0.1513,0.1892,0.0054,0.0058,58483,2918517,1026916,21252,0.2264,0.0935,0.0802,149,381,0,3274,1,2,0,0,0,0,0,Normal
udp,http,CON,2.0498,39,23,6142,14513,45.371249999999996,19178.88,56642.86,15,0,0.0526,0.0891,0.0065,0.0104,36979,747479,7777850,50881,0.1131,0.0046,0.0598,126,631,0,68,4,3,0,0,1,0,0,Normal
icmp,-,INT,0.0708,224,5,30016,360,3233.5523,3390683.17,40666.51,48,6,0.000316,0.014164,0.1852,0.0071,3763,946,330,3497,0.007161,0.004526,0.001801,134,72,1,138,43,22,0,0,4,0,1,Worm
udp,-,RST,0.1811,457,26,64437,728,2667.0796,2846519.38,32159.57,48,2,0.000396,0.006965,0.4122,0.0301,3626,847,539,765,0.002794,0.000551,0.00103,141,28,1,79,72,77,0,0,0,1,1,Botnet
tcp,dns,FIN,8.9489,7,6,892,1134,2.17905,638.29,1013.75,0,0,1.2784,1.4915,0.0172,0.0055,11902,9938126,9421469,60964,0.0751,0.0665,0.0034,102,189,2,126,1,2,0,0,0,0,0,Normal
udp,ssl,FIN,0.4328,3,16,157,6080,65.84895,2328.97,112382.19,0,13,0.1443,0.0271,0.0133,0.0161,33275,757849,5485199,44755,0.2388,0.0598,0.0685,42,380,0,3071,1,2,0,0,1,0,0,Normal
udp,ssh,INT,0.4561,127,1,12065,76,280.6316,211613.76,1333.0,46,5,0.003591,0.456114,0.1609,0.0754,1225,145,992,162,0.002954,0.002316,0.001099,95,76,1,94,29,74,0,0,6,1,1,DoS
tcp,http,CON,0.8714,8,27,1510,6615,60.246300000000005,11089.91,60728.25,0,19,0.1089,0.0323,0.0161,0.0088,63265,9010306,7869399,58860,0.2066,0.0417,0.0317,151,245,1,2910,2,2,0,0,1,0,0,Normal
tcp,ssl,CON,0.8699,76,2,8835,1544,134.4906,64996.89,14198.53,72,0,0.0114,0.435,0.0065,0.0064,8787,344989,1417628,13246,0.0392,0.0914,0.0041,93,772,2,145,4,4,0,0,0,0,0,Normal
tcp,ssh,CON,1.1585,737,19,86966,1406,652.5668,600540.99,9709.09,29,3,0.001572,0.060974,0.0246,0.0272,1813,794,959,494,0.00901,0.001102,0.003536,118,74,1,139,48,64,0,0,0,1,1,Analysis
udp,dns,FIN,9.3065,29,23,3878,575,8.381250000000001,2667.39,494.28,4,0,0.3209,0.4046,0.0046,0.0032,49606,8245437,6701667,51393,0.271,0.0805,0.048,107,25,0,404,2,4,0,0,1,0,0,Normal
udp,dns,FIN,9.0772,34,7,17892,763,6.7752,12615.39,672.46,26,0,0.267,1.2967,0.0178,0.0154,27851,5116530,2822404,41463,0.2549,0.0121,0.0276,421,109,0,3467,3,2,0,0,1,0,0,Normal
udp,dns,FIN,0.6007,21,42,11235,31920,157.31924999999998,119702.45,425111.5,0,21,0.0286,0.0143,0.0004,0.0155,21489,8655224,6631869,40268,0.2518,0.0717,0.0325,428,760,1,1922,4,3,0,0,0,0,0,Normal
udp,http,INT,6.7431,48,58,14820,33698,23.5797,14065.97,39979.33,0,9,0.1405,0.1163,0.0025,0.0118,37109,5696721,397104,65242,0.03,0.0132,0.095,247,581,0,2954,2,2,0,0,1,0,0,Normal
udp,dns,CON,4.9406,79,49,50955,27342,38.8617,66006.49,44273.12,30,0,0.0625,0.1008,0.0026,0.0172,47249,4485347,3657941,35331,0.0526,0.0348,0.0246,516,558,0,877,3,2,0,0,0,0,0,Normal
udp,http,CON,1.5397,43,12,14405,4992,53.58345,59878.41,25938.3,31,0,0.0358,0.1283,0.0191,0.0006,28194,3739686,349536,39027,0.1269,0.0162,0.09,268,416,2,1518,3,1,0,0,1,0,0,Normal
udp,dns,FIN,3.5186,76,43,23845,26015,50.730450000000005,43371.9,59148.66,31,0,0.0463,0.0818,0.0004,0.0197,42638,4440834,3890617,56962,0.2528,0.0866,0.0632,251,605,1,3843,1,2,0,0,0,0,0,Normal
tcp,dns,FIN,7.4923,8,55,1690,1870,12.6129,1443.61,1996.71,0,45,0.9365,0.1362,0.0034,0.0138,32961,3154888,7101755,45362,0.1043,0.0406,0.0921,169,34,2,299,1,1,0,0,0,0,0,Normal
udp,ssh,INT,0.3839,322,20,63434,560,890.8305,1321846.64,11669.36,23,3,0.001192,0.019196,0.2488,0.0574,167,300,160,3058,0.007223,0.002501,0.001455,197,28,0,40,35,26,0,0,3,1,1,DoS
udp,http,INT,0.0948,12,27,2700,20331,617.3697,182361.49,1716477.54,0,15,0.0079,0.0035,0.0195,0.0096,33081,7026559,6599946,14740,0.1461,0.0322,0.0815,180,753,0,2826,4,4,0,0,1,0,0,Normal
tcp,ssh,RST,1.1709,411,25,70281,2375,372.374,480198.48,16227.31,45,8,0.002849,0.046835,0.2844,0.016,2323,539,773,3144,0.000716,0.000386,0.002151,171,95,1,196,25,59,1,0,6,1,1,Backdoor
tcp,dns,CON,2.9091,27,18,19507,612,23.20305,42916.41,1683.0,8,0,0.1077,0.1616,0.0183,0.0066,48579,1586089,6528810,30102,0.1085,0.0097,0.0585,578,34,2,4299,1,4,0,0,1,0,0,Normal
tcp,ssl,INT,2.4151,13,32,1673,7680,27.94965,4435.51,25440.42,0,17,0.1858,0.0755,0.0055,0.007,444,6418984,6970136,35963,0.0516,0.0873,0.098,103,240,0,391,3,4,0,0,0,0,0,Normal
udp,ssl,INT,0.3897,41,58,9276,23722,381.0426,152334.91,486954.43,0,15,0.0095,0.0067,0.0031,0.0032,38259,1845706,6076097,40105,0.223,0.0032,0.0865,181,409,1,4755,4,1,0,0,0,0,0,Normal
tcp,http,INT,0.7592,17,45,9477,4500,122.49870000000001,79895.54,47418.88,0,27,0.0447,0.0169,0.0077,0.0007,52920,6867217,8496924,65392,0.1887,0.0386,0.0197,446,100,1,2592,4,1,0,0,1,0,0,Normal
icmp,ftp,INT,1.0245,134,9,21038,558,139.5804,164279.31,4357.25,0,2,0.007646,0.113833,0.3394,0.0402,3555,378,829,550,0.000287,0.001652,0.000541,157,62,1,25,86,47,1,0,6,1,1,Backdoor
tcp,-,INT,5.8338,53,48,7420,3744,25.96935,8140.15,5134.22,4,0,0.1101,0.1215,0.0038,0.0179,54344,475323,1657357,387,0.2626,0.0025,0.0892,112,78,1,2721,3,1,0,0,1,0,0,Normal
tcp,dns,FIN,4.8333,69,47,48990,27824,36.00015,64869.87,46053.77,22,0,0.07,0.1028,0.0165,0.0187,17391,2735586,3535483,61156,0.2136,0.0797,0.0453,568,592,2,2719,4,1,0,0,0,0,0,Normal
udp,ssl,FIN,1.8878,49,25,4471,12900,58.80015,15158.77,54668.19,24,0,0.0385,0.0755,0.0043,0.0062,54703,4156120,9400934,33342,0.1242,0.0108,0.0478,73,516,1,4077,3,2,0,0,1,0,0,Normal
udp,ssl,INT,0.3143,72,59,35460,20119,625.15665,722012.98,512062.15,11,0,0.0044,0.0053,0.0192,0.0068,42488,896592,8502888,44784,0.0803,0.085,0.0022,394,341,0,2870,3,2,0,0,1,0,0,Normal
tcp,dns,FIN,7.0494,56,22,5670,9812,16.5972,5147.69,11135.16,32,0,0.1259,0.3204,0.016,0.0122,41470,5289026,9583738,2133,0.0308,0.0984,0.0288,81,446,0,951,1,3,0,0,1,0,0,Normal
udp,-,INT,0.5417,6,33,3900,17688,107.99085,46076.08,261215.95,0,27,0.0903,0.0164,0.0104,0.017,22901,6938813,4713842,57288,0.2648,0.0044,0.0677,520,536,2,1846,2,2,0,0,1,0,0,Normal
tcp,-,CON,7.01,64,13,43440,923,16.47645,39659.86,1053.35,49,0,0.1095,0.5392,0.0134,0.0091,32769,3225042,6115742,41046,0.1612,0.0502,0.0207,543,71,1,2211,1,2,0,0,0,0,0,Normal
udp,dns,FIN,1.2991,65,5,25431,2515,80.82675,125289.21,15487.95,60,0,0.02,0.2598,0.007,0.0167,30319,601475,9247066,21254,0.2861,0.0844,0.0626,313,503,0,4471,1,4,0,0,1,0,0,Normal
udp,ssl,INT,6.6318,26,25,19207,12575,11.5353,18536.2,15169.38,0,0,0.2551,0.2653,0.0102,0.0009,40492,7488086,3626542,60956,0.2768,0.0883,0.0026,591,503,1,4310,2,3,0,0,1,0,0,Normal
icmp,ssh,RST,0.6641,745,18,129630,324,1148.9673,1561631.72,3903.18,15,9,0.000891,0.036893,0.3857,0.0997,1929,283,436,2654,0.005618,0.001533,0.00265,174,18,0,124,54,17,0,0,4,1,1,Shellcode
tcp,ssl,CON,9.8728,63,48,31263,16128,16.8645,20266.56,13068.61,13,0,0.1567,0.2057,0.0174,0.0057,6533,8350385,3695263,32017,0.0339,0.0461,0.0055,397,336,0,4781,3,3,0,0,1,0,0,Normal
tcp,-,INT,7.2947,62,18,33402,10404,16.4502,29305.5,11409.86,43,0,0.1177,0.4053,0.0069,0.0041,48501,7380680,588959,47472,0.2583,0.0562,0.0887,431,578,1,3462,3,2,0,0,0,0,0,Normal
udp,ssl,CON,5.565,26,8,18395,3104,9.16455,21155.2,4462.2,17,0,0.214,0.6956,0.0158,0.0136,26303,6802646,5382547,8822,0.2619,0.0189,0.0072,566,388,1,3260,4,3,0,0,0,0,0,Normal
udp,-,INT,2.912,32,48,15640,16176,41.2089,34373.68,44439.63,0,14,0.091,0.0607,0.0129,0.0103,17782,851217,8442135,35422,0.2588,0.0939,0.026,391,337,0,2335,2,1,0,0,1,0,0,Normal
udp,-,CON,6.7078,6,5,3517,1885,2.45985,3356.08,2248.12,0,0,1.118,1.3416,0.0194,0.0,14557,5479633,3260998,11344,0.1739,0.0645,0.0827,469,377,2,326,3,4,0,0,0,0,0,Normal
tcp,ssl,FIN,0.0596,29,20,10077,7620,1233.8661,1082713.35,1023353.47,9,0,0.0021,0.003,0.011,0.0002,65098,9417753,642180,35948,0.2519,0.0185,0.0356,278,381,0,1569,3,1,0,0,0,0,0,Normal
udp,ssl,CON,4.3275,36,54,12645,42984,31.1961,18701.05,79462.81,0,16,0.1202,0.0801,0.0041,0.0091,36191,879560,7139483,31252,0.1704,0.0756,0.0074,281,796,1,4296,4,1,0,0,1,0,0,Normal
icmp,-,REQ,1.3586,619,2,41473,68,457.0758,244203.58,400.4,49,3,0.002195,0.679318,0.0434,0.0865,1128,522,862,3701,0.008072,0.001155,0.00254,67,34,1,184,59,65,0,0,4,0,1,Exploit
udp,dns,INT,8.8738,70,25,50137,7550,16.05855,36160.51,6806.58,43,0,0.1268,0.355,0.0047,0.0097,42672,8491582,4688458,38581,0.2536,0.0564,0.0383,573,302,2,1413,2,2,0,0,0,0,0,Normal
icmp,-,REQ,0.8427,580,26,113100,1534,719.1365,1073720.71,14563.11,3,7,0.001453,0.032411,0.3563,0.0908,1455,400,311,3369,0.005798,0.004483,0.003506,195,59,1,197,71,23,0,0,6,1,1,Botnet
tcp,-,INT,6.9143,36,21,24300,11424,12.3657,22492.5,13217.81,15,0,0.1921,0.3293,0.0097,0.0179,21108,7911394,8361041,31085,0.105,0.0628,0.0322,540,544,2,4992,2,4,0,0,1,0,0,Normal
udp,http,INT,2.9242,23,17,9918,11203,20.51865,21708.71,30649.37,4,0,0.1271,0.172,0.0153,0.0118,22086,4145845,991033,16344,0.0023,0.0643,0.0106,345,659,1,3149,4,2,0,0,0,0,0,Normal
udp,-,CON,7.2043,68,2,32385,752,14.5746,28769.5,835.06,66,0,0.1059,3.6021,0.0181,0.0176,54598,9995076,3850373,20030,0.2501,0.0296,0.0622,381,376,2,4165,3,4,0,0,1,0,0,Normal
tcp,ssl,INT,2.9288,20,41,2100,30668,31.24185,4588.97,83770.52,0,20,0.1464,0.0714,0.0029,0.0049,15349,6165452,4683397,25144,0.1906,0.0581,0.0695,84,748,0,1378,4,3,0,0,1,0,0,Normal
udp,ssh,RST,0.7948,398,7,15920,511,509.5874,160249.51,5143.69,34,6,0.001997,0.113537,0.2848,0.0241,2334,163,537,666,0.002621,0.001452,0.003925,40,73,1,164,20,65,0,0,4,0,1,Exploit
tcp,-,INT,8.2959,14,44,10115,29436,10.4871,7803.42,28386.23,0,28,0.5926,0.1885,0.0068,0.0187,51688,338261,9083895,37176,0.1223,0.0829,0.0717,578,669,1,4905,3,2,0,0,0,0,0,Normal
icmp,ssh,INT,1.2637,339,19,42714,133,283.3008,270411.44,841.99,45,4,0.003728,0.066509,0.3532,0.0027,1574,522,473,446,0.006926,0.003932,0.002573,126,7,1,157,99,53,0,0,2,1,1,Reconnaissance
udp,dns,FIN,9.0811,32,21,14880,11445,8.754449999999999,10486.81,10082.45,10,0,0.2838,0.4324,0.0121,0.0141,29061,1701126,4475367,8032,0.1346,0.0408,0.0026,372,545,2,3428,2,4,0,0,1,0,0,Normal
udp,http,CON,0.5163,2,30,285,8190,92.96355,3532.62,126895.26,0,28,0.2582,0.0172,0.0053,0.009,6242,1772047,3022400,4613,0.2628,0.0836,0.0622,114,273,0,2704,2,4,0,0,1,0,0,Normal
udp,http,INT,7.4299,71,50,41268,7400,24.428549999999998,35548.49,7967.86,19,0,0.1046,0.1486,0.0011,0.0153,16165,9452124,3497660,57212,0.1974,0.0197,0.0184,465,148,1,1435,4,3,0,0,1,0,0,Normal
icmp,-,INT,0.1525,673,13,114410,793,4498.3727,6001852.08,41600.11,25,1,0.000227,0.011731,0.3249,0.0806,810,34,655,2045,0.001496,0.003217,0.004274,170,61,0,171,76,13,0,0,9,0,1,Worm
tcp,dns,FIN,2.381,17,58,7692,12470,47.24925,20677.1,41898.51,0,41,0.1401,0.0411,0.0089,0.0184,47501,9946563,5763552,33711,0.1277,0.0247,0.0948,362,215,1,248,2,2,0,0,0,0,0,Normal
udp,dns,INT,9.8401,25,7,8406,3843,4.878,5467.4,3124.34,16,0,0.3936,1.4057,0.0163,0.0155,1341,882981,4098129,32495,0.2301,0.0977,0.0317,269,549,1,2338,2,2,0,0,1,0,0,Normal
udp,ssl,CON,0.749,46,9,28577,4266,110.14680000000001,244186.72,45564.72,35,0,0.0163,0.0832,0.0165,0.009,53127,2173093,8619853,5096,0.2486,0.0889,0.09,497,474,2,1257,3,1,0,0,0,0,0,Normal
udp,-,CON,7.628,67,33,48993,17820,19.66455,41106.7,18689.15,32,0,0.1139,0.2312,0.0066,0.0066,30138,7616005,9251731,50692,0.2477,0.0282,0.0841,585,540,2,283,4,2,0,0,0,0,0,Normal
udp,http,FIN,4.5073,27,26,2700,14820,17.63805,3833.79,26304.04,0,0,0.1669,0.1734,0.0137,0.0033,40865,5257716,3857068,19795,0.075,0.0675,0.0384,80,570,2,4973,4,1,0,0,0,0,0,Normal
icmp,http,CON,0.7748,193,23,37442,1840,278.7896,386608.86,18998.99,35,0,0.004014,0.033686,0.0284,0.0131,2752,903,343,3911,0.004143,0.003878,0.001814,194,80,0,6,21,18,0,0,2,1,1,Botnet
udp,ssl,FIN,0.878,70,32,23887,14112,174.26489999999998,174128.29,128587.04,37,0,0.0125,0.0274,0.0132,0.0116,53832,8162817,3949225,21320,0.2021,0.0866,0.0498,273,441,1,3308,3,2,0,0,0,0,0,Normal
udp,ftp,RST,1.3745,250,2,23500,34,183.3457,136781.68,197.9,44,6,0.005498,0.687227,0.3357,0.0834,715,618,948,3454,0.009831,0.001808,0.001072,94,17,0,101,20,74,0,0,1,0,1,Exploit
udp,-,INT,8.1583,7,9,2607,4059,2.9418,2045.54,3980.26,0,0,1.1655,0.9065,0.0197,0.01,64668,8281244,5323742,15531,0.2556,0.0202,0.0024,298,451,0,1275,3,3,0,0,0,0,0,Normal
udp,dns,CON,8.5043,29,25,3733,4625,9.524550000000001,2809.88,4350.75,2,0,0.2933,0.3402,0.0128,0.0127,47540,325145,1258825,63412,0.0662,0.0805,0.0987,103,185,0,1202,3,1,0,0,1,0,0,Normal
udp,-,FIN,2.3745,64,54,39760,14580,74.541,107163.8,49121.23,9,0,0.0371,0.044,0.0165,0.0137,36387,4221745,9549718,61790,0.1654,0.0489,0.0148,497,270,0,3591,4,4,0,0,1,0,0,Normal
udp,dns,FIN,0.5035,72,49,8730,16023,360.51194999999996,110978.11,254610.86,22,0,0.007,0.0103,0.0126,0.016,16733,7128515,1356855,37071,0.0472,0.079,0.0798,97,327,0,2586,1,4,0,0,1,0,0,Normal
tcp,dns,CON,9.6197,3,11,1657,5819,2.18295,1102.74,4839.23,0,7,3.2066,0.8745,0.0189,0.0015,29200,7104899,7641244,62504,0.2766,0.0176,0.0634,442,529,0,3771,1,1,0,0,0,0,0,Normal
tcp,http,CON,2.6881,67,7,49077,3486,41.293350000000004,116847.43,10374.67,58,0,0.0401,0.384,0.015,0.0021,40677,5047096,802514,47643,0.2602,0.0013,0.0599,586,498,1,4947,1,1,0,0,0,0,0,Normal
udp,ssl,CON,7.431,34,37,19635,24383,14.331900000000001,16910.89,26250.21,0,3,0.2186,0.2008,0.0167,0.0028,30784,2619789,1529894,11243,0.0773,0.0918,0.0654,462,659,0,2259,4,1,0,0,1,0,0,Normal
udp,dns,INT,2.2658,55,24,12650,15576,52.29975,35731.57,54995.54,29,0,0.0412,0.0944,0.007,0.0124,14595,2788705,2389172,2242,0.2207,0.0746,0.0416,184,649,0,3211,4,1,0,0,0,0,0,Normal
udp,ssl,INT,8.7698,41,24,29366,18768,11.117700000000001,21430.92,17120.65,15,0,0.2139,0.3654,0.0098,0.0045,10690,8791619,4582166,4300,0.235,0.0084,0.0909,573,782,0,2119,1,1,0,0,1,0,0,Normal
tcp,ftp,REQ,1.3723,608,27,62016,1755,462.7236,361527.75,10230.93,39,1,0.002257,0.050826,0.481,0.0171,2416,141,8,1891,0.002563,0.001226,0.00429,102,65,1,196,24,25,0,0,9,0,1,DoS
tcp,http,FIN,2.0573,51,17,34616,8857,49.57995,107687.5,34441.49,32,0,0.0403,0.121,0.009,0.0084,59125,7653762,4433959,29504,0.0201,0.0209,0.0748,543,521,2,4707,3,3,0,0,0,0,0,Normal
tcp,dns,FIN,0.5291,11,10,5940,330,59.534099999999995,71849.18,4989.53,1,0,0.0481,0.0529,0.0143,0.0087,26916,210161,8573534,31869,0.1003,0.0958,0.0359,432,33,2,2359,4,2,0,0,1,0,0,Normal
icmp,-,RST,0.8421,590,21,43660,1701,725.5519,414763.96,16159.26,6,4,0.001427,0.040101,0.3074,0.0845,148,987,47,3048,0.000953,0.001218,0.002194,74,81,1,152,57,76,0,0,3,0,1,Reconnaissance
icmp,ssh,INT,1.3752,81,15,11421,1395,69.8069,66438.72,8115.05,16,4,0.016978,0.091681,0.132,0.0408,999,583,855,1894,0.001313,0.000982,0.001638,141,93,1,30,49,50,0,0,6,1,1,Shellcode
tcp,-,CON,0.5991,26,37,9230,12469,157.73715,98601.58,166503.66,0,10,0.023,0.0162,0.0182,0.0066,31141,3311127,262546,3641,0.0931,0.0317,0.0712,284,337,1,3429,3,3,0,0,1,0,0,Normal
udp,ssl,INT,7.6871,32,43,3720,19178,14.634900000000002,3097.15,19958.72,0,9,0.2402,0.1788,0.0054,0.0024,64221,7281048,5097218,42600,0.1177,0.0437,0.0346,93,446,1,566,4,2,0,0,1,0,0,Normal
tcp,ftp,RST,0.9246,161,29,14651,1972,205.4919,126764.73,17062.32,0,2,0.005743,0.031883,0.3184,0.0967,2942,172,849,3796,0.006531,0.004429,4.6e-05,91,68,0,105,85,14,0,0,1,0,1,Shellcode
udp,ssl,INT,5.6196,41,33,20756,20757,19.75245,23638.9,29549.7,6,0,0.1371,0.1703,0.0076,0.0094,45684,8573642,6057327,14083,0.0708,0.0388,0.0213,405,629,2,4189,3,1,0,0,1,0,0,Normal
tcp,http,CON,3.4326,38,46,4512,21758,36.7071,8413.49,50709.32,0,6,0.0903,0.0746,0.0044,0.0122,33765,3648161,3103697,23540,0.0839,0.034,0.0709,95,473,1,1016,1,4,0,0,1,0,0,Normal
tcp,http,CON,0.3413,69,45,42262,7650,501.03735,792518.13,179318.65,22,0,0.0049,0.0076,0.0118,0.0088,42803,9444296,253176,62351,0.1967,0.0043,0.0042,490,170,0,243,2,4,0,0,1,0,0,Normal
udp,-,CON,4.244,8,21,1530,14343,10.249649999999999,2307.24,27036.57,0,11,0.5305,0.2021,0.0193,0.0189,60576,5010519,4289931,27316,0.2163,0.0323,0.0471,153,683,2,1417,4,3,0,0,0,0,0,Normal
udp,ssl,CON,0.7511,29,14,10041,7882,85.87440000000001,85560.21,83951.89,15,0,0.0259,0.0536,0.0096,0.018,55003,3181269,1870505,29398,0.229,0.0907,0.078,277,563,2,2747,3,2,0,0,0,0,0,Normal
tcp,ssl,FIN,6.6661,78,50,33735,8050,28.8024,32388.26,9660.79,26,0,0.0855,0.1333,0.0059,0.0171,54119,4692112,1104528,24727,0.2143,0.0592,0.0851,346,161,2,1587,1,4,0,0,0,0,0,Normal
tcp,http,REQ,1.46,117,24,22347,696,96.572,122445.14,3813.57,18,3,0.012479,0.060835,0.4731,0.0394,478,197,322,282,0.003775,0.001919,0.003188,191,29,0,130,39,29,0,0,3,1,1,Generic
udp,http,CON,8.1619,51,38,11156,19152,16.3566,8748.0,18772.18,11,0,0.16,0.2148,0.0109,0.0064,61067,7453038,4412710,62211,0.1609,0.0291,0.0356,175,504,0,688,1,3,0,0,0,0,0,Normal
tcp,ssl,FIN,1.7511,7,43,4917,5633,42.8307,17972.93,25735.01,0,36,0.2502,0.0407,0.0064,0.0038,27159,4676790,4855865,13646,0.0464,0.0016,0.0862,562,131,0,481,4,4,0,0,1,0,0,Normal
udp,-,FIN,5.4457,28,28,5425,1316,15.42495,6375.62,1933.25,0,0,0.1945,0.1945,0.0082,0.0042,42301,4288224,634466,44619,0.192,0.0296,0.0781,155,47,1,4352,1,4,0,0,1,0,0,Normal
tcp,ssl,CON,6.7167,34,12,22652,9264,10.2729,21584.3,11033.94,21,0,0.1976,0.5597,0.01,0.0137,61098,3196125,7182345,18996,0.2696,0.0544,0.04,533,772,1,844,3,4,0,0,0,0,0,Normal
tcp,-,FIN,6.8908,72,37,41490,16539,23.7273,38534.83,19201.24,34,0,0.0957,0.1862,0.0192,0.0123,52971,3336344,8517678,47573,0.2987,0.0917,0.0581,461,447,2,2691,2,1,0,0,0,0,0,Normal
udp,http,CON,1.348,52,43,26975,16340,105.7158,128075.63,96976.64,8,0,0.0259,0.0313,0.0082,0.0057,28033,328585,1627107,41789,0.1395,0.0671,0.038,415,380,1,2259,1,2,0,0,0,0,0,Normal
tcp,ssl,INT,1.0265,27,55,14883,32725,119.82704999999999,92798.75,255046.54,0,26,0.038,0.0187,0.0193,0.0084,31029,5361965,7850738,52976,0.1761,0.087,0.0414,441,595,2,3691,3,1,0,0,1,0,0,Normal
tcp,ssl,FIN,8.9876,6,38,3495,1178,7.3434,2488.76,1048.56,0,30,1.4979,0.2365,0.0008,0.0092,15340,3274764,3436793,56888,0.2018,0.0985,0.0574,466,31,2,1663,1,1,0,0,0,0,0,Normal
tcp,ssl,FIN,5.359,36,39,26145,16731,20.992800000000003,31223.82,24976.37,0,3,0.1489,0.1374,0.013,0.0109,11408,751138,7848097,57615,0.0064,0.0815,0.063,581,429,0,3820,2,3,0,0,0,0,0,Normal
udp,http,FIN,4.2259,36,3,10800,1890,13.8432,16356.34,3577.95,32,0,0.1174,1.4086,0.0121,0.0163,6188,9156570,5270364,46622,0.2827,0.0621,0.0167,240,630,1,1908,2,3,0,0,0,0,0,Normal
tcp,http,INT,0.1825,24,24,4020,2904,394.47030000000007,140957.37,127282.4,0,0,0.0076,0.0076,0.0169,0.0083,3009,5649498,8446219,50780,0.2689,0.0289,0.0372,134,121,1,3212,2,4,0,0,0,0,0,Normal
tcp,-,REQ,0.3473,446,13,53074,585,1321.8054,1222718.99,13477.23,39,5,0.000779,0.026712,0.0709,0.0105,3772,538,357,3302,0.006176,0.001001,0.000383,119,45,1,125,42,65,0,0,3,1,1,Worm
icmp,http,RST,1.2555,740,24,142080,1104,608.5281,905336.94,7034.71,13,5,0.001697,0.052312,0.2339,0.0026,2429,489,529,3805,0.003798,0.004754,0.004317,192,46,1,99,98,47,0,0,4,1,1,Botnet
icmp,ftp,INT,1.4953,74,18,6882,1764,61.5264,36819.56,9437.62,36,3,0.020207,0.083072,0.328,0.0581,413,591,491,1403,0.007335,0.003846,0.004623,93,98,0,91,20,69,0,0,4,0,1,DoS
tcp,ftp,RST,0.9288,393,5,69168,410,428.5036,595753.53,3531.39,49,7,0.002363,0.185763,0.4051,0.0237,3184,210,673,1377,0.006604,0.000638,0.004319,176,82,1,173,21,32,0,0,6,0,1,Shellcode
tcp,dns,INT,8.9738,45,48,22218,33744,15.54525,15846.07,30082.12,0,2,0.1994,0.187,0.0188,0.0181,16078,9748965,205129,36658,0.279,0.0974,0.0698,395,703,2,3978,4,4,0,0,0,0,0,Normal
udp,http,INT,6.307,45,15,9168,11280,14.2698,9303.93,14307.89,28,0,0.1402,0.4205,0.0028,0.0032,46180,3021160,4663462,45368,0.1796,0.0038,0.0734,163,752,0,1666,2,1,0,0,0,0,0,Normal
tcp,-,CON,1.0925,77,8,13475,640,77.8009,98669.82,4686.36,26,6,0.014189,0.136567,0.1585,0.0574,2011,10,985,374,0.000723,0.004716,0.000834,175,80,1,47,51,63,0,0,3,1,1,Worm
tcp,dns,INT,5.4082,26,21,13975,7056,13.03575,16537.77,10437.43,5,0,0.208,0.2575,0.0141,0.0137,20741,8345455,4927594,30806,0.041,0.026,0.0675,430,336,1,2000,3,3,0,0,1,0,0,Normal
udp,ssl,CON,3.5635,54,57,39960,4161,46.72425,71768.35,9341.47,0,3,0.066,0.0625,0.0042,0.0031,24011,5186560,3625799,39713,0.0009,0.083,0.0023,592,73,2,862,4,4,0,0,1,0,0,Normal
tcp,dns,INT,7.8373,28,15,7945,3840,8.2299,6487.99,3919.74,12,0,0.2799,0.5225,0.0191,0.0105,3827,7924751,7545774,683,0.113,0.0024,0.0926,227,256,1,4459,1,1,0,0,1,0,0,Normal
udp,http,INT,5.5285,11,57,1828,3876,18.449849999999998,2117.02,5608.74,0,45,0.5026,0.097,0.0189,0.0001,57418,4326693,1905661,38730,0.2971,0.0406,0.0565,133,68,0,1018,3,2,0,0,1,0,0,Normal
udp,dns,CON,9.2894,37,34,22246,19516,11.464649999999999,15326.74,16807.13,3,0,0.2511,0.2732,0.0006,0.0015,47840,3800612,4400055,55384,0.1242,0.0786,0.094,481,574,1,1260,2,4,0,0,1,0,0,Normal
tcp,ftp,REQ,1.4405,713,12,79143,1164,503.294,439527.71,6464.38,15,7,0.00202,0.120042,0.2238,0.0945,3449,403,925,567,0.008436,0.000991,0.001202,111,97,0,96,34,33,0,0,4,1,1,Botnet
udp,-,CON,5.6556,17,10,8755,4890,7.161,9907.31,6917.01,6,0,0.3327,0.5656,0.0129,0.0075,35203,4144009,4183054,24964,0.1308,0.0602,0.0484,412,489,0,613,1,4,0,0,1,0,0,Normal
tcp,http,INT,9.1926,10,9,737,5310,3.1003499999999997,513.45,4621.09,0,0,0.9193,1.0214,0.0022,0.0072,59344,789988,9175783,34384,0.1779,0.0517,0.0801,59,590,0,3434,3,1,0,0,0,0,0,Normal
icmp,-,REQ,1.4915,290,18,44370,1656,206.5083,237994.11,8882.54,36,7,0.005143,0.082859,0.278,0.0416,1310,8,700,3479,0.008202,0.001725,0.002068,153,92,0,171,24,54,0,0,4,0,1,Analysis
tcp,http,INT,6.1721,70,47,22662,6533,28.434599999999996,23499.4,8467.82,21,0,0.0882,0.1313,0.0066,0.0166,5249,2366739,9662677,44072,0.1481,0.0768,0.0538,259,139,1,151,4,4,0,0,0,0,0,Normal
udp,ssl,INT,3.9073,48,4,5400,580,19.962600000000002,8844.97,1187.52,43,0,0.0814,0.9768,0.0016,0.0191,17411,2899705,5732532,6630,0.1516,0.0184,0.0908,90,145,2,2144,4,4,0,0,0,0,0,Normal
tcp,dns,FIN,7.217,72,20,15840,2340,19.12155,14046.88,2593.88,51,0,0.1002,0.3608,0.0089,0.0102,9795,4761814,7902165,42169,0.1757,0.0673,0.0855,176,117,0,4968,1,4,0,0,1,0,0,Normal
tcp,ssl,CON,7.0752,57,56,24367,37520,23.95695,22042.02,42424.17,0,0,0.1241,0.1263,0.0042,0.0118,59764,2933699,5198948,43518,0.0214,0.0681,0.0473,342,670,2,1722,4,1,0,0,0,0,0,Normal
udp,ssl,FIN,1.0085,12,35,6150,20230,69.9081,39029.57,160481.34,0,23,0.084,0.0288,0.0177,0.0096,63342,1664250,7038356,21258,0.1525,0.0069,0.0497,410,578,2,1908,4,3,0,0,0,0,0,Normal
tcp,http,INT,6.2033,57,42,15603,29904,23.9388,16098.48,38565.17,13,0,0.1088,0.1477,0.0135,0.002,21088,8124192,8720701,55783,0.0431,0.09,0.0839,219,712,2,1852,2,4,0,0,0,0,0,Normal
tcp,http,RST,0.5475,380,3,37620,12,699.5846,549731.05,175.35,47,5,0.001441,0.182489,0.2645,0.0214,1848,928,462,2067,0.001564,0.001321,0.003548,99,4,1,193,99,74,0,0,7,0,1,DoS
tcp,dns,CON,9.4574,10,57,1587,27987,10.6266,1074.29,23674.16,0,45,0.9457,0.1659,0.0186,0.0093,52697,6249072,6886048,45157,0.1632,0.0871,0.0117,127,491,0,2198,1,2,0,0,1,0,0,Normal
tcp,ssl,CON,1.2406,77,43,48606,6880,145.08780000000002,250743.99,44364.63,33,0,0.0161,0.0289,0.0008,0.0033,35615,2072899,5210022,61823,0.0529,0.0819,0.0465,505,160,0,2353,3,1,0,0,0,0,0,Normal
udp,-,CON,7.8832,63,55,16537,6545,22.45275,13425.98,6641.95,8,0,0.1251,0.1433,0.0098,0.0104,14184,7694562,239105,46327,0.266,0.0264,0.094,210,119,1,767,2,2,0,0,1,0,0,Normal
tcp,dns,CON,6.0353,48,44,4560,11660,22.8654,4835.54,15455.7,3,0,0.1257,0.1372,0.02,0.0074,29898,9035761,8645156,55895,0.2756,0.0994,0.0214,76,265,1,3350,1,3,0,0,0,0,0,Normal
icmp,http,RST,0.1598,425,17,19550,136,2766.2453,978825.24,6809.22,31,2,0.000376,0.009399,0.2394,0.0786,3056,256,982,490,0.006161,0.000719,0.001851,46,8,1,36,95,16,0,0,5,1,1,Exploit
tcp,ftp,INT,0.1665,612,2,42228,148,3688.61,2029480.43,7112.89,17,5,0.000272,0.083229,0.4468,0.0737,2036,727,28,754,0.009104,0.00056,0.003226,69,74,0,35,95,46,0,0,0,1,1,Worm
tcp,-,FIN,6.0489,79,24,20540,4560,25.5417,21732.16,6030.83,54,0,0.0766,0.252,0.0138,0.0107,30126,3374270,8563373,15525,0.0325,0.0831,0.0688,208,190,2,819,2,1,0,0,0,0,0,Normal
tcp,dns,INT,1.0527,50,40,12312,30320,128.24475,74856.91,230422.47,8,0,0.0211,0.0263,0.0172,0.0074,4469,1453361,7859716,55374,0.0303,0.0155,0.0288,197,758,1,4902,3,3,0,0,0,0,0,Normal
tcp,-,CON,1.0984,564,5,28764,55,518.0414,209503.61,400.59,18,6,0.001947,0.219674,0.4752,0.0598,3510,64,214,2895,0.000221,0.001416,0.000606,51,11,1,151,34,49,0,0,7,1,1,Botnet
udp,ssh,CON,0.8856,317,13,50086,156,372.6302,452449.82,1409.22,46,5,0.002794,0.068123,0.0725,0.0254,3876,417,490,3758,0.005088,0.002448,0.003262,158,12,0,46,95,61,0,0,6,1,1,Reconnaissance
tcp,ssl,FIN,2.3944,18,56,11047,616,46.3584,29529.09,2058.15,0,38,0.133,0.0428,0.0049,0.0021,64070,7082135,1488866,60066,0.2923,0.0652,0.0037,491,11,0,2905,1,4,0,0,0,0,0,Normal
tcp,dns,INT,7.0534,58,45,43355,34515,21.90435,39338.87,39147.19,13,0,0.1216,0.1567,0.0128,0.0165,38755,7197920,7785363,41193,0.1863,0.0781,0.0019,598,767,2,1337,3,4,0,0,0,0,0,Normal
tcp,http,CON,1.0929,179,22,20048,814,183.9158,146751.97,5958.5,35,8,0.006106,0.049677,0.1426,0.0554,2590,30,12,3747,0.004069,0.003632,0.003541,112,37,1,188,28,38,0,0,1,0,1,Exploit
udp,ssl,CON,8.5774,67,8,40200,4736,13.11585,29995.21,4417.2,58,0,0.128,1.0722,0.0129,0.0035,16802,5856502,3084637,45337,0.1505,0.0896,0.0339,480,592,1,9,4,4,0,0,0,0,0,Normal
udp,http,CON,2.198,78,51,47677,29835,88.03545,138825.68,108590.64,27,0,0.0282,0.0431,0.011,0.0117,64936,4233050,3177826,38421,0.1828,0.014,0.0512,489,585,2,4446,2,3,0,0,1,0,0,Normal
icmp,ssh,REQ,0.4856,705,23,67680,1817,1499.1014,1114936.09,29932.61,6,9,0.000689,0.021114,0.2181,0.0269,1263,807,995,2475,0.001673,0.001972,0.003053,96,79,1,51,62,14,0,0,3,1,1,Reconnaissance
icmp,ssh,INT,1.441,151,7,22650,147,109.6455,125745.38,816.1,38,3,0.009543,0.205858,0.1951,0.0792,2918,599,115,1839,0.004858,0.000448,0.003796,150,21,0,127,22,78,0,0,1,1,1,DoS
tcp,ssl,INT,7.7398,20,31,13475,12493,9.883949999999999,11142.44,12913.04,0,10,0.387,0.2497,0.0151,0.0105,8660,5846714,4177022,61803,0.0656,0.0926,0.031,539,403,2,4812,1,4,0,0,1,0,0,Normal
tcp,ssl,INT,6.4145,13,3,8092,1701,3.7416,8074.22,2121.45,9,0,0.4934,2.1382,0.0171,0.0182,12338,2016625,5417484,39275,0.1596,0.091,0.0207,498,567,0,1208,4,3,0,0,0,0,0,Normal
tcp,ssl,INT,9.182,71,2,6922,82,11.9256,4825.11,71.44,68,0,0.1293,4.591,0.0037,0.0146,36899,5726853,8208518,17098,0.2284,0.0886,0.0607,78,41,0,228,3,1,0,0,1,0,0,Normal
tcp,-,INT,0.5815,3,27,446,6345,77.3922,4911.83,87298.48,0,24,0.1938,0.0215,0.0054,0.0183,61382,2447013,6909827,28569,0.0901,0.0709,0.0111,119,235,0,3031,2,1,0,0,0,0,0,Normal
udp,dns,INT,1.8839,79,43,21428,18834,97.13714999999999,72796.6,79977.32,34,0,0.0238,0.0438,0.0041,0.01,50325,5720888,3437773,7486,0.2012,0.0426,0.0365,217,438,1,2230,1,3,0,0,1,0,0,Normal
tcp,dns,INT,6.9548,33,9,18810,4041,9.058499999999999,17309.5,4648.31,22,0,0.2108,0.7728,0.0075,0.0035,17255,5003595,4804626,23460,0.165,0.0015,0.0407,456,449,1,2234,3,4,0,0,1,0,0,Normal
tcp,-,CON,5.9657,79,43,19651,19264,30.6753,21081.8,25832.95,36,0,0.0755,0.1387,0.0047,0.0167,32668,8416074,6369819,39229,0.1176,0.0261,0.0813,199,448,1,1696,2,3,0,0,0,0,0,Normal
icmp,http,REQ,0.711,97,3,18818,72,140.6486,211737.97,810.14,15,4,0.00733,0.236997,0.0419,0.0342,14,765,550,607,0.006653,0.003516,0.003741,194,24,0,0,21,76,0,0,2,0,1,Shellcode
tcp,http,FIN,8.6016,55,11,38500,440,11.5095,28645.84,409.23,42,0,0.1564,0.782,0.0066,0.0121,53635,5220735,8981876,30417,0.1568,0.0335,0.0985,560,40,0,4074,3,1,0,0,1,0,0,Normal
udp,dns,INT,5.564,51,28,16511,1204,21.2976,18992.05,1731.12,21,0,0.1091,0.1987,0.0188,0.0151,1679,306375,5834812,65280,0.1123,0.0469,0.0065,259,43,1,620,2,1,0,0,1,0,0,Normal
udp,dns,INT,1.7857,18,50,5760,9800,57.11925000000001,20643.58,43903.44,0,30,0.0992,0.0357,0.0139,0.0004,29649,2472936,2102793,6476,0.0609,0.0904,0.0068,256,196,0,4748,1,2,0,0,0,0,0,Normal
udp,http,RST,1.1814,238,29,46886,2726,226.0063,317499.0,18459.72,23,5,0.004964,0.040737,0.0344,0.0019,1518,40,306,2195,0.008858,0.002202,0.00442,197,94,1,197,50,52,0,0,9,0,1,Botnet
tcp,dns,INT,0.7465,41,22,18860,12540,126.59100000000001,161693.47,134387.33,18,0,0.0182,0.0339,0.0142,0.0055,3037,811131,7471094,38334,0.0382,0.0288,0.0967,368,570,1,1960,4,4,0,0,1,0,0,Normal
tcp,dns,CON,0.4735,60,16,4575,6832,240.74579999999997,61833.67,115422.84,42,0,0.0079,0.0296,0.0053,0.0112,59304,5507086,4851392,25079,0.072,0.0519,0.015,61,427,0,736,3,1,0,0,1,0,0,Normal
udp,http,INT,0.2535,51,54,23396,18306,621.25005,590625.39,577656.06,0,2,0.005,0.0047,0.0059,0.0024,54912,6392627,8040844,45219,0.1969,0.0414,0.0331,367,339,0,2406,1,1,0,0,1,0,0,Normal
tcp,dns,CON,5.829,21,33,12075,1419,13.896149999999999,13257.91,1947.51,0,11,0.2776,0.1766,0.0062,0.0021,45348,6034301,273969,13275,0.0268,0.0247,0.0783,460,43,0,579,2,1,0,0,0,0,0,Normal
udp,ssl,CON,5.3171,12,29,7110,2784,11.56635,8557.98,4188.72,0,17,0.4431,0.1833,0.0016,0.0184,19054,7395466,3164159,4846,0.2051,0.0248,0.0826,474,96,1,1752,3,1,0,0,0,0,0,Normal
tcp,http,FIN,5.1392,78,3,21157,1389,23.64195,26348.25,2162.22,73,0,0.0659,1.7131,0.0048,0.0044,18766,8171288,8225656,50949,0.0999,0.0202,0.0035,217,463,0,2852,4,1,0,0,0,0,0,Normal
icmp,ftp,RST,1.2257,747,16,105327,96,622.4975,687452.65,626.58,12,4,0.001641,0.076607,0.3582,0.0125,492,317,433,3625,0.003681,0.004213,0.003354,141,6,1,129,70,54,0,0,3,1,1,Shellcode
tcp,ssl,CON,5.6918,8,12,3950,1572,5.27085,4441.51,2209.51,0,4,0.7115,0.4743,0.0123,0.0008,8508,6146850,2370646,35438,0.0002,0.0347,0.0479,395,131,1,4832,1,1,0,0,0,0,0,Normal
tcp,ssl,CON,1.9638,77,25,46296,2050,77.91120000000001,150880.87,8351.26,50,0,0.0255,0.0786,0.0142,0.0147,16269,3739015,4395081,16530,0.21,0.0536,0.0447,481,82,2,2109,1,4,0,0,1,0,0,Normal
icmp,ftp,CON,0.0416,742,27,47488,1134,18470.3582,9124789.29,217897.39,45,2,5.6e-05,0.001542,0.0444,0.0006,1982,943,936,611,0.007205,0.003059,0.000726,64,42,1,114,96,58,0,0,6,1,1,Shellcode
udp,ssl,CON,4.5792,47,55,18095,1375,33.4122,25290.19,2402.18,0,6,0.0974,0.0833,0.0036,0.0008,39066,1892648,3706368,27115,0.08,0.084,0.0108,308,25,2,400,1,1,0,0,1,0,0,Normal
udp,dns,INT,3.93,39,21,19353,10437,22.9008,31517.69,21245.89,17,0,0.1008,0.1871,0.0132,0.0056,57402,5034154,4136245,9083,0.2023,0.08,0.0829,397,497,1,4602,4,1,0,0,0,0,0,Normal
udp,-,INT,7.0753,4,49,2320,34006,11.2362,2098.56,38450.3,0,45,1.7688,0.1444,0.0068,0.007,53555,1695707,5419747,25102,0.1407,0.0558,0.0239,464,694,1,3494,4,1,0,0,1,0,0,Normal
udp,http,INT,0.4622,114,19,16986,665,287.7785,294027.36,11511.14,23,0,0.004054,0.024324,0.3014,0.017,1299,458,702,525,0.004773,1e-05,0.003396,149,35,0,78,64,46,0,0,5,0,1,Worm
tcp,ssl,FIN,6.4829,32,17,21920,9112,11.3376,21639.73,11244.36,13,0,0.2026,0.3813,0.0097,0.0126,54787,8201170,8320125,33167,0.1197,0.0462,0.0775,548,536,1,3094,3,4,0,0,1,0,0,Normal
udp,http,FIN,2.9175,31,19,19762,10431,25.70655,43351.45,28602.09,12,0,0.0941,0.1536,0.0074,0.0119,22003,6974736,2975563,377,0.0293,0.011,0.0085,510,549,2,2725,3,3,0,0,1,0,0,Normal
tcp,-,FIN,0.0444,16,17,10940,12784,1114.48305,1576396.86,2302634.53,0,0,0.0028,0.0026,0.0166,0.0101,41170,4083825,5804619,53225,0.238,0.0969,0.0382,547,752,1,4551,4,1,0,0,1,0,0,Normal
tcp,ssl,CON,7.916,69,48,28635,22800,22.1703,23151.06,23041.91,21,0,0.1147,0.1649,0.0086,0.0154,13379,4260626,5266918,26393,0.19,0.0621,0.0921,332,475,2,4455,4,4,0,0,1,0,0,Normal
udp,ssl,FIN,3.4142,10,15,7012,11250,10.9836,13145.25,26360.8,0,3,0.3414,0.2276,0.0146,0.0072,577,5808176,2409342,22785,0.1885,0.087,0.0843,561,750,0,3386,3,3,0,0,0,0,0,Normal
udp,dns,FIN,8.4284,43,36,13921,7848,14.059650000000001,10570.91,7449.09,5,0,0.196,0.2341,0.0098,0.01,63350,8502631,5158984,32039,0.2356,0.0548,0.0235,259,218,1,4170,4,2,0,0,1,0,0,Normal
tcp,-,RST,1.1881,486,1,31590,77,409.8868,212703.45,518.46,33,5,0.002445,1.188133,0.177,0.0986,602,163,808,1801,0.007742,0.001143,0.000733,65,77,1,76,62,33,0,0,6,0,1,Reconnaissance
udp,ssh,REQ,0.5129,447,23,72861,1610,916.3573,1136454.62,25112.09,20,1,0.001147,0.0223,0.2938,0.007,2573,355,261,2418,0.000218,0.002165,0.004092,163,70,0,20,43,11,0,0,6,1,1,Botnet
icmp,ssh,CON,0.8299,313,13,61035,1222,392.8069,588342.8,11779.39,9,1,0.002652,0.06384,0.3797,0.0468,1993,93,727,332,0.004874,0.003834,0.004615,195,94,0,69,29,25,0,0,1,0,1,Exploit
tcp,dns,CON,4.8616,18,3,5760,411,6.4794,7582.68,676.32,15,0,0.2701,1.6205,0.0023,0.0149,51535,9986431,464178,17112,0.2281,0.0361,0.0867,256,137,0,79,2,1,0,0,0,0,0,Normal
udp,dns,FIN,7.8862,64,44,37760,27588,20.54235,30644.09,27986.27,18,0,0.1232,0.1792,0.0103,0.0153,55836,4261674,8767057,16249,0.0268,0.048,0.0315,472,627,0,786,4,3,0,0,1,0,0,Normal
udp,ftp,INT,0.1405,566,23,27168,2047,4190.8791,1546455.74,116519.25,15,4,0.000248,0.006111,0.2532,0.0836,3493,536,646,601,0.004646,3.4e-05,0.004129,48,89,0,190,48,44,0,0,3,1,1,Exploit
icmp,ssh,INT,1.074,638,23,42746,667,615.4426,318398.92,4968.23,12,5,0.001683,0.046697,0.4102,0.0563,997,146,270,2872,0.007319,0.002737,0.003852,67,29,0,92,27,35,0,1,0,1,1,Backdoor
icmp,ftp,CON,1.0678,453,18,62967,1638,441.0966,471754.2,12272.04,12,8,0.002357,0.059322,0.081,0.0299,58,590,863,515,0.003374,0.003831,0.001419,139,91,0,102,86,66,0,0,6,1,1,Worm
tcp,dns,INT,8.2535,61,32,25848,13280,16.90185,20043.79,12872.07,28,0,0.1353,0.2579,0.0127,0.0183,19582,2890561,2204540,62346,0.1133,0.0988,0.0161,339,415,0,2501,4,1,0,0,1,0,0,Normal
icmp,-,RST,0.0028,359,4,28361,296,127868.1215,79922155.24,834136.95,14,6,8e-06,0.00071,0.1269,0.0126,898,567,723,2923,0.007376,0.002559,0.003057,79,74,1,133,63,33,0,0,1,1,1,Shellcode
udp,-,CON,4.7021,52,3,19305,1494,17.5452,26275.75,2541.83,48,0,0.0904,1.5674,0.0018,0.0145,40181,2235251,6707282,7158,0.0687,0.0091,0.0364,297,498,1,2138,2,2,0,0,0,0,0,Normal
tcp,http,CON,8.4195,43,11,2956,7557,9.6204,2247.15,7180.43,31,0,0.1958,0.7654,0.0177,0.0044,16854,6327900,208015,5167,0.1899,0.0332,0.0394,55,687,0,2770,1,1,0,0,0,0,0,Normal
tcp,dns,CON,2.4779,5,53,3500,10812,35.11035,9039.91,34906.98,0,46,0.4956,0.0468,0.0079,0.0096,50757,6333225,3805304,57231,0.1757,0.0935,0.0028,560,204,0,4432,1,1,0,0,1,0,0,Normal
udp,-,INT,6.8553,65,54,12025,39852,26.038199999999996,11226.33,46506.39,9,0,0.1055,0.127,0.0133,0.0035,51281,1955582,1236945,6122,0.2256,0.0301,0.0052,148,738,0,3302,3,4,0,0,0,0,0,Normal
udp,ssh,INT,0.4681,797,15,143460,240,1734.6081,2451693.31,4101.54,14,1,0.000587,0.031208,0.0324,0.0746,1385,822,789,2665,0.004941,0.003682,0.003636,180,16,0,189,61,63,0,0,5,1,1,Worm
tcp,http,CON,9.9315,15,51,6056,18615,9.968250000000001,3902.75,14994.76,0,34,0.6621,0.1947,0.0118,0.017,17896,8099080,1812235,4539,0.1843,0.0317,0.0257,323,365,0,2559,2,3,0,0,1,0,0,Normal
tcp,http,FIN,7.7802,74,46,31450,20148,23.135849999999998,25870.95,20717.32,28,0,0.1051,0.1691,0.0008,0.0094,4000,2134842,119796,38100,0.2061,0.0419,0.0502,340,438,1,1788,3,2,0,0,0,0,0,Normal
udp,http,CON,8.155,15,23,9768,483,6.9895499999999995,7666.46,473.82,0,7,0.5437,0.3546,0.0062,0.0108,43665,9328269,4099408,21555,0.0395,0.0347,0.016,521,21,1,4270,4,1,0,0,1,0,0,Normal
tcp,dns,FIN,5.1605,23,43,2731,31777,19.1844,3387.3,49262.37,0,18,0.2244,0.12,0.0019,0.0112,57198,5824522,3689325,37425,0.2993,0.0774,0.0367,95,739,2,2297,4,1,0,0,0,0,0,Normal
icmp,ssh,CON,0.5162,61,3,10553,231,123.9919,163560.84,3580.27,4,5,0.008462,0.172054,0.2424,0.0565,1009,778,199,2045,0.000746,0.001368,0.00311,173,77,1,92,81,59,0,0,4,0,1,Shellcode
tcp,-,INT,2.9354,30,56,20400,12768,43.94655,44477.93,34797.44,0,24,0.0978,0.0524,0.012,0.0016,58053,4990258,9399524,38751,0.2924,0.0591,0.068,544,228,0,898,4,4,0,0,1,0,0,Normal
udp,ssl,FIN,3.0202,10,32,2287,12896,20.8593,4847.3,34158.9,0,20,0.302,0.0944,0.0058,0.0126,8122,6189452,1897229,54666,0.2005,0.033,0.0116,183,403,1,2211,2,1,0,0,0,0,0,Normal
tcp,ssh,INT,0.8702,583,20,114851,1420,692.9155,1055814.78,13053.93,17,3,0.001493,0.043512,0.2384,0.0046,2060,964,933,3368,0.003475,0.00035,0.001457,197,71,0,149,24,79,0,0,3,1,1,Reconnaissance
tcp,-,FIN,3.0947,61,25,3965,4675,41.68485,8199.95,12085.36,35,0,0.0507,0.1238,0.0117,0.0078,64621,8714640,8365399,48280,0.2172,0.0537,0.0055,52,187,2,426,3,3,0,0,1,0,0,Normal
icmp,-,CON,0.8941,421,28,18524,2548,502.2025,165751.43,22799.32,14,6,0.002124,0.031931,0.2891,0.0905,2049,751,879,2342,0.003662,0.000566,0.002275,44,91,0,4,25,41,0,0,6,1,1,Shellcode
udp,http,FIN,2.0296,17,26,6693,12272,31.780049999999996,21107.83,48372.59,0,9,0.1194,0.0781,0.005,0.0199,43988,2878730,9149250,61192,0.1366,0.0111,0.0882,315,472,0,185,1,2,0,0,0,0,0,Normal
tcp,http,INT,7.7861,37,36,26177,9720,14.06355,21517.34,9987.04,0,0,0.2104,0.2163,0.0097,0.012,58024,6327782,1905446,27012,0.2496,0.0539,0.0065,566,270,1,4332,1,1,0,0,1,0,0,Normal
tcp,ssl,CON,1.3266,75,7,7031,378,92.72055,33922.17,2279.57,66,0,0.0177,0.1895,0.006,0.0068,51102,898512,2569577,46996,0.0234,0.0144,0.0362,75,54,1,3655,2,3,0,0,1,0,0,Normal
udp,ssl,CON,1.5429,14,33,3780,18150,45.693749999999994,15679.77,94109.73,0,17,0.1102,0.0468,0.0165,0.0059,42683,2318961,9628072,48932,0.1621,0.0307,0.0654,216,550,2,3272,2,2,0,0,0,0,0,Normal
udp,http,INT,2.3115,17,38,5206,28006,35.69115,14414.9,96927.64,0,21,0.136,0.0608,0.0198,0.0036,62500,7245783,2623998,36278,0.0777,0.0669,0.0615,245,737,0,2876,2,1,0,0,1,0,0,Normal
tcp,ssl,INT,4.8684,40,47,10550,15933,26.805300000000003,13868.94,26181.73,0,5,0.1217,0.1036,0.0151,0.0049,22424,9844022,2118651,21026,0.2934,0.0818,0.0736,211,339,0,1468,1,1,0,0,0,0,0,Normal
udp,dns,INT,6.8754,2,15,1495,4665,3.7089,1391.62,5428.01,0,13,3.4377,0.4584,0.0057,0.0025,15921,3359533,4551177,2702,0.1401,0.0327,0.0423,598,311,2,2898,4,1,0,0,0,0,0,Normal
tcp,ssh,INT,0.3151,653,12,37874,300,2110.7104,961696.77,7617.6,9,2,0.000482,0.026255,0.1881,0.0865,2524,930,445,3408,0.000491,0.000955,0.001472,58,25,0,172,95,20,0,0,0,1,1,Reconnaissance
tcp,http,FIN,2.6571,20,51,7175,8313,40.08195,17282.3,25029.22,0,30,0.1329,0.0521,0.0099,0.0087,54318,9342556,7178382,25558,0.2553,0.0721,0.0747,287,163,2,62,2,3,0,0,1,0,0,Normal
tcp,http,INT,6.3594,35,30,5600,3090,15.33165,5635.74,3887.15,5,0,0.1817,0.212,0.0074,0.0125,45730,5095317,5337509,6310,0.036,0.0509,0.0277,128,103,2,1404,4,2,0,0,0,0,0,Normal
tcp,dns,FIN,1.2645,23,25,2185,17525,56.93745,11058.51,110869.78,0,2,0.055,0.0506,0.0105,0.0148,57984,1993375,8834929,28721,0.0302,0.016,0.0398,76,701,1,1616,1,2,0,0,0,0,0,Normal
tcp,ssl,FIN,1.9646,75,35,51656,10535,83.98785000000001,168281.15,42899.99,39,0,0.0262,0.0561,0.0185,0.0017,10224,2169149,8862411,47428,0.0403,0.0336,0.093,551,301,1,8,1,1,0,0,1,0,0,Normal
udp,http,INT,7.6003,18,11,1237,5357,5.7234,1042.06,5638.71,6,0,0.4222,0.6909,0.0184,0.0113,31137,5501316,628475,23901,0.1407,0.03,0.014,55,487,0,554,4,3,0,0,0,0,0,Normal
udp,-,CON,6.4407,40,49,26150,14847,20.72745,25984.59,18441.36,0,9,0.161,0.1314,0.0149,0.0032,34836,8895918,2067542,2813,0.0266,0.0358,0.0206,523,303,2,3500,3,2,0,0,1,0,0,Normal
tcp,http,CON,6.4215,45,12,3093,8052,13.3146,3083.38,10031.26,32,0,0.1427,0.5351,0.0184,0.0159,35422,714634,3742761,46732,0.1725,0.0517,0.0466,55,671,1,2227,1,1,0,0,1,0,0,Normal
udp,http,CON,5.1377,20,23,1225,3082,12.554400000000001,1525.99,4799.08,0,2,0.2569,0.2234,0.0037,0.0111,64567,5770994,998739,22603,0.1658,0.0462,0.0622,49,134,1,1293,2,1,0,0,1,0,0,Normal
tcp,http,INT,8.7559,48,38,19620,20026,14.732999999999999,14340.99,18297.19,8,0,0.1824,0.2304,0.0147,0.002,11470,6553643,5037871,58525,0.0043,0.071,0.0493,327,527,0,1733,1,3,0,0,1,0,0,Normal
udp,http,INT,0.0883,11,21,1883,7518,543.6152999999999,136538.06,681150.05,0,10,0.008,0.0042,0.018,0.0178,4030,7641580,6895560,32514,0.0971,0.0077,0.0419,137,358,0,1546,2,1,0,0,1,0,0,Normal
udp,http,CON,9.1663,44,24,13750,10944,11.127749999999999,9600.35,9551.48,20,0,0.2083,0.3819,0.0169,0.0012,34352,1374468,452612,33630,0.054,0.0791,0.0784,250,456,0,1640,3,2,0,0,0,0,0,Normal
tcp,dns,CON,9.1006,19,21,7077,15456,6.59295,4977.23,13586.74,0,0,0.479,0.4334,0.0162,0.0016,45939,6661830,2340551,46049,0.1587,0.0097,0.0803,298,736,2,2301,2,4,0,0,1,0,0,Normal
icmp,http,CON,0.3341,227,3,37001,156,688.4997,886093.12,3735.86,44,4,0.001472,0.111353,0.2001,0.0358,632,973,966,1984,0.003206,0.004435,0.002249,163,52,0,35,25,21,0,0,4,0,1,DoS
udp,dns,INT,0.7848,24,16,4650,6512,76.4508,37919.58,66379.64,6,0,0.0327,0.0491,0.0103,0.0062,2573,5649814,1853431,55660,0.0431,0.0695,0.0276,155,407,0,784,1,4,0,0,0,0,0,Normal
tcp,ssh,REQ,0.7019,146,29,19418,2059,249.3407,221334.74,23469.37,45,7,0.004807,0.024202,0.0879,0.0631,781,823,447,2633,0.009069,0.003595,0.002701,133,71,1,131,62,36,0,0,9,0,1,Exploit
udp,-,INT,2.0363,28,38,10780,26372,48.617999999999995,33881.31,103608.3,0,10,0.0727,0.0536,0.0145,0.0177,32214,7187704,5487601,22054,0.1275,0.0554,0.0549,308,694,0,1851,1,4,0,0,1,0,0,Normal
tcp,-,CON,5.8592,37,1,15632,541,9.72825,17075.34,738.67,35,0,0.1584,5.8592,0.0174,0.0099,16156,2610877,4624101,38545,0.2991,0.0277,0.0982,338,541,1,1683,4,4,0,0,0,0,0,Normal
udp,-,INT,1.7641,42,28,18375,1764,59.520450000000004,66662.95,7999.55,14,0,0.042,0.063,0.0006,0.0127,20044,7612174,9367230,785,0.1351,0.0891,0.0773,350,63,0,1172,3,4,0,0,0,0,0,Normal
tcp,dns,CON,4.0716,67,40,44471,30160,39.41925,69902.56,59259.11,25,0,0.0608,0.1018,0.016,0.0188,14334,9217705,7422153,31158,0.1772,0.058,0.0011,531,754,2,1867,3,4,0,0,1,0,0,Normal
udp,ssl,CON,3.3752,5,24,2781,18816,12.888000000000002,5273.71,44597.81,0,18,0.675,0.1406,0.0042,0.0162,33009,5858766,9201739,61802,0.1804,0.0641,0.0591,445,784,1,3574,2,1,0,0,0,0,0,Normal
udp,-,CON,0.8554,523,7,44455,469,619.6018,415764.48,4386.31,21,7,0.001636,0.122198,0.0217,0.0303,1025,321,219,1511,0.007747,0.00288,0.000922,85,67,1,46,93,25,0,0,6,0,1,DoS
tcp,-,CON,8.5419,28,58,13615,11426,15.102,10201.0,10701.12,0,30,0.3051,0.1473,0.0081,0.0042,18776,9941077,7774516,45580,0.1679,0.0869,0.0898,389,197,2,583,3,4,0,0,0,0,0,Normal
udp,-,CON,4.1009,46,4,27140,2444,18.288449999999997,42355.15,4767.69,40,0,0.0892,1.0252,0.0166,0.0089,30104,1331990,1254908,23331,0.2509,0.0855,0.0773,472,611,2,2319,4,2,0,0,0,0,0,Normal
icmp,ssh,CON,0.8238,589,25,53599,1200,745.2867,520477.13,11652.69,48,4,0.001399,0.032954,0.3207,0.0253,2862,607,629,2752,0.000687,0.002183,0.002926,91,48,0,79,37,36,0,0,0,1,1,Shellcode
tcp,http,RST,0.2576,620,0,36580,0,2407.0809,1136142.2,0.0,46,4,0.000415,0.257573,0.2034,0.0763,110,216,463,25,0.007303,0.000327,0.004088,59,0,1,18,25,11,0,0,2,0,1,Worm
udp,-,CON,0.7145,63,5,6693,3485,142.75515000000001,59957.18,39019.75,57,0,0.0113,0.1429,0.0037,0.0074,62515,5427567,8063607,47571,0.0567,0.0337,0.0714,85,697,2,4588,3,2,0,0,0,0,0,Normal
udp,http,FIN,7.2103,5,25,1168,8575,6.24105,1037.4,9514.16,0,18,1.4421,0.2884,0.0027,0.0183,30534,1716773,3232072,10876,0.0556,0.0517,0.0012,187,343,0,453,2,3,0,0,1,0,0,Normal
udp,http,INT,9.8326,7,50,3088,2950,8.69565,2010.46,2400.18,0,41,1.4047,0.1967,0.0107,0.0151,40535,5658475,3682156,27302,0.1138,0.0391,0.0543,353,59,2,4425,4,1,0,0,1,0,0,Normal
udp,ftp,INT,1.1132,168,23,30912,2254,171.5812,222153.7,16198.71,26,4,0.006626,0.048399,0.0363,0.0783,1358,794,791,3688,0.003347,0.004053,0.001969,184,98,0,159,27,69,0,0,8,0,1,Reconnaissance
tcp,ftp,RST,0.977,375,28,52125,1848,412.5004,426830.48,15132.52,14,7,0.002605,0.034892,0.4203,0.0486,2191,901,190,2480,0.007059,0.001576,0.00215,139,66,0,5,39,72,0,0,8,0,1,Generic
tcp,http,CON,8.3584,17,2,6417,1052,3.4098,4913.84,1006.89,13,0,0.4917,4.1792,0.0144,0.0117,8777,1637677,2789255,41040,0.149,0.0601,0.0036,302,526,2,4802,1,4,0,0,1,0,0,Normal
udp,dns,INT,6.9027,55,46,4331,29118,21.948,4015.83,33746.91,9,0,0.1255,0.1501,0.0054,0.0058,62739,3465983,2871489,10894,0.0454,0.0353,0.0631,63,633,2,4288,2,3,0,0,0,0,0,Normal
tcp,ssl,INT,6.5519,68,52,46920,37128,27.47295,45832.16,45333.99,14,0,0.0964,0.126,0.0063,0.0167,22873,8215285,9712062,14388,0.0469,0.0858,0.034,552,714,2,1015,1,4,0,0,1,0,0,Normal
icmp,ssh,INT,0.6163,344,17,60888,765,585.7866,790412.7,9930.79,21,9,0.001791,0.036251,0.3994,0.0083,556,952,939,3196,0.002467,0.001064,0.002037,177,45,0,92,44,46,0,0,7,1,1,Worm
tcp,http,FIN,8.1937,47,59,14981,7906,19.4052,11701.73,7719.14,0,11,0.1743,0.1389,0.0114,0.0184,5306,9117605,9129095,57443,0.2856,0.0313,0.0958,255,134,2,4268,3,3,0,0,0,0,0,Normal
tcp,-,INT,1.4002,38,41,7267,31693,84.6303,33217.9,181075.83,0,3,0.0368,0.0342,0.0193,0.0094,12121,4391047,4249286,532,0.2689,0.0131,0.0681,153,773,1,4958,3,4,0,0,0,0,0,Normal
tcp,dns,CON,6.9273,10,32,2925,9632,9.0945,2702.36,11123.58,0,21,0.6927,0.2165,0.0085,0.0093,51627,6653728,7499704,13067,0.1406,0.0783,0.0117,234,301,1,1289,3,2,0,0,1,0,0,Normal
tcp,http,FIN,4.7982,34,47,22950,5452,25.3218,30611.28,9090.02,0,11,0.1411,0.1021,0.0106,0.0199,32247,2282932,8205781,63404,0.2186,0.0686,0.0485,540,116,0,560,1,4,0,0,1,0,0,Normal
tcp,-,CON,3.1492,9,9,6570,783,8.573699999999999,13352.09,1989.1,0,0,0.3499,0.3499,0.0152,0.0136,43596,8543308,1435209,52374,0.0368,0.0623,0.004,584,87,1,3221,3,3,0,0,1,0,0,Normal
tcp,dns,CON,9.4794,73,3,14143,90,12.0261,9549.15,75.95,69,0,0.1299,3.1598,0.01,0.0133,2522,1686757,4632870,34,0.2827,0.0962,0.0206,155,30,1,4115,1,4,0,0,1,0,0,Normal
tcp,ssl,INT,8.6486,6,14,3600,266,3.46875,2664.03,246.05,0,8,1.4414,0.6178,0.0194,0.0079,19465,252676,2528873,21045,0.115,0.0443,0.0415,480,19,1,4083,3,1,0,0,1,0,0,Normal
udp,ssh,REQ,0.6947,731,21,113305,1764,1082.548,1304873.45,20315.05,18,6,0.00095,0.033079,0.2605,0.0101,951,479,418,3150,0.002232,4.9e-05,0.00178,155,84,0,125,22,29,0,0,8,0,1,Exploit
icmp,ssh,CON,1.1748,650,17,94250,952,567.7688,641825.63,6482.95,4,9,0.001807,0.069104,0.1777,0.0238,1169,571,350,3095,0.006098,0.002002,0.001583,145,56,1,54,20,37,0,3,4,1,1,Backdoor
udp,ssl,FIN,4.5894,20,28,13075,11144,15.6882,18233.13,19425.43,0,6,0.2295,0.1639,0.0173,0.007,47369,7863700,6879645,20073,0.0124,0.086,0.0139,523,398,1,1837,1,2,0,0,0,0,0,Normal
icmp,ftp,RST,1.2005,588,3,71736,66,492.3012,478046.91,439.82,31,0,0.002042,0.400162,0.0686,0.0229,2526,31,470,3497,0.003156,0.002929,0.000511,122,22,1,126,77,63,0,0,2,1,1,Worm
udp,http,CON,7.5743,72,19,50850,8341,18.02145,42966.41,8809.8,52,0,0.1052,0.3986,0.0164,0.0054,27693,6326096,2554152,50611,0.0737,0.0935,0.0513,565,439,0,2181,1,1,0,0,0,0,0,Normal
udp,http,FIN,2.2114,64,0,26400,0,43.41075,76403.03,0.0,64,0,0.0346,2.2114,0.0144,0.0144,40046,1583416,2712778,12829,0.1902,0.0348,0.0782,330,0,0,3745,4,3,0,0,0,0,0,Normal
tcp,http,INT,9.7568,6,32,4290,23328,5.8420499999999995,2814.02,19127.49,0,26,1.6261,0.3049,0.0064,0.0176,21100,489208,926962,41538,0.2789,0.0784,0.0317,572,729,2,508,1,4,0,0,0,0,0,Normal
udp,-,CON,6.4037,27,8,9720,6360,8.19825,9714.31,7945.35,17,0,0.2372,0.8005,0.014,0.0182,312,1751862,2481493,56110,0.1154,0.0136,0.0735,288,795,0,2677,2,3,0,0,0,0,0,Normal
udp,http,CON,1.1905,391,5,58650,290,332.6392,394127.05,1948.8,46,8,0.003045,0.238096,0.3545,0.0543,1932,483,924,1098,0.001287,0.003239,0.003052,150,58,1,62,79,55,0,1,0,0,1,Backdoor
tcp,ssl,CON,9.9604,33,30,8126,14670,9.48765,5221.49,11782.7,1,0,0.3018,0.332,0.001,0.0023,586,7153484,5623232,61571,0.2317,0.0567,0.0256,197,489,1,1213,3,1,0,0,1,0,0,Normal
udp,-,CON,0.3427,169,29,17745,2552,577.8072,414270.24,59578.34,10,7,0.002028,0.011816,0.2366,0.0626,3432,53,284,1025,0.008452,0.001303,0.002138,105,88,0,105,59,32,0,0,9,0,1,Worm
udp,ssl,INT,6.4983,65,35,6743,25270,23.08275,6641.69,31109.47,30,0,0.1,0.1857,0.0087,0.0085,4936,6698014,6494422,52805,0.1832,0.0838,0.0458,83,722,2,2168,3,1,0,0,0,0,0,Normal
tcp,dns,FIN,5.6161,54,3,7627,891,15.2241,8692.13,1269.2,49,0,0.104,1.872,0.002,0.0025,15703,3662419,8636475,34258,0.1588,0.014,0.0255,113,297,2,1939,3,4,0,0,0,0,0,Normal
udp,dns,INT,3.7251,60,13,11850,4121,29.3949,20358.95,8850.13,45,0,0.0621,0.2865,0.0076,0.0129,9038,5849551,790586,17501,0.1702,0.0443,0.0499,158,317,1,1967,3,4,0,0,0,0,0,Normal
udp,http,INT,0.6126,46,44,10292,14564,220.3725,107528.69,190192.83,0,0,0.0133,0.0139,0.0154,0.0132,50202,1745890,617363,32851,0.0665,0.0991,0.0545,179,331,0,2101,1,3,0,0,1,0,0,Normal
udp,-,FIN,9.7382,49,53,29828,11978,15.7113,19603.62,9840.01,0,4,0.1987,0.1837,0.0116,0.007,8595,9040974,8521145,38133,0.2025,0.0364,0.0463,487,226,1,4306,3,1,0,0,1,0,0,Normal
icmp,ftp,RST,0.6087,461,0,89895,0,757.302,1181391.08,0.0,19,0,0.00132,0.60874,0.0707,0.0022,3452,733,102,1507,0.005582,0.002373,0.004088,195,0,0,103,73,68,0,0,4,0,1,Shellcode
tcp,-,CON,0.2097,76,20,23560,15300,686.61165,718958.68,583619.89,55,0,0.0028,0.0105,0.0081,0.0094,10471,7000749,9690920,33527,0.0312,0.0948,0.0507,248,765,1,3964,1,2,0,0,1,0,0,Normal
tcp,http,CON,1.4774,52,16,7995,5776,69.03960000000001,34633.51,31276.29,36,0,0.0284,0.0923,0.0173,0.0147,25752,3143924,2534822,46003,0.0706,0.0137,0.09,123,361,2,4167,3,1,0,0,1,0,0,Normal
tcp,-,FIN,1.6383,35,16,15312,3504,46.695449999999994,59818.93,17110.66,17,0,0.0468,0.1024,0.0048,0.0137,41936,3326267,4694967,50709,0.1869,0.0669,0.014,350,219,0,1460,1,2,0,0,0,0,0,Normal
udp,-,INT,1.4627,445,4,79655,336,306.9738,435670.3,1837.74,33,9,0.003287,0.365666,0.3053,0.0332,2528,297,228,1333,0.008455,0.002203,0.000952,179,84,1,88,34,59,0,0,8,1,1,Botnet
tcp,http,RST,0.4595,80,25,15200,1425,228.5142,264641.22,24810.11,21,1,0.005744,0.01838,0.122,0.0307,262,367,952,1415,0.004814,0.002748,0.002532,190,57,1,26,35,55,0,0,6,1,1,Shellcode
udp,dns,CON,1.802,8,11,4820,2101,15.8157,17118.77,9327.42,0,1,0.2252,0.1638,0.0102,0.0152,31469,2490312,7739818,43278,0.1008,0.0385,0.0725,482,191,2,44,4,1,0,0,0,0,0,Normal
tcp,ssl,CON,2.7727,17,46,9010,9062,34.0827,20797.31,26146.67,0,29,0.1631,0.0603,0.0074,0.0095,20310,204941,9603982,43071,0.0582,0.0123,0.0337,424,197,2,4383,1,2,0,0,1,0,0,Normal
icmp,http,CON,0.7601,572,12,95524,432,768.3301,1005396.8,4546.83,3,4,0.001329,0.063341,0.3297,0.003,1951,317,20,3800,0.000615,0.00092,0.004047,167,36,1,153,95,51,0,0,4,0,1,Exploit
tcp,-,CON,6.7905,78,5,47580,2090,18.334500000000002,44844.02,2462.27,71,0,0.0871,1.3581,0.0184,0.0006,59515,2123439,3482763,21043,0.012,0.0149,0.039,488,418,2,2583,2,4,0,0,0,0,0,Normal
udp,-,FIN,0.1353,39,39,15551,11427,864.9490499999999,735783.36,675813.56,0,0,0.0035,0.0035,0.0003,0.0122,3247,8981192,6790826,39545,0.2713,0.015,0.0286,319,293,1,3604,3,3,0,0,1,0,0,Normal
udp,-,REQ,1.342,723,20,44103,1740,553.6675,262916.78,10372.88,17,8,0.001856,0.067098,0.4233,0.0142,1532,756,957,2373,0.00294,0.001431,0.000667,61,87,0,187,56,18,0,0,7,1,1,Generic
tcp,http,FIN,6.3813,35,28,5950,20664,14.80875,5967.4,25905.54,6,0,0.1823,0.2279,0.0096,0.0035,15981,416255,6840064,4820,0.1412,0.0023,0.036,136,738,1,987,4,4,0,0,1,0,0,Normal
udp,http,CON,5.949,30,25,18862,9650,13.86795,20292.56,12977.02,5,0,0.1983,0.238,0.0116,0.0153,52132,701641,2233404,60900,0.2726,0.0475,0.0451,503,386,1,3110,3,3,0,0,0,0,0,Normal
udp,dns,CON,5.3532,55,22,31968,11660,21.576,38220.22,17425.13,33,0,0.0973,0.2433,0.0194,0.0154,48006,255421,4832715,26351,0.2834,0.0482,0.0202,465,530,0,3851,4,2,0,0,1,0,0,Normal
udp,dns,CON,4.9722,19,11,13965,2992,9.0504,17975.24,4813.99,8,0,0.2617,0.452,0.0083,0.0075,31826,7016557,7351504,21089,0.0297,0.0888,0.001,588,272,2,1887,1,3,0,0,1,0,0,Normal
tcp,dns,CON,1.8336,27,40,9348,18280,54.8112,32631.52,79757.2,0,13,0.0679,0.0458,0.019,0.0117,91,3211390,4825850,25591,0.0157,0.0241,0.0004,277,457,2,1037,2,2,0,0,1,0,0,Normal
udp,ssh,RST,0.6209,203,6,10759,324,336.5948,138619.08,4174.42,38,6,0.003059,0.103487,0.0429,0.0183,943,993,986,2486,0.001789,0.001731,0.004648,53,54,0,47,47,42,0,0,5,1,1,Shellcode
tcp,ssl,CON,4.41,61,2,26001,920,21.42855,37734.29,1668.94,57,0,0.0723,2.205,0.02,0.0139,28883,2475738,1903504,21642,0.1939,0.0539,0.083,341,460,1,3325,4,4,0,0,1,0,0,Normal
icmp,ftp,INT,0.9809,682,24,79112,1752,719.7575,645228.93,14289.12,0,5,0.001438,0.04087,0.2726,0.096,472,840,506,1696,0.003029,0.004307,0.001518,116,73,1,167,84,37,0,0,9,1,1,Generic
udp,http,INT,8.2915,11,47,6435,5170,10.49265,4967.02,4988.25,0,36,0.7538,0.1764,0.0017,0.007,12090,6090233,3159100,26094,0.1458,0.0145,0.0115,468,110,0,4691,4,1,0,0,0,0,0,Normal
tcp,ssl,FIN,2.638,45,42,9506,6006,49.470150000000004,23063.32,18214.11,3,0,0.0586,0.0628,0.0187,0.0031,59816,8560437,1956617,59854,0.1184,0.0639,0.0096,169,143,1,4021,1,3,0,0,0,0,0,Normal
tcp,-,INT,9.3376,58,50,19357,8950,17.34915,13267.61,7667.9,7,0,0.161,0.1868,0.0031,0.0042,30129,2860221,6093291,30302,0.1983,0.0123,0.0205,267,179,1,1682,1,3,0,0,0,0,0,Normal
tcp,-,INT,3.6164,27,55,5062,25905,34.011900000000004,8959.22,57305.81,0,26,0.1339,0.0658,0.0129,0.0055,31388,4431491,4835505,55736,0.0322,0.033,0.0418,150,471,1,3877,1,2,0,0,1,0,0,Normal
tcp,-,CON,7.9451,60,52,8025,29848,21.1452,6464.39,30054.38,6,0,0.1324,0.1528,0.0184,0.0192,54932,2340590,3011579,20943,0.245,0.0592,0.0456,107,574,1,2992,2,3,0,0,0,0,0,Normal
tcp,-,CON,4.3781,29,21,7068,12243,17.1306,10333.17,22371.17,7,0,0.151,0.2085,0.0055,0.0033,61765,8354732,3978814,4443,0.1612,0.0085,0.0254,195,583,0,1097,3,3,0,0,1,0,0,Normal
tcp,http,INT,1.4694,404,23,65448,667,290.6031,356335.2,3631.52,46,6,0.003637,0.063885,0.2295,0.0949,2472,934,816,1994,0.003535,0.001241,0.004796,162,29,0,39,72,33,1,4,0,0,1,Backdoor
udp,-,RST,0.2466,650,16,119600,592,2700.4893,3879621.87,19203.48,46,5,0.000379,0.015414,0.1805,0.0813,2306,705,456,2972,0.009404,0.002508,0.001079,184,37,0,88,27,13,0,0,7,0,1,Analysis
icmp,-,INT,0.1688,582,19,83226,1292,3560.7378,3944705.02,61237.58,34,3,0.00029,0.008883,0.25,0.0024,664,628,515,1922,0.006743,0.002656,0.001969,143,68,1,167,50,72,0,0,3,0,1,Botnet
tcp,ssh,CON,0.6787,292,13,35916,130,449.3942,423355.84,1532.36,37,5,0.002324,0.052207,0.4145,0.0436,3207,173,671,3055,0.003655,0.000658,1.5e-05,123,10,0,141,60,53,0,0,8,1,1,Worm
udp,ssl,INT,1.5321,56,27,22190,243,81.26205,92694.94,1268.86,28,0,0.0274,0.0567,0.0169,0.0105,60120,9652102,8532569,53623,0.1736,0.0561,0.0266,317,9,1,2905,3,3,0,0,0,0,0,Normal
udp,dns,FIN,1.4768,21,47,14463,11092,69.06915000000001,62682.26,60087.43,0,24,0.0703,0.0314,0.0197,0.0009,49772,9792397,1594638,31504,0.1023,0.0199,0.0752,551,236,1,3452,3,2,0,0,1,0,0,Normal
tcp,ssl,CON,9.7284,2,46,540,23690,7.401,355.25,19481.05,0,42,4.8642,0.2115,0.0107,0.0167,45821,8092724,1790579,10664,0.2485,0.0254,0.0689,216,515,0,4600,2,1,0,0,1,0,0,Normal
tcp,ssl,INT,2.5258,46,32,21735,14944,46.32285,55074.23,47333.18,13,0,0.0549,0.0789,0.0094,0.0157,20595,9401532,1884518,58329,0.2102,0.0734,0.0792,378,467,2,4033,3,3,0,0,1,0,0,Normal
tcp,ftp,RST,1.0085,268,9,34572,738,274.6536,274233.23,5853.99,37,2,0.003763,0.11206,0.289,0.0375,3370,769,570,108,0.009051,0.001759,5.7e-05,129,82,1,94,49,62,0,0,1,0,1,Exploit
tcp,dns,CON,3.0694,23,32,16445,11584,26.87805,34289.27,30192.07,0,8,0.1335,0.0959,0.0079,0.0184,45179,7250727,8936348,28978,0.2178,0.0748,0.0662,572,362,1,431,4,1,0,0,0,0,0,Normal
icmp,-,RST,1.3241,80,12,11120,756,69.481,67185.06,4567.62,40,4,0.016551,0.110342,0.2872,0.0604,1039,815,72,2642,0.003413,0.001457,0.000666,139,63,1,128,74,47,1,3,8,0,1,Backdoor
tcp,ssl,FIN,8.8613,14,49,3132,16905,10.6644,2262.42,15261.86,0,34,0.633,0.1808,0.0067,0.0052,55645,4019870,9286256,54533,0.0931,0.0441,0.0451,179,345,2,1028,4,4,0,0,0,0,0,Normal
tcp,ssl,INT,4.1535,48,47,18840,18706,34.30815,29029.71,36029.04,0,0,0.0865,0.0884,0.0037,0.0023,62637,4351496,133821,45640,0.235,0.0585,0.0193,314,398,2,1260,4,4,0,0,1,0,0,Normal
tcp,ssl,FIN,5.4179,59,13,28910,4667,19.9341,34150.79,6891.29,45,0,0.0918,0.4168,0.0182,0.013,7247,9443067,4133098,47675,0.1206,0.0298,0.0218,392,359,1,2497,3,3,0,0,0,0,0,Normal
icmp,http,REQ,1.4976,101,20,19897,1260,80.7975,106289.44,6730.9,14,1,0.014827,0.074879,0.4608,0.0893,3175,605,467,2510,0.00766,0.001829,0.00483,197,63,1,68,77,38,0,0,6,1,1,Botnet
tcp,-,CON,6.3952,33,46,11261,6900,18.5295,11269.69,8631.46,0,11,0.1938,0.139,0.0067,0.001,23569,7342800,7724591,26569,0.2819,0.087,0.0525,273,150,2,3245,3,2,0,0,0,0,0,Normal
tcp,ftp,INT,0.6401,195,14,21255,322,326.4979,265634.95,4024.2,38,5,0.003283,0.045723,0.2882,0.0699,1374,580,688,1977,0.005323,0.002432,0.003289,109,23,0,75,68,75,0,0,3,1,1,DoS
tcp,-,CON,0.5895,426,28,40896,1904,770.1235,554977.43,25838.15,44,6,0.001384,0.021054,0.2857,0.0067,554,18,144,3994,0.00198,0.000103,0.003829,96,68,0,60,41,46,0,0,7,0,1,Exploit
udp,http,FIN,7.8229,34,49,11177,23226,15.91485,9144.44,23751.81,0,13,0.2301,0.1597,0.0093,0.0199,15323,4696486,7590366,60031,0.0277,0.0379,0.0013,263,474,0,1444,3,4,0,0,0,0,0,Normal
tcp,http,FIN,5.3785,36,54,18045,4860,25.09995,21472.18,7228.79,0,16,0.1494,0.0996,0.0131,0.009,47859,7358393,1435030,7748,0.217,0.0593,0.0139,401,90,1,3270,4,2,0,0,0,0,0,Normal
tcp,ssl,INT,2.0714,38,50,8645,37450,63.72375,26709.88,144633.47,0,12,0.0545,0.0414,0.0052,0.011,41157,9854058,8831560,9223,0.2392,0.0128,0.0065,182,749,2,4735,1,1,0,0,1,0,0,Normal
tcp,ssl,INT,5.2322,58,31,4495,11160,25.514849999999996,5498.22,17063.43,26,0,0.0902,0.1688,0.0007,0.0076,47529,2561890,295630,34794,0.1837,0.0823,0.0759,62,360,1,274,4,3,0,0,1,0,0,Normal
udp,ssh,CON,0.4469,611,29,101426,1943,1431.9287,1815435.0,34777.97,13,1,0.000732,0.015412,0.3064,0.0367,291,260,276,2977,0.000906,0.002968,0.003115,166,67,1,186,82,55,0,0,7,0,1,Botnet
tcp,-,CON,0.635,678,19,89496,1501,1097.651,1127522.22,18910.46,17,6,0.000937,0.033421,0.3258,0.0529,1908,202,169,490,0.009731,0.003282,0.003934,132,79,1,97,35,69,0,0,8,0,1,Reconnaissance
tcp,dns,CON,3.2249,29,12,15805,7776,19.07025,31365.76,19289.79,16,0,0.1112,0.2687,0.0153,0.0171,4162,7596116,7167719,54406,0.2943,0.0584,0.0008,436,648,2,995,2,1,0,0,0,0,0,Normal
udp,-,INT,3.4751,27,41,5265,19516,29.352000000000004,9696.54,44928.21,0,13,0.1287,0.0848,0.0154,0.013,49316,4184976,3309488,49569,0.2937,0.0076,0.0182,156,476,1,2995,4,3,0,0,1,0,0,Normal
udp,http,INT,2.4524,45,17,22162,11271,37.9227,57838.25,36767.91,28,0,0.0545,0.1443,0.0056,0.0111,44745,4675824,6218945,48557,0.1419,0.0229,0.0054,394,663,0,979,3,3,0,0,1,0,0,Normal
tcp,http,CON,1.953,18,24,10867,5640,32.25735,35612.06,23102.37,0,4,0.1085,0.0814,0.0058,0.0144,33695,1613209,7433423,26308,0.0994,0.093,0.0365,483,235,1,1460,1,1,0,0,1,0,0,Normal
udp,ssl,FIN,2.6613,33,49,7218,4459,46.218450000000004,17360.1,13404.1,0,15,0.0806,0.0543,0.0113,0.002,12351,4364901,9939483,49473,0.171,0.0229,0.0678,175,91,1,4026,3,3,0,0,1,0,0,Normal
udp,dns,INT,1.1484,78,55,30127,41745,173.72595,167905.49,290814.65,23,0,0.0147,0.0209,0.013,0.0003,6829,9773072,2098381,24276,0.2686,0.0689,0.0096,309,759,2,1455,4,4,0,0,1,0,0,Normal
tcp,dns,INT,0.5107,24,40,5370,19000,187.96724999999998,67292.26,297614.73,0,15,0.0213,0.0128,0.0051,0.0021,7551,666605,4783350,4726,0.221,0.0857,0.0482,179,475,0,3871,1,2,0,0,1,0,0,Normal
udp,dns,INT,7.0328,53,33,36238,18051,18.34245,32977.83,20533.37,19,0,0.1327,0.2131,0.0197,0.0019,15783,4784408,7015777,29665,0.1747,0.0338,0.0947,547,547,0,4005,4,2,0,0,1,0,0,Normal
icmp,ftp,CON,1.1996,132,14,17292,504,121.7039,115315.27,3361.03,48,2,0.009088,0.085688,0.426,0.0587,975,726,505,3416,0.002613,0.003833,0.003229,131,36,1,113,43,71,0,0,8,1,1,Botnet
udp,-,INT,9.5127,11,58,5060,11832,10.8801,3404.28,9950.44,0,47,0.8648,0.164,0.0135,0.0192,1599,6539174,1453577,30714,0.2666,0.0448,0.0821,368,204,0,549,3,2,0,0,0,0,0,Normal
udp,dns,CON,8.1558,71,0,38961,0,13.0581,30573.47,0.0,69,0,0.1149,8.1558,0.0106,0.0179,28730,6264340,5942090,104,0.1446,0.0481,0.0321,439,0,0,3787,4,4,0,0,0,0,0,Normal
udp,-,INT,0.1603,429,10,61776,510,2739.1564,3083628.68,25457.31,13,9,0.000374,0.016027,0.4645,0.0837,702,38,77,3109,0.007842,0.000181,0.002264,144,51,0,186,24,30,0,0,8,1,1,Generic
udp,dns,CON,5.8032,25,47,12281,8648,18.610500000000002,13544.33,11921.77,0,21,0.2321,0.1235,0.0156,0.0048,12741,4663269,9398964,50415,0.292,0.0045,0.0848,393,184,1,1091,2,3,0,0,0,0,0,Normal
icmp,-,CON,0.7526,454,4,20430,332,608.5838,217176.72,3529.25,19,5,0.001658,0.188142,0.4594,0.0615,2161,771,478,3560,0.006289,0.002879,0.001484,45,83,0,181,40,34,0,0,7,0,1,Analysis
tcp,http,CON,7.2776,7,58,603,15428,13.39725,530.95,16959.5,0,50,1.0397,0.1255,0.0064,0.0073,5558,9076368,6879421,40312,0.1024,0.0551,0.0593,69,266,2,3705,3,1,0,0,1,0,0,Normal
udp,dns,INT,3.0708,63,31,12127,3193,45.9168,25275.69,8318.42,32,0,0.0487,0.0991,0.0074,0.019,8726,7892390,6463967,6235,0.0396,0.0268,0.0135,154,103,2,3067,1,1,0,0,0,0,0,Normal
tcp,dns,CON,0.6379,32,50,20920,150,192.8184,209886.72,1881.15,0,16,0.0199,0.0128,0.0037,0.0137,20109,4657327,4282044,9546,0.1075,0.0915,0.0734,523,3,2,2752,1,4,0,0,0,0,0,Normal
udp,ssl,FIN,2.8289,52,19,8840,4237,37.64655,19998.96,11981.84,31,0,0.0544,0.1489,0.0141,0.0068,42408,2815006,1118431,13138,0.1344,0.0677,0.0918,136,223,0,3054,4,1,0,0,1,0,0,Normal
tcp,ssl,INT,8.8721,8,48,470,2736,9.467849999999999,339.04,2467.07,0,39,1.109,0.1848,0.0126,0.0025,45606,8703175,7390792,28132,0.194,0.0028,0.0439,47,57,0,1669,3,1,0,0,1,0,0,Normal
tcp,http,CON,9.6241,60,50,38400,8150,17.1444,25535.88,6774.65,8,0,0.1604,0.1925,0.0177,0.0161,7803,386676,8827231,63977,0.2725,0.0412,0.0412,512,163,2,3167,3,2,0,0,0,0,0,Normal
tcp,dns,FIN,1.8747,57,16,6982,720,58.408049999999996,23836.87,3072.42,39,0,0.0329,0.1172,0.0094,0.0106,52884,509972,3268252,3762,0.0782,0.0858,0.0217,98,45,1,4730,2,4,0,0,0,0,0,Normal
udp,http,INT,2.3146,70,47,11550,25709,75.8241,31936.88,88859.87,22,0,0.0331,0.0492,0.0128,0.0097,37721,7095467,9493817,53952,0.0413,0.0427,0.0665,132,547,1,4565,4,4,0,0,0,0,0,Normal
tcp,http,CON,8.2609,51,4,22312,428,9.98685,17286.25,414.48,46,0,0.162,2.0652,0.0156,0.0031,20661,991749,9105211,26730,0.285,0.0266,0.0604,350,107,2,4933,4,2,0,0,1,0,0,Normal
udp,ftp,INT,1.3162,471,10,89961,130,365.4464,546792.95,790.15,36,2,0.002794,0.13162,0.3788,0.0288,3604,634,725,899,0.000823,0.004386,0.002673,191,13,1,101,86,18,0,0,9,1,1,Exploit
udp,ssl,INT,4.2729,53,46,28686,13754,34.7541,42966.85,25751.28,6,0,0.0806,0.0929,0.0062,0.0182,18456,4617697,5270402,46577,0.1373,0.0904,0.0756,433,299,0,94,4,1,0,0,0,0,0,Normal
icmp,ftp,CON,1.2443,630,24,68040,456,525.5934,437448.01,2931.75,2,9,0.001975,0.051846,0.2008,0.0464,241,654,102,138,0.005353,0.002028,0.001207,108,19,1,11,99,51,1,3,1,1,1,Backdoor
udp,-,INT,6.7164,39,54,4436,14094,20.77005,4227.27,16787.61,0,15,0.1722,0.1244,0.002,0.0064,50344,4951820,8450488,22160,0.2785,0.0022,0.0453,91,261,1,4855,3,1,0,0,1,0,0,Normal
tcp,-,FIN,5.5845,29,57,13376,33288,23.099700000000002,15329.64,47686.48,0,27,0.1926,0.098,0.0108,0.0024,9234,8973311,6155804,59262,0.1712,0.0517,0.0971,369,584,2,3348,4,4,0,0,1,0,0,Normal
tcp,-,INT,1.7224,4,39,1960,26832,37.4478,7282.89,124626.51,0,34,0.4306,0.0442,0.0008,0.0169,1232,4921375,670005,10730,0.2464,0.0912,0.0574,392,688,0,2903,2,2,0,0,0,0,0,Normal
tcp,ssl,INT,3.818,10,9,1700,1719,7.4646,2849.67,3601.9,1,0,0.3818,0.4242,0.0199,0.0172,3334,6035970,9597888,15957,0.1251,0.0832,0.0965,136,191,0,4828,1,4,0,0,1,0,0,Normal
tcp,ssh,REQ,0.4378,86,29,6450,2349,262.6718,117859.68,42922.85,34,8,0.005091,0.015097,0.171,0.0532,964,218,985,3399,0.009389,0.001813,0.002723,75,81,0,31,89,29,0,0,4,0,1,Generic
tcp,-,CON,5.8727,21,41,10500,15990,15.836099999999998,11442.85,21782.28,0,18,0.2797,0.1432,0.0048,0.0078,49903,9741245,8884779,52639,0.0805,0.0183,0.0049,400,390,2,2514,3,4,0,0,0,0,0,Normal
udp,dns,CON,3.4808,1,3,73,2091,1.7238,135.6,4805.82,0,1,3.4808,1.1603,0.0125,0.0176,9009,4590396,7785424,15120,0.0497,0.0507,0.0736,59,697,2,4165,2,3,0,0,1,0,0,Normal
icmp,ssh,REQ,0.7134,389,13,48236,351,563.4753,540891.41,3935.92,24,5,0.001834,0.054879,0.1742,0.0172,1936,313,11,713,0.004413,0.004904,0.001046,124,27,1,170,70,37,0,0,7,0,1,DoS
tcp,ssl,INT,3.2507,45,4,4781,3064,22.61055,9413.35,7540.53,40,0,0.0722,0.8127,0.0048,0.0103,37496,6005552,2746303,1071,0.1499,0.0376,0.0124,85,766,2,2102,1,3,0,0,1,0,0,Normal
tcp,-,REQ,0.3551,359,7,40208,266,1030.554,905716.19,5991.86,42,2,0.000989,0.050736,0.3106,0.0505,1299,519,662,2648,0.003195,0.004547,0.000656,112,38,0,137,39,61,0,0,1,0,1,Reconnaissance
tcp,dns,INT,4.6605,12,44,5550,33616,18.02385,7621.51,57703.73,0,31,0.3884,0.1059,0.0148,0.0081,7644,688283,9527838,41513,0.0335,0.0447,0.051,370,764,0,1827,2,2,0,0,1,0,0,Normal
tcp,http,CON,7.8279,37,37,20303,4329,14.1801,16600.17,4424.19,0,0,0.2116,0.2116,0.0048,0.0021,21490,3513106,7972825,56088,0.2562,0.0877,0.0535,439,117,1,2185,3,1,0,0,1,0,0,Normal
udp,-,FIN,7.6074,71,23,10561,2277,18.53445,8884.98,2394.5,48,0,0.1071,0.3308,0.0069,0.0181,35077,6334405,7775004,22865,0.2667,0.0495,0.0017,119,99,0,3099,4,3,0,0,0,0,0,Normal
tcp,dns,FIN,9.2469,33,11,9322,4312,7.13745,6452.31,3730.54,22,0,0.2802,0.8406,0.0011,0.0161,21846,4816680,580392,27448,0.1674,0.0751,0.0065,226,392,0,4346,1,2,0,0,0,0,0,Normal
udp,ssl,FIN,3.9,17,5,10327,2105,8.461500000000001,16947.5,4317.9,10,0,0.2294,0.78,0.0158,0.0144,711,2475297,9033166,7249,0.2222,0.0707,0.0001,486,421,2,4957,2,1,0,0,0,0,0,Normal
udp,http,RST,0.8774,147,27,24255,729,198.305,221144.3,6646.64,10,6,0.005969,0.032498,0.3303,0.0848,2599,878,603,682,0.005556,0.002215,0.002684,165,27,1,0,74,78,1,2,2,1,1,Backdoor
tcp,ftp,INT,0.1188,554,21,88086,1869,4838.5739,5929886.94,125819.75,25,4,0.000215,0.005659,0.2963,0.0792,3352,462,946,1063,0.007685,0.000843,0.001916,159,89,1,36,49,55,0,0,0,1,1,Analysis
tcp,ssl,INT,8.5891,38,43,9547,31691,14.145900000000001,7114.13,29517.4,0,3,0.226,0.1997,0.0119,0.0061,24596,3503355,1108679,1118,0.0417,0.0286,0.0572,201,737,0,441,1,4,0,0,0,0,0,Normal
tcp,ssl,INT,0.2699,29,49,11672,11662,433.53705,276811.56,345703.19,0,20,0.0093,0.0055,0.0148,0.0118,53884,4828194,9242474,42096,0.1272,0.0371,0.0509,322,238,0,1066,2,1,0,0,1,0,0,Normal
udp,http,CON,1.2094,48,32,10860,19296,99.22335,57470.13,127640.83,14,0,0.0252,0.0378,0.0008,0.002,27002,6020757,6872123,21866,0.0429,0.0982,0.0346,181,603,1,2353,1,2,0,0,1,0,0,Normal
udp,dns,CON,4.4541,63,15,34177,8715,26.2677,49108.39,15652.83,46,0,0.0707,0.2969,0.0062,0.0191,33185,8658453,753105,32732,0.2647,0.0648,0.0681,434,581,2,4343,1,4,0,0,0,0,0,Normal
tcp,ssl,FIN,7.9735,59,19,28541,9253,14.6736,22908.93,9283.77,39,0,0.1351,0.4197,0.0098,0.0144,43635,2754101,8389888,18355,0.2691,0.0031,0.0245,387,487,0,3138,3,1,0,0,0,0,0,Normal
tcp,-,INT,5.9603,50,25,21812,10325,18.8751,23421.82,13858.47,25,0,0.1192,0.2384,0.0063,0.0174,49973,9632086,522286,35542,0.1525,0.043,0.0558,349,413,0,4275,3,3,0,0,0,0,0,Normal
udp,dns,CON,4.761,30,50,6112,19200,25.2048,8216.77,32262.17,0,20,0.1587,0.0952,0.0053,0.0015,7310,236654,5494143,64897,0.2973,0.0959,0.0056,163,384,2,1876,1,4,0,0,1,0,0,Normal
udp,http,CON,1.0425,9,8,6221,4720,24.460499999999996,38192.92,36220.73,0,0,0.1158,0.1303,0.0163,0.0081,32655,9645862,4731069,51240,0.0288,0.0904,0.0595,553,590,2,4459,1,2,0,0,1,0,0,Normal
tcp,-,CON,5.3485,16,35,6360,735,14.303099999999999,7610.36,1099.37,0,17,0.3343,0.1528,0.0142,0.0114,45978,7781154,6024346,45300,0.1934,0.0178,0.0155,318,21,2,3404,3,1,0,0,0,0,0,Normal
tcp,ssl,FIN,7.8713,33,53,16788,4558,16.3887,13650.61,4632.53,0,20,0.2385,0.1485,0.0064,0.0141,22749,4573923,3210740,32949,0.054,0.0863,0.0425,407,86,2,329,3,2,0,0,1,0,0,Normal
tcp,ssl,INT,0.4635,35,14,25243,6860,158.5779,348569.36,118404.84,21,0,0.0132,0.0331,0.0064,0.0072,25922,3766114,6735237,31394,0.1709,0.0712,0.0635,577,490,1,4410,4,1,0,0,1,0,0,Normal
udp,ftp,INT,0.6585,237,26,32943,910,399.3973,400223.44,11055.56,6,3,0.002778,0.025327,0.1175,0.0803,2392,844,61,1200,0.005109,0.004003,0.001352,139,35,0,73,86,53,0,0,6,1,1,Botnet
tcp,-,INT,2.4444,30,31,10912,3689,37.432199999999995,28571.25,12073.24,0,1,0.0815,0.0789,0.0097,0.0013,58689,2510862,8855181,8901,0.1981,0.0546,0.0674,291,119,1,274,2,4,0,0,1,0,0,Normal
udp,-,FIN,2.2834,39,1,3851,164,26.27655,10794.4,574.58,37,0,0.0585,2.2834,0.0088,0.0047,4283,4360797,6098607,45960,0.1109,0.0165,0.056,79,164,0,1096,2,4,0,0,1,0,0,Normal
udp,-,FIN,1.4979,52,53,25935,7579,105.14865,110812.58,40478.53,0,0,0.0288,0.0283,0.0103,0.0027,64868,5316259,2188946,39563,0.1228,0.0827,0.094,399,143,2,1563,1,3,0,0,1,0,0,Normal
tcp,dns,FIN,4.9874,64,22,37280,3674,25.86495,47838.56,5893.2,41,0,0.0779,0.2267,0.0017,0.0066,59232,9181846,4676871,43571,0.0249,0.0059,0.0529,466,167,1,3300,1,2,0,0,1,0,0,Normal
icmp,-,RST,0.0684,526,19,104148,1121,7972.1111,12187587.92,131181.45,14,5,0.00013,0.003598,0.3261,0.0265,1803,711,917,3967,0.000859,0.004537,0.002888,198,59,1,95,21,20,0,0,4,1,1,Shellcode
tcp,-,FIN,8.2041,76,50,23845,34100,23.037300000000002,18601.5,33251.79,24,0,0.1079,0.1641,0.0165,0.0057,45557,281424,270962,27699,0.0679,0.0041,0.0514,251,682,0,1547,2,4,0,0,1,0,0,Normal
tcp,ssl,INT,1.7872,67,1,41456,407,57.07275,148456.15,1821.85,66,0,0.0267,1.7872,0.0048,0.0168,62583,3190285,9939128,59955,0.1291,0.0142,0.0307,495,407,0,4765,4,3,0,0,1,0,0,Normal
udp,ssl,CON,5.5041,67,31,23031,5208,26.7072,26779.89,7569.59,35,0,0.0822,0.1776,0.0034,0.0022,34551,7326802,2290470,1893,0.1607,0.0134,0.0214,275,168,0,2708,2,2,0,0,0,0,0,Normal
tcp,http,CON,1.8932,5,3,312,1122,6.3384,1056.39,4741.09,1,0,0.3786,0.6311,0.0081,0.0145,32036,8508807,6043938,63603,0.1774,0.0026,0.0979,50,374,1,3361,1,1,0,0,0,0,0,Normal
udp,dns,FIN,1.8274,1,23,338,7107,19.7007,1186.42,31113.9,0,21,1.8274,0.0795,0.0013,0.0012,49021,831458,8558792,19197,0.0548,0.0703,0.0703,271,309,2,3184,1,2,0,0,1,0,0,Normal
udp,http,CON,3.3144,31,10,10850,1150,18.55515,20950.73,2775.73,19,0,0.1069,0.3314,0.0036,0.0125,54737,7951541,9873290,18134,0.121,0.0918,0.057,280,115,1,3002,2,4,0,0,1,0,0,Normal
tcp,http,CON,7.1498,54,25,14377,6925,16.57395,12869.75,7748.48,29,0,0.1324,0.286,0.0125,0.0135,21468,1171547,4922761,31525,0.0596,0.0244,0.0367,213,277,2,1971,3,3,0,0,1,0,0,Normal
tcp,http,INT,6.4136,65,48,3981,27216,26.4282,3972.8,33947.82,17,0,0.0987,0.1336,0.016,0.0152,53771,9030611,6839580,25821,0.102,0.0003,0.022,49,567,2,2496,3,2,0,0,0,0,0,Normal
udp,ssl,FIN,4.0553,34,27,17127,10368,22.56285,27030.1,20453.08,6,0,0.1193,0.1502,0.0188,0.0163,31959,5073798,4214621,31037,0.0239,0.0462,0.0069,403,384,2,1480,2,3,0,0,0,0,0,Normal
icmp,-,INT,1.2046,173,9,28026,594,151.0818,186119.47,3944.73,43,4,0.006963,0.13385,0.1554,0.0471,3285,796,497,2482,0.002161,0.000588,0.003931,162,66,1,124,73,68,0,0,4,0,1,DoS
udp,ssh,INT,1.1449,453,8,29898,528,402.6515,208910.62,3689.37,29,6,0.002527,0.143114,0.4654,0.0471,78,236,887,3589,0.003486,3.2e-05,0.003096,66,66,1,21,51,66,0,0,8,0,1,DoS
udp,ssl,FIN,9.7606,10,52,4112,9048,9.52815,2696.56,7415.94,0,40,0.9761,0.1877,0.009,0.0079,16821,3240194,9634535,50249,0.2931,0.0385,0.0114,329,174,1,612,1,4,0,0,1,0,0,Normal
udp,ssh,REQ,0.4521,771,19,100230,1729,1747.3477,1773535.78,30594.07,18,6,0.000586,0.023795,0.1151,0.0427,3796,410,332,2455,0.005698,0.004699,0.003793,130,91,0,18,78,69,0,0,4,1,1,Exploit
tcp,ssl,FIN,3.7584,45,14,29306,4802,23.547,49903.59,10221.24,29,0,0.0835,0.2685,0.0193,0.0194,26702,7346401,7031707,17661,0.1117,0.0358,0.0614,521,343,0,1801,1,2,0,0,1,0,0,Normal
udp,dns,FIN,7.5575,60,2,22875,1414,12.305699999999998,19371.45,1496.79,58,0,0.126,3.7788,0.0055,0.007,83,9826583,1821239,57948,0.1599,0.0865,0.0258,305,707,0,4241,2,3,0,0,1,0,0,Normal
tcp,-,CON,0.6785,67,3,33416,999,154.74824999999998,315191.35,11778.56,62,0,0.0101,0.2262,0.0063,0.0072,11703,5642030,8027121,56019,0.1315,0.035,0.0465,399,333,1,405,4,3,0,0,0,0,0,Normal
udp,-,CON,2.1732,2,55,332,32120,39.34365,979.22,118242.6,0,51,1.0866,0.0395,0.0026,0.0143,34318,4437697,392744,19802,0.2195,0.0789,0.0944,133,584,1,2097,1,3,0,0,1,0,0,Normal
tcp,http,FIN,3.9989,45,53,16987,35881,36.7602,27187.59,71782.05,0,6,0.0889,0.0755,0.003,0.0002,45002,8659164,5139623,57624,0.0553,0.0415,0.0239,302,677,2,4512,3,3,0,0,1,0,0,Normal
tcp,http,INT,5.1391,22,56,4125,5432,22.76655,5137.06,8455.91,0,33,0.2336,0.0918,0.0156,0.0174,4526,7116147,2044187,25429,0.2939,0.0473,0.0141,150,97,1,1458,3,3,0,0,1,0,0,Normal
udp,http,INT,9.7603,13,3,7426,1563,2.4589499999999997,4869.5,1281.1,9,0,0.7508,3.2534,0.0049,0.0172,55715,3051968,9703530,42627,0.0915,0.0293,0.0819,457,521,2,4430,4,3,0,0,0,0,0,Normal
tcp,http,CON,1.4531,654,11,57552,935,457.6278,316840.87,5147.45,27,6,0.002222,0.132104,0.0309,0.0947,2499,675,875,3197,0.009808,0.003519,0.000405,88,85,0,19,98,22,1,3,2,0,1,Backdoor
udp,dns,FIN,0.7951,79,16,10368,9776,179.22015,83459.98,98361.04,61,0,0.0101,0.0497,0.0152,0.0117,15245,7055990,6071492,925,0.1509,0.0212,0.0981,105,611,1,1175,4,4,0,0,0,0,0,Normal
udp,http,CON,4.3106,79,49,22712,21119,44.54115,33721.33,39194.32,28,0,0.0546,0.088,0.0068,0.0013,60013,1312516,3417780,19474,0.1763,0.0809,0.0759,230,431,2,922,1,4,0,0,0,0,0,Normal
udp,-,INT,4.8728,60,13,43650,10114,22.4715,57330.14,16604.72,47,0,0.0812,0.3748,0.0051,0.0056,31254,1618944,8087821,45468,0.2503,0.0632,0.0235,582,778,2,4456,2,3,0,0,1,0,0,Normal
udp,ssl,FIN,7.1577,64,19,14880,4465,17.39385,13304.78,4990.41,44,0,0.1118,0.3767,0.0145,0.0097,30776,1117014,1492227,27054,0.0489,0.0063,0.0715,186,235,1,4234,1,1,0,0,1,0,0,Normal
udp,http,CON,3.9665,43,10,20962,520,20.04285,33823.33,1048.79,32,0,0.0922,0.3966,0.0026,0.0177,57816,2775872,7533618,56100,0.1551,0.0625,0.0425,390,52,0,2247,3,1,0,0,0,0,0,Normal
udp,http,CON,4.3272,20,31,14325,14260,17.6787,21186.67,26363.17,0,10,0.2164,0.1396,0.0084,0.0019,53880,9794595,635240,39533,0.1871,0.02,0.0713,573,460,2,23,2,2,0,0,1,0,0,Normal
tcp,-,INT,5.7555,26,55,18070,23760,21.11025,20093.55,33025.93,0,29,0.2214,0.1046,0.0179,0.0117,18326,2952702,4695023,6663,0.0999,0.0543,0.023,556,432,0,6,4,1,0,0,1,0,0,Normal
icmp,http,RST,0.8259,152,3,25992,261,187.6642,251755.72,2528.02,11,2,0.005434,0.275315,0.0268,0.086,2982,29,996,2344,0.0073,0.000409,0.004078,171,87,1,103,73,44,0,0,5,0,1,Analysis
udp,ssl,INT,2.3937,11,7,4441,4760,11.27955,11874.44,15908.34,4,0,0.2176,0.342,0.0184,0.0108,55479,587968,6302273,1955,0.0437,0.0539,0.0414,323,680,0,2964,3,3,0,0,1,0,0,Normal
tcp,http,FIN,7.2463,57,7,29141,3689,13.24815,25737.83,4072.7,48,0,0.1271,1.0352,0.0002,0.0002,2647,8209480,2402386,2482,0.2887,0.0422,0.0506,409,527,1,3970,2,1,0,0,0,0,0,Normal
udp,http,CON,7.3965,69,34,10867,2210,20.8881,9403.32,2390.31,35,0,0.1072,0.2175,0.0052,0.0192,7967,2023668,2947383,30201,0.0313,0.0016,0.0468,126,65,1,2265,3,2,0,0,1,0,0,Normal
udp,http,REQ,0.9663,720,19,137520,950,764.7346,1138471.53,7864.66,1,8,0.001342,0.05086,0.0625,0.0572,2664,154,248,157,0.007177,0.002508,0.001432,191,50,1,30,64,61,0,0,6,1,1,Generic
tcp,-,INT,5.1481,28,39,8925,21060,19.5219,11095.41,32726.79,0,9,0.1839,0.132,0.015,0.0001,12683,1940220,4238010,61614,0.0862,0.0109,0.0155,255,540,1,3813,4,4,0,0,0,0,0,Normal
tcp,-,FIN,2.3501,24,47,15780,15087,45.316649999999996,42972.98,51357.21,0,21,0.0979,0.05,0.0036,0.0125,51353,5552096,9997534,59174,0.199,0.0607,0.038,526,321,1,2400,2,2,0,0,1,0,0,Normal
tcp,ssl,CON,4.1245,69,1,38122,487,25.4574,59154.15,944.59,67,0,0.0598,4.1245,0.018,0.0126,37049,137181,3117476,7075,0.1264,0.0259,0.0777,442,487,1,1802,4,1,0,0,1,0,0,Normal
udp,-,CON,6.0671,4,21,2970,9744,6.180899999999999,3132.98,12848.38,0,15,1.5168,0.2889,0.0124,0.0027,28746,2582371,5768119,17918,0.0272,0.0017,0.0664,594,464,0,374,2,2,0,0,0,0,0,Normal
tcp,ftp,REQ,0.2403,537,20,48867,400,2317.9554,1626880.09,13316.8,20,2,0.000447,0.012015,0.1613,0.0153,4013,41,644,3380,0.002752,0.001393,0.001608,91,20,1,44,33,69,0,0,9,0,1,Worm
udp,http,INT,9.7708,46,24,24437,11160,10.7463,16006.87,9137.43,22,0,0.2124,0.4071,0.0043,0.0067,36261,9722837,9754936,61551,0.1355,0.0756,0.0302,425,465,2,2241,1,2,0,0,0,0,0,Normal
udp,dns,FIN,3.6212,51,30,38186,23100,33.5529,67490.16,51033.51,19,0,0.071,0.1207,0.0101,0.0116,56258,4617932,6679390,52807,0.0337,0.0963,0.0086,599,770,1,3608,1,4,0,0,0,0,0,Normal
tcp,dns,CON,6.3105,60,41,15825,18450,24.0075,16049.41,23389.54,17,0,0.1052,0.1539,0.0026,0.0132,8454,5461111,4868777,57168,0.0094,0.0107,0.0511,211,450,0,1704,4,3,0,0,1,0,0,Normal
udp,-,CON,3.1022,37,12,9851,8880,23.6928,20323.56,22899.79,25,0,0.0838,0.2585,0.0061,0.0138,11817,7512828,5632597,20381,0.2863,0.0679,0.0126,213,740,1,4388,3,4,0,0,0,0,0,Normal
tcp,-,CON,4.7725,32,17,9800,6375,15.4008,13142.05,10686.3,14,0,0.1491,0.2807,0.0112,0.0022,24845,3573964,2497492,51003,0.2938,0.0715,0.033,245,375,2,1800,3,2,0,0,1,0,0,Normal
udp,ssh,REQ,1.4771,128,17,11904,493,98.1685,64474.38,2670.18,47,1,0.011539,0.086885,0.3819,0.0072,553,614,974,383,0.001025,0.002986,0.002324,93,29,1,29,36,71,1,2,5,1,1,Backdoor
tcp,ssl,FIN,5.468,5,44,512,35156,13.4418,599.85,51435.22,0,37,1.0936,0.1243,0.0115,0.016,56371,4735217,8597298,21709,0.2118,0.0984,0.078,82,799,1,1442,2,1,0,0,0,0,0,Normal
icmp,-,CON,1.2587,456,4,41952,120,365.4481,266630.92,762.67,38,3,0.00276,0.314682,0.2955,0.0675,2481,637,768,336,0.003012,0.001179,0.000907,92,30,1,92,48,18,0,0,0,0,1,Shellcode
udp,ssl,INT,4.0102,16,57,1620,41610,27.3057,2585.44,83009.3,0,40,0.2506,0.0704,0.0183,0.0017,5027,8960724,3256020,36935,0.1764,0.0744,0.0765,81,730,2,2621,3,4,0,0,0,0,0,Normal
udp,ssl,INT,7.6047,21,42,9660,11214,12.426449999999999,8129.66,11796.85,0,20,0.3621,0.1811,0.0152,0.0009,39817,4331734,6026720,61951,0.0058,0.0454,0.061,368,267,2,1335,3,4,0,0,1,0,0,Normal
udp,http,REQ,0.7302,91,1,5824,89,125.9938,63807.64,975.08,45,5,0.008024,0.730195,0.4298,0.0695,3142,156,746,1021,0.009689,0.002495,0.0034,64,89,1,20,51,49,0,0,5,1,1,Worm
udp,ftp,REQ,1.2873,682,5,103664,95,533.6569,644203.85,590.36,41,3,0.001888,0.257469,0.1457,0.0926,3382,466,424,2275,0.004404,0.000388,0.002731,152,19,0,104,38,54,0,0,2,0,1,Shellcode
tcp,http,RST,1.1659,485,9,37345,540,423.7058,256247.65,3705.28,28,9,0.002404,0.129545,0.1606,0.0508,784,686,698,1479,0.004291,0.004579,0.00099,77,60,1,107,22,47,0,0,1,0,1,Reconnaissance
tcp,-,RST,1.136,659,12,26360,12,590.6463,185626.67,84.5,20,5,0.001724,0.09467,0.3635,0.0057,3853,854,413,2550,0.003815,0.00461,0.00056,40,1,1,58,67,29,0,0,9,1,1,Reconnaissance
udp,ssh,INT,0.1396,163,10,30318,930,1239.0815,1737177.99,53287.67,11,0,0.000857,0.013962,0.0209,0.0408,990,771,88,1540,0.003339,0.003074,0.002615,186,93,0,100,77,78,0,0,7,1,1,Exploit
tcp,dns,INT,4.1995,16,40,8080,22280,20.00235,12313.84,42443.13,0,24,0.2625,0.105,0.0055,0.0121,57657,2906779,7080195,13526,0.2338,0.0361,0.0012,404,557,1,4621,3,4,0,0,1,0,0,Normal
udp,dns,CON,8.0896,49,35,2572,2800,15.57555,2035.21,2768.99,12,0,0.1651,0.2311,0.0058,0.0132,51292,8921113,3904240,30126,0.1501,0.0018,0.057,42,80,0,1619,2,3,0,0,1,0,0,Normal
udp,-,INT,1.6402,52,17,30030,3196,63.1032,117177.96,15588.61,35,0,0.0315,0.0965,0.01,0.0114,64991,8053773,9491750,9673,0.2384,0.0954,0.0653,462,188,2,3480,2,2,0,0,1,0,0,Normal
udp,dns,INT,9.5016,6,39,2280,27144,7.104150000000001,1535.75,22854.36,0,32,1.5836,0.2436,0.0013,0.0028,35970,2343780,836766,29699,0.0936,0.0779,0.0248,304,696,2,4489,3,4,0,0,0,0,0,Normal
tcp,dns,CON,3.0403,33,48,19140,20352,39.96255,40290.18,53551.84,0,13,0.0921,0.0633,0.0188,0.0047,35101,603749,3012860,30770,0.0162,0.0815,0.0762,464,424,2,1663,3,3,0,0,1,0,0,Normal
udp,http,INT,5.6241,62,45,23405,26775,28.537800000000004,26633.79,38085.87,17,0,0.0907,0.125,0.0069,0.0029,56414,2796375,4070560,65060,0.1755,0.0776,0.0271,302,595,2,688,2,3,0,0,0,0,0,Normal
tcp,ftp,CON,0.5934,222,29,13986,1914,422.9994,188559.97,25804.65,7,6,0.002673,0.020461,0.0478,0.0025,2153,73,512,2994,0.009739,0.001613,0.002343,63,66,1,156,21,28,0,0,1,0,1,Worm
tcp,dns,FIN,4.8377,10,1,4800,744,3.4107000000000003,6350.17,1230.35,8,0,0.4838,4.8377,0.0184,0.0018,42847,6669655,7345955,31274,0.0261,0.0746,0.0249,384,744,1,4679,3,3,0,0,0,0,0,Normal
tcp,http,CON,2.8007,28,38,17115,3914,35.34855,39110.44,11180.12,0,8,0.1,0.0737,0.0101,0.0111,60208,3602346,8522010,1140,0.0605,0.0057,0.0702,489,103,1,1402,3,1,0,0,0,0,0,Normal
udp,ssl,CON,5.7255,10,17,762,4845,7.07355,852.33,6769.72,0,7,0.5725,0.3368,0.0017,0.0098,40252,3899457,2592776,55062,0.124,0.0448,0.0611,61,285,1,3866,3,1,0,0,1,0,0,Normal
tcp,ssl,CON,6.3726,67,37,25125,14911,24.47985,25233.06,18718.91,30,0,0.0951,0.1722,0.0163,0.0118,33237,238453,7990259,6212,0.1609,0.0976,0.0876,300,403,0,63,1,1,0,0,0,0,0,Normal
tcp,http,INT,1.5336,68,23,14875,17595,89.00595,62075.94,91783.7,43,0,0.0226,0.0667,0.0162,0.0071,48802,1198803,7835674,4493,0.2538,0.0918,0.0257,175,765,1,299,1,2,0,0,0,0,0,Normal
udp,ssl,CON,2.2823,43,20,10212,10420,41.405100000000004,28637.48,36524.18,23,0,0.0531,0.1141,0.0113,0.0165,40717,1196919,893750,4193,0.1261,0.0052,0.0003,190,521,2,4489,1,3,0,0,1,0,0,Normal
udp,http,CON,6.0627,72,47,40500,8554,29.44245,42753.3,11287.4,25,0,0.0842,0.129,0.0062,0.0195,22820,6330244,8032192,33902,0.1676,0.0698,0.0835,450,182,0,2268,2,3,0,0,1,0,0,Normal
tcp,ssl,CON,7.9711,75,31,53718,22568,19.947,43130.59,22649.71,44,0,0.1063,0.2571,0.0195,0.0036,42736,8647535,5202005,51938,0.2207,0.0372,0.0305,573,728,1,2470,1,1,0,0,1,0,0,Normal
udp,ssl,CON,2.3839,26,51,4875,35445,48.450900000000004,13088.03,118950.05,0,25,0.0917,0.0467,0.0198,0.0013,22918,7323117,4773366,22077,0.0818,0.0966,0.069,150,695,2,1284,4,1,0,0,1,0,0,Normal
tcp,dns,FIN,4.7361,4,2,1720,1210,1.90035,2324.28,2043.88,0,0,1.184,2.368,0.0034,0.018,28124,8753531,1643809,35964,0.0314,0.0831,0.0456,344,605,1,3952,1,1,0,0,1,0,0,Normal
tcp,http,REQ,1.4403,601,29,52888,2668,437.4032,293757.23,14818.94,46,9,0.002397,0.049666,0.459,0.0624,1784,495,634,1094,0.000722,0.004947,0.004501,88,92,1,170,72,28,0,0,5,1,1,DoS
tcp,http,CON,2.7393,36,27,15075,7290,34.4976,35220.46,21289.98,8,0,0.0761,0.1015,0.0042,0.0027,51092,3835269,586537,6648,0.2395,0.0397,0.0997,335,270,1,477,4,1,0,0,1,0,0,Normal
udp,dns,FIN,3.928,31,48,16933,10464,30.168300000000002,27590.93,21311.84,0,15,0.1267,0.0818,0.0198,0.009,23910,3162140,3757848,10999,0.1529,0.0133,0.0357,437,218,1,464,3,4,0,0,0,0,0,Normal
tcp,dns,FIN,6.2011,33,8,2763,3824,9.91755,2852.38,4933.28,23,0,0.1879,0.7751,0.0183,0.0084,28150,9178829,2824482,55857,0.1388,0.0925,0.0466,67,478,1,2323,4,3,0,0,0,0,0,Normal
icmp,ssh,RST,0.4074,117,11,5382,209,314.2251,105697.46,4104.56,18,0,0.003482,0.037032,0.4633,0.0528,608,666,701,217,0.004131,0.002834,0.000935,46,19,1,48,51,63,0,0,9,0,1,Reconnaissance
tcp,dns,INT,9.2549,70,57,15050,6498,20.583750000000002,10407.5,5616.94,13,0,0.1322,0.1624,0.0072,0.0062,35309,7853770,4229673,16148,0.0168,0.0563,0.0975,172,114,2,14,3,4,0,0,1,0,0,Normal
tcp,http,INT,4.4215,8,26,5500,4888,11.53455,7961.15,8844.11,0,17,0.5527,0.1701,0.0103,0.0159,44324,1537381,3780569,10520,0.0396,0.0496,0.0399,550,188,1,4391,2,1,0,0,1,0,0,Normal
udp,http,FIN,3.839,69,28,4053,11956,37.9002,6757.96,24914.63,39,0,0.0556,0.1371,0.0185,0.0028,8484,7312524,6034456,45993,0.24,0.0767,0.0325,47,427,0,1700,4,4,0,0,0,0,0,Normal
udp,dns,INT,0.8338,64,35,22640,16835,178.09904999999998,173776.75,161524.5,27,0,0.013,0.0238,0.0169,0.016,38460,6157450,1425786,7214,0.1298,0.021,0.0593,283,481,0,2414,4,2,0,0,0,0,0,Normal
tcp,ssl,INT,6.6889,74,15,21737,1155,19.95825,20798.5,1381.38,59,0,0.0904,0.4459,0.0073,0.0157,23385,8148382,169976,22670,0.2022,0.0756,0.0999,235,77,2,1339,3,3,0,0,0,0,0,Normal
tcp,ssh,REQ,0.4293,487,10,45291,190,1157.7272,844018.09,3540.74,47,8,0.000881,0.042929,0.3547,0.0927,1746,334,62,2116,0.009396,0.004452,0.003722,93,19,0,108,65,31,0,0,4,1,1,Generic
tcp,-,CON,9.5474,56,59,18340,11269,18.0678,12294.06,9442.6,0,3,0.1705,0.1618,0.0085,0.0141,19173,2332877,5039172,37161,0.1385,0.0319,0.0135,262,191,1,2950,4,3,0,0,0,0,0,Normal
tcp,ssl,INT,9.2057,5,30,3581,23520,5.703,2489.76,20439.5,0,25,1.8411,0.3069,0.0064,0.0112,62695,8118939,1078661,393,0.1497,0.0008,0.0846,573,784,0,4028,1,1,0,0,1,0,0,Normal
udp,-,INT,9.9483,51,13,30026,7787,9.64995,19316.73,6261.99,37,0,0.1951,0.7653,0.0124,0.0151,36999,2830807,9890760,5586,0.0169,0.0935,0.0978,471,599,1,1209,1,2,0,0,1,0,0,Normal
tcp,ssl,INT,6.0888,72,34,34470,26588,26.11365,36231.96,34933.83,36,0,0.0846,0.1791,0.0116,0.0076,58225,3587589,3050909,16276,0.0747,0.0596,0.0519,383,782,0,571,4,1,0,0,0,0,0,Normal
tcp,-,INT,0.7287,486,27,35964,1188,704.0144,394840.9,13042.79,34,1,0.001499,0.026988,0.0513,0.0536,1229,706,516,1299,0.00036,0.000361,0.000303,74,44,1,68,50,16,0,0,6,0,1,Botnet
tcp,dns,FIN,9.1424,26,8,1495,4080,5.57835,1046.55,3570.18,18,0,0.3516,1.1428,0.017,0.0001,56966,7452409,8310816,28210,0.2004,0.0159,0.0796,46,510,0,3822,2,1,0,0,1,0,0,Normal
tcp,dns,CON,8.3861,49,56,16660,27104,18.78105,12714.35,25856.07,0,6,0.1711,0.1498,0.0006,0.0136,54705,1775746,4259892,60869,0.18,0.0755,0.0947,272,484,2,4385,3,1,0,0,1,0,0,Normal
udp,dns,FIN,7.0377,28,15,3430,1245,9.165000000000001,3119.22,1415.24,11,0,0.2513,0.4692,0.0189,0.007,30719,8169420,2764265,21643,0.262,0.0399,0.031,98,83,1,3511,4,1,0,0,0,0,0,Normal
tcp,http,INT,7.3788,63,31,4252,20863,19.108800000000002,3688.41,22619.43,31,0,0.1171,0.238,0.0004,0.0173,59819,3738498,2820910,19484,0.0242,0.0959,0.0509,54,673,0,4092,4,1,0,0,0,0,0,Normal
udp,http,CON,5.9014,75,44,27093,8492,30.24705,29382.83,11511.83,31,0,0.0787,0.1341,0.0148,0.0026,42648,9877149,4977920,54559,0.2563,0.0734,0.021,289,193,0,3642,1,4,0,0,0,0,0,Normal
udp,ssl,CON,6.5137,47,57,32665,23769,23.9496,32094.92,29192.72,0,9,0.1386,0.1143,0.0136,0.0031,54468,6187215,3860882,55677,0.107,0.013,0.0794,556,417,1,690,3,4,0,0,1,0,0,Normal
udp,ssl,CON,3.306,22,15,1402,825,16.78785,2715.1,1996.39,7,0,0.1503,0.2204,0.0019,0.0046,2117,3979723,4840341,25731,0.1842,0.0882,0.0386,51,55,1,4926,4,1,0,0,0,0,0,Normal
tcp,http,INT,7.0179,26,28,2600,11900,11.5419,2371.09,13565.37,0,2,0.2699,0.2506,0.0175,0.0023,44426,9561288,7749010,6074,0.0304,0.0728,0.0822,80,425,1,4561,4,3,0,0,0,0,0,Normal
tcp,dns,INT,2.5639,76,45,25175,8235,70.7919,62842.91,25695.7,29,0,0.0337,0.057,0.013,0.0189,26618,1993974,327198,22196,0.1883,0.0826,0.0891,265,183,2,3789,4,3,0,0,0,0,0,Normal
udp,dns,CON,0.1013,35,34,14131,24412,1021.8908999999999,892945.04,1928224.17,1,0,0.0029,0.003,0.0106,0.0118,43745,3243313,7178849,46959,0.0555,0.0533,0.089,323,718,2,3412,1,4,0,0,1,0,0,Normal
tcp,ssh,RST,1.2013,580,7,89320,518,488.6217,594803.23,3449.49,9,3,0.002071,0.17162,0.062,0.0257,2201,475,356,2516,0.00036,0.000839,0.002433,154,74,0,61,71,23,0,0,7,0,1,Exploit
udp,dns,INT,0.4332,46,20,33120,3560,228.552,489350.52,65749.09,24,0,0.0094,0.0217,0.0194,0.0001,52211,452769,2836297,26665,0.2601,0.0325,0.0022,576,178,0,3356,3,4,0,0,1,0,0,Normal
udp,dns,CON,6.485,30,29,20775,580,13.646849999999999,20502.7,715.5,1,0,0.2162,0.2236,0.0151,0.0052,20600,4269211,2491499,3173,0.1382,0.0026,0.0057,554,20,2,387,4,1,0,0,0,0,0,Normal
udp,http,INT,1.1579,6,45,3652,5625,66.06645,20187.83,38862.61,0,37,0.193,0.0257,0.0052,0.0167,29853,7486447,5685479,36755,0.0345,0.0389,0.0723,487,125,1,437,4,3,0,0,0,0,0,Normal
udp,-,CON,9.3751,46,14,13915,8862,9.600000000000001,9499.25,7562.2,32,0,0.2038,0.6696,0.0108,0.017,60736,7042589,8102754,55963,0.2862,0.094,0.028,242,633,2,645,3,3,0,0,0,0,0,Normal
tcp,-,CON,6.5837,8,8,770,2256,3.6453,748.51,2741.31,0,0,0.823,0.823,0.0129,0.0125,10468,5832294,9895749,15635,0.0146,0.0293,0.0718,77,282,2,2161,1,3,0,0,1,0,0,Normal
tcp,http,CON,6.0347,53,48,26698,7728,25.104599999999998,28314.75,10244.69,4,0,0.1139,0.1257,0.0134,0.0135,60675,7487048,4234080,33931,0.0276,0.0364,0.0142,403,161,2,3188,3,4,0,0,0,0,0,Normal
udp,http,INT,7.966,12,57,1950,9861,12.9927,1566.66,9903.12,0,45,0.6638,0.1398,0.01,0.0132,12092,5958682,5952794,64749,0.1744,0.0995,0.0446,130,173,0,2221,1,3,0,0,1,0,0,Normal
udp,http,INT,2.6035,2,4,125,592,3.4569,307.28,1819.12,0,1,1.3017,0.6509,0.0193,0.0081,6050,3010778,269494,61371,0.0732,0.0387,0.0713,50,148,0,650,3,2,0,0,1,0,0,Normal
icmp,-,REQ,0.4799,354,3,65136,27,743.8817,1085792.3,450.08,44,5,0.001356,0.159972,0.3883,0.0096,193,569,835,3028,0.006443,0.001105,0.001941,184,9,0,136,48,19,0,3,9,1,1,Backdoor
icmp,http,CON,0.5609,70,8,4550,312,139.0712,64899.88,4450.28,36,3,0.008012,0.070108,0.1362,0.0708,2135,643,238,1037,0.003365,0.003899,0.000637,65,39,0,53,38,19,0,0,8,0,1,Reconnaissance
udp,dns,INT,3.344,42,53,6037,33019,42.6132,11554.89,78991.91,0,10,0.0796,0.0631,0.0021,0.005,17834,1314857,7115949,34680,0.1955,0.0973,0.0858,115,623,2,2086,1,1,0,0,1,0,0,Normal
udp,-,RST,1.3589,297,10,43065,350,225.9263,253537.9,2060.57,18,2,0.004575,0.135885,0.0263,0.0728,3052,952,372,3560,0.004097,0.004494,0.000485,145,35,1,83,94,57,0,0,6,1,1,Generic
tcp,ssl,CON,5.6148,63,37,41107,1998,26.71485,46855.82,2846.74,24,0,0.0891,0.1518,0.0018,0.008,30951,4156890,5770411,10824,0.1181,0.0318,0.0153,522,54,1,2815,2,3,0,0,1,0,0,Normal
udp,http,FIN,2.6741,63,53,8898,15317,65.06745000000001,21297.26,45822.46,9,0,0.0424,0.0505,0.0044,0.0011,10141,4024924,8099205,16448,0.0487,0.0136,0.0937,113,289,1,3620,4,4,0,0,1,0,0,Normal
udp,ssh,RST,0.3873,687,21,34350,147,1828.0388,709526.94,3036.4,0,3,0.000564,0.018443,0.2554,0.0503,3404,129,330,959,0.006874,0.000291,0.004607,50,7,0,96,90,46,0,0,7,1,1,Botnet
tcp,-,FIN,4.6358,69,31,9487,23994,32.35665,13097.96,41406.12,37,0,0.0672,0.1495,0.006,0.0084,48902,9100922,4217611,39283,0.1431,0.0099,0.0824,110,774,1,4001,4,1,0,0,1,0,0,Normal
tcp,ftp,CON,1.367,232,9,24592,495,176.2929,143913.57,2896.76,47,8,0.005892,0.151894,0.3787,0.0511,3095,413,236,1272,0.000859,0.000245,0.000341,106,55,0,175,93,11,0,0,3,0,1,Exploit
tcp,-,CON,2.4819,32,30,23440,6900,37.47105,60443.61,22240.88,2,0,0.0776,0.0827,0.0104,0.02,33157,3825998,5117905,8,0.1039,0.0033,0.0524,586,230,2,4996,4,2,0,0,1,0,0,Normal
tcp,ssh,CON,1.2322,349,15,58632,1140,295.4016,380659.1,7401.27,21,6,0.003531,0.082148,0.4942,0.0117,1968,470,498,2601,0.008561,0.001806,0.003798,168,76,0,53,90,53,0,0,1,1,1,Generic
tcp,http,REQ,0.5373,337,11,59986,1089,647.7101,893184.77,16215.09,46,2,0.001594,0.048843,0.2625,0.0508,2451,86,207,3175,0.000783,0.00359,0.004033,178,99,1,55,45,33,0,0,5,1,1,Exploit
icmp,ssh,CON,1.3623,358,0,67662,0,262.7814,397325.44,0.0,46,7,0.003805,1.362349,0.461,0.0817,1587,389,141,702,0.003123,0.000391,0.000281,189,0,1,66,61,64,0,0,1,1,1,Analysis
icmp,ftp,CON,0.5731,300,3,29400,264,528.6601,410365.83,3684.92,39,5,0.00191,0.191049,0.3935,0.0143,2943,847,737,2103,0.009057,0.004505,0.00164,98,88,0,31,87,29,0,0,7,0,1,Botnet
tcp,http,CON,4.0332,76,48,5795,12144,46.1169,9195.61,24087.89,28,0,0.0531,0.084,0.0104,0.0061,39854,3668871,6098289,58136,0.1208,0.0466,0.018,61,253,1,1486,2,1,0,0,0,0,0,Normal
tcp,-,FIN,1.162,30,38,21975,28728,87.7791,121031.85,197781.74,0,8,0.0387,0.0306,0.006,0.0179,36568,2289620,7589295,6753,0.0,0.0643,0.0673,586,756,0,2540,1,4,0,0,1,0,0,Normal
udp,dns,FIN,5.9502,74,20,53280,10760,23.6967,57307.55,14466.72,52,0,0.0804,0.2975,0.0067,0.0163,34014,8881240,2763117,22439,0.2129,0.044,0.0212,576,538,1,1034,2,1,0,0,0,0,0,Normal
tcp,-,RST,0.6555,609,13,36540,208,948.9394,445971.01,2538.64,4,2,0.001076,0.050421,0.1659,0.0835,1790,29,772,3281,0.00455,0.003054,0.000879,60,16,1,184,80,47,0,0,5,1,1,DoS
udp,ssh,INT,0.276,532,22,84056,1100,2007.4832,2436693.25,31887.82,36,2,0.000519,0.012544,0.2169,0.0487,2102,403,460,3114,0.008034,0.002166,0.000513,158,50,1,159,64,15,0,0,9,0,1,Worm
icmp,ssh,CON,0.0872,98,5,11172,380,1181.8615,1025534.51,34882.13,37,6,0.000889,0.01743,0.1352,0.0446,1960,107,876,2298,0.004918,0.000819,0.003246,114,76,1,87,40,39,0,0,4,1,1,Shellcode
tcp,-,CON,3.6892,62,31,18522,22444,37.813050000000004,32132.66,48669.54,29,0,0.0595,0.119,0.0125,0.0159,35496,5112890,574149,25292,0.2668,0.0582,0.0029,239,724,1,3017,4,1,0,0,0,0,0,Normal
tcp,-,CON,6.3388,76,7,47310,4284,19.64085,47766.42,5406.66,67,0,0.0834,0.9055,0.0064,0.0057,37055,7641595,3075226,35930,0.1557,0.0402,0.0779,498,612,2,1416,2,2,0,0,0,0,0,Normal
udp,ftp,REQ,0.9869,729,14,122472,728,752.8757,992798.84,5901.41,40,1,0.001354,0.070492,0.42,0.0632,1565,112,115,2015,0.007295,0.004565,0.000388,168,52,1,128,61,42,0,0,7,1,1,Shellcode
udp,ssl,FIN,9.9784,75,51,21843,10047,18.94095,14010.28,8055.01,23,0,0.133,0.1957,0.0108,0.0075,24732,5714872,1348283,4055,0.1955,0.0546,0.0482,233,197,0,3945,4,2,0,0,1,0,0,Normal
udp,-,INT,0.7303,71,14,27157,3444,174.5823,237990.64,37726.22,56,0,0.0103,0.0522,0.0179,0.0025,15240,5320364,6390098,61469,0.1132,0.0158,0.0532,306,246,1,4098,1,2,0,0,0,0,0,Normal
udp,-,CON,1.0579,42,21,17745,12159,89.32935,107353.98,91949.63,20,0,0.0252,0.0504,0.0145,0.0199,20504,228436,3326680,36575,0.0982,0.0751,0.0572,338,579,1,903,3,3,0,0,0,0,0,Normal
tcp,dns,INT,8.5345,74,15,28952,11805,15.64245,21711.5,11065.72,58,0,0.1153,0.569,0.0001,0.0165,48343,200030,8965445,54502,0.0693,0.0825,0.0976,313,787,0,758,3,3,0,0,1,0,0,Normal
tcp,http,INT,5.0542,3,49,622,6125,15.432750000000002,788.26,9694.92,0,45,1.6847,0.1031,0.017,0.0037,2243,6627467,5502116,59552,0.2992,0.0855,0.0713,166,125,1,550,4,1,0,0,1,0,0,Normal
udp,http,RST,0.3822,299,12,43953,276,813.6168,919894.47,5776.42,32,2,0.001278,0.031854,0.1522,0.0799,3241,410,104,1460,0.006176,0.001934,0.001631,147,23,1,67,70,50,0,0,7,0,1,Botnet
udp,http,CON,0.0143,8,8,5850,2120,1677.0339,2616172.9,1185103.96,0,0,0.0018,0.0018,0.0026,0.0076,8017,7883502,4301834,51160,0.1043,0.0594,0.0279,585,265,1,3120,1,2,0,0,0,0,0,Normal
tcp,-,INT,5.657,43,58,8492,38048,26.78085,9607.86,53806.25,0,14,0.1316,0.0975,0.0165,0.0174,250,8611240,7572155,5142,0.0577,0.0441,0.073,158,656,2,3278,2,3,0,0,0,0,0,Normal
icmp,ssh,INT,0.0878,223,29,44377,2320,2870.2624,4043607.38,211397.1,40,9,0.000394,0.003027,0.1794,0.0165,549,326,844,3865,0.006269,0.004334,0.003994,199,80,0,74,73,32,0,0,7,0,1,Worm
udp,ssl,CON,7.8752,59,14,10103,9282,13.9044,8211.04,9429.04,44,0,0.1335,0.5625,0.0057,0.0095,6221,6511487,4707800,52463,0.234,0.0092,0.053,137,663,1,2929,4,3,0,0,0,0,0,Normal
udp,-,INT,0.1748,652,18,126488,378,3832.8824,5788819.49,17299.46,6,0,0.000268,0.009711,0.3896,0.0284,2151,767,876,3412,0.000193,0.002351,0.004236,194,21,0,197,37,70,0,0,3,1,1,Generic
tcp,ssl,FIN,4.2748,39,4,9750,644,15.0885,14597.31,1205.21,34,0,0.1096,1.0687,0.0044,0.0092,59145,350122,1687239,41291,0.2308,0.0586,0.0786,200,161,2,3246,4,3,0,0,1,0,0,Normal
tcp,ssl,CON,3.8174,15,21,8043,3885,14.14575,13485.64,8141.68,0,5,0.2545,0.1818,0.0108,0.0011,26884,1040177,5906797,104,0.1387,0.0139,0.0854,429,185,2,1450,1,3,0,0,1,0,0,Normal
udp,-,INT,3.7475,16,9,10720,6057,10.00665,18307.65,12930.21,5,0,0.2342,0.4164,0.0191,0.015,15569,8796044,7879918,50784,0.2325,0.0144,0.0393,536,673,1,3541,4,3,0,0,1,0,0,Normal
udp,dns,CON,9.1842,29,58,4893,8816,14.2092,3410.2,7679.26,0,29,0.3167,0.1583,0.0027,0.0093,13772,3508645,6571034,1403,0.2021,0.0418,0.0213,135,152,1,2038,2,4,0,0,1,0,0,Normal
tcp,ssl,FIN,0.3198,46,42,10465,14364,412.73535000000004,209419.44,359304.92,2,0,0.007,0.0076,0.007,0.0145,43932,870192,6289950,15075,0.043,0.0969,0.0977,182,342,2,3939,4,4,0,0,1,0,0,Normal
tcp,ssl,INT,9.5762,64,37,46400,6438,15.820350000000001,31010.06,5378.31,25,0,0.1496,0.2588,0.0193,0.009,7297,2842151,9112946,22842,0.1121,0.0803,0.0597,580,174,0,3249,3,1,0,0,1,0,0,Normal
udp,dns,FIN,9.9891,26,42,9750,18060,10.2111,6246.79,14463.71,0,14,0.3842,0.2378,0.0104,0.0099,37020,8476330,9332362,5574,0.0362,0.0421,0.073,300,430,1,1116,4,3,0,0,1,0,0,Normal
udp,ssl,CON,2.2548,31,43,11935,22403,49.22775,33875.84,79484.75,0,10,0.0727,0.0524,0.0172,0.0125,61399,7780848,2259627,63683,0.1259,0.0585,0.0504,308,521,1,2631,3,3,0,0,0,0,0,Normal
udp,ssh,CON,1.4087,404,23,35148,460,303.1155,199604.78,2612.33,40,3,0.003487,0.061248,0.2833,0.0144,1295,773,977,1205,0.008144,0.003199,0.004385,87,20,1,50,81,64,0,0,9,1,1,Reconnaissance
tcp,-,INT,0.3783,261,23,27666,368,750.6402,584991.88,7781.28,6,4,0.00145,0.01645,0.0575,0.0922,1336,590,734,3179,0.006148,0.003961,0.000657,106,16,1,158,52,10,0,0,7,0,1,Exploit
udp,-,INT,6.5724,19,48,2137,3264,15.2913,2081.44,3973.0,0,27,0.3459,0.1369,0.0037,0.009,15568,5502116,5891090,4807,0.0623,0.0384,0.0452,90,68,0,4138,3,4,0,0,1,0,0,Normal
udp,http,FIN,3.9781,79,49,31007,29204,48.26385,49884.78,58729.15,28,0,0.0504,0.0812,0.0073,0.0147,41912,2667645,9016450,19083,0.1276,0.0892,0.0869,314,596,0,2688,1,4,0,0,0,0,0,Normal
udp,http,FIN,8.3521,79,21,15701,8043,17.95965,12031.5,7703.95,58,0,0.1057,0.3977,0.0187,0.0156,48340,1564896,9828299,24514,0.2827,0.0318,0.065,159,383,1,1193,1,4,0,0,0,0,0,Normal
tcp,http,INT,7.078,16,15,9840,8385,6.569700000000001,8897.48,9477.31,0,0,0.4424,0.4719,0.0135,0.0158,27292,3271425,854370,5511,0.0521,0.0851,0.0264,492,559,2,3903,3,1,0,0,1,0,0,Normal
udp,http,CON,6.2626,66,25,29535,18075,21.79605,30182.99,23089.45,40,0,0.0949,0.2505,0.0172,0.0054,63241,5889554,5741432,41826,0.1588,0.0765,0.0829,358,723,1,1465,4,1,0,0,0,0,0,Normal
tcp,-,FIN,0.5709,67,54,31825,28404,317.9076,356757.09,398009.76,11,0,0.0085,0.0106,0.0059,0.0023,65245,1958854,7223211,34138,0.2604,0.0607,0.0461,380,526,0,4506,1,4,0,0,1,0,0,Normal
udp,dns,CON,7.491,71,40,27335,26080,22.22655,23353.78,27851.96,31,0,0.1055,0.1873,0.0123,0.012,44731,7358474,4832479,7925,0.2242,0.0916,0.0029,308,652,2,2308,1,1,0,0,0,0,0,Normal
udp,ssl,FIN,5.7713,15,49,2512,7644,16.6341,2786.22,10595.96,0,32,0.3848,0.1178,0.0112,0.016,59112,1278542,4158745,49156,0.052,0.061,0.0134,134,156,0,1949,2,2,0,0,1,0,0,Normal
tcp,ssl,INT,6.7146,2,27,770,10827,6.478350000000001,733.92,12899.65,0,24,3.3573,0.2487,0.007,0.0186,39172,4867795,4980114,18237,0.1892,0.0416,0.0376,308,401,2,4336,4,4,0,0,0,0,0,Normal
udp,-,INT,8.6757,30,57,21712,22401,15.042000000000002,16017.17,20656.34,0,27,0.2892,0.1522,0.015,0.001,27196,4303948,3980735,36869,0.176,0.0559,0.0435,579,393,2,1488,1,3,0,0,0,0,0,Normal
tcp,-,INT,2.8422,73,1,9307,621,39.05475,20958.65,1747.96,72,0,0.0389,2.8422,0.0111,0.0061,26699,3842196,8531773,52952,0.1297,0.0351,0.0886,102,621,0,980,3,3,0,0,0,0,0,Normal
udp,http,CON,9.4224,79,6,11158,3468,13.53165,7579.4,2944.48,72,0,0.1193,1.5704,0.0174,0.0119,18236,9521289,9248938,65411,0.2637,0.0316,0.0056,113,578,0,3823,1,1,0,0,0,0,0,Normal
icmp,http,INT,0.367,564,2,58656,52,1542.2752,1278638.77,1133.55,35,7,0.000651,0.183495,0.3326,0.0449,3721,644,757,2087,0.008523,0.001384,0.001673,104,26,1,187,94,16,0,0,0,1,1,Worm
udp,http,INT,0.9485,28,0,19495,0,44.2782,131535.57,0.0,28,0,0.0339,0.9485,0.0174,0.0164,49298,122773,7452284,46352,0.1553,0.0831,0.083,557,0,0,1786,4,4,0,0,0,0,0,Normal
tcp,-,CON,1.9865,9,8,5118,5968,12.83685,16491.65,24034.71,0,0,0.2207,0.2483,0.0039,0.0167,54698,6719912,2245416,2787,0.1666,0.017,0.0515,455,746,1,1489,2,3,0,0,1,0,0,Normal
tcp,ssl,FIN,1.4596,45,59,27787,9086,106.8816,121845.05,49801.36,0,13,0.0324,0.0247,0.0098,0.0165,47113,5142269,5301329,49796,0.1666,0.0189,0.0576,494,154,2,1507,1,4,0,0,1,0,0,Normal
tcp,http,INT,6.5987,14,2,7875,1132,3.6370500000000003,7637.92,1372.4,12,0,0.4713,3.2993,0.0105,0.0128,8361,4656428,4405891,1758,0.169,0.0927,0.0057,450,566,2,871,3,1,0,0,0,0,0,Normal
tcp,dns,CON,9.5822,50,50,3937,17900,15.654,2629.87,14944.36,0,0,0.1916,0.1916,0.0001,0.0085,27452,5749076,5061419,42403,0.0128,0.0675,0.0473,63,358,1,495,2,4,0,0,1,0,0,Normal
icmp,ssh,RST,0.0313,411,8,20139,336,13379.84,5144756.05,85835.35,33,7,7.6e-05,0.003914,0.3186,0.0998,1304,150,539,945,0.000883,0.001754,0.000232,49,42,0,12,96,73,0,0,7,1,1,DoS
tcp,ssl,CON,7.7323,41,13,10762,8814,10.47555,8908.08,9119.14,27,0,0.1886,0.5948,0.0133,0.0003,35213,5330149,3650515,56481,0.2442,0.0408,0.0598,210,678,1,4275,3,4,0,0,0,0,0,Normal
udp,dns,FIN,1.7862,22,19,10285,14858,34.430099999999996,36850.79,66544.61,1,0,0.0812,0.094,0.0041,0.0136,18756,2519921,9605987,7763,0.0856,0.0869,0.064,374,782,0,2001,4,3,0,0,0,0,0,Normal
tcp,dns,INT,6.1137,20,58,9300,38280,19.13745,9735.53,50090.86,0,36,0.3057,0.1054,0.0009,0.0111,16336,2607583,1700826,21649,0.2252,0.004,0.0783,372,660,1,763,4,4,0,0,1,0,0,Normal
tcp,dns,INT,7.9446,52,6,4160,1296,10.950750000000001,3351.19,1305.03,46,0,0.1528,1.3241,0.0024,0.0154,16507,9366182,1538237,62358,0.2785,0.0262,0.0686,64,216,0,2579,3,4,0,0,0,0,0,Normal
udp,ssl,FIN,0.4187,60,24,12825,7848,300.9387,196040.09,149953.47,35,0,0.007,0.0174,0.003,0.0146,27706,2033443,9777043,34047,0.1086,0.0196,0.0004,171,327,2,1178,4,4,0,0,0,0,0,Normal
tcp,ssl,FIN,2.9956,49,44,2633,19228,46.56765,5626.85,51349.33,5,0,0.0611,0.0681,0.0189,0.0089,24662,3744483,1464336,17861,0.1634,0.0261,0.0259,43,437,0,3208,4,1,0,0,0,0,0,Normal
tcp,http,FIN,2.4701,3,10,187,4290,7.8942000000000005,485.8,13893.9,0,7,0.8234,0.247,0.0177,0.0107,26142,1724284,7774179,5782,0.1782,0.0957,0.0923,50,429,1,3622,4,1,0,0,1,0,0,Normal
tcp,ftp,REQ,1.1855,621,18,42849,324,539.0314,289163.76,2186.49,47,8,0.001909,0.065859,0.2078,0.0852,71,24,830,706,0.006951,0.000701,0.002943,69,18,0,106,34,58,0,0,1,1,1,Botnet
tcp,ssl,CON,1.595,69,51,8797,14331,112.85549999999999,35301.22,71881.47,17,0,0.0231,0.0313,0.0118,0.0193,26952,2748393,6232402,20121,0.0234,0.0206,0.0835,102,281,2,2201,4,4,0,0,0,0,0,Normal
udp,-,RST,0.6234,504,10,75096,520,824.488,963669.27,6672.9,2,8,0.001237,0.062342,0.1323,0.0118,1804,357,426,1243,0.005306,0.004593,0.002156,149,52,1,62,31,75,0,0,9,1,1,Shellcode
udp,-,INT,3.5176,64,28,22320,16996,39.23175,40609.98,38654.07,36,0,0.055,0.1256,0.0018,0.0062,14174,4013760,8534053,30681,0.2764,0.0091,0.0511,279,607,2,1147,4,1,0,0,0,0,0,Normal
tcp,ssl,FIN,1.5165,26,46,15470,25530,71.21805,65288.47,134681.21,0,20,0.0583,0.033,0.0124,0.0159,14583,4383503,7046750,36915,0.1301,0.0672,0.0118,476,555,0,2402,3,1,0,0,0,0,0,Normal
icmp,-,CON,0.9462,367,18,50279,1296,406.9097,425122.32,10958.02,29,1,0.002578,0.052564,0.3104,0.0193,2627,51,31,2354,0.001622,0.004616,0.001662,137,72,0,123,87,54,0,2,2,1,1,Backdoor
udp,http,CON,3.0887,72,30,18090,5340,49.534949999999995,37483.39,13830.93,42,0,0.0429,0.103,0.0016,0.0101,49328,234780,3769170,61385,0.109,0.0949,0.0313,201,178,2,3484,1,1,0,0,1,0,0,Normal
udp,ssl,INT,2.2131,63,41,16852,3280,70.48920000000001,48735.14,11856.64,22,0,0.0351,0.054,0.0157,0.0104,23783,9729015,3838464,1160,0.128,0.0848,0.0619,214,80,1,2251,2,4,0,0,0,0,0,Normal
tcp,ssh,RST,1.2289,408,14,45696,28,343.3945,297474.0,182.28,1,5,0.003012,0.087779,0.4543,0.0748,3513,434,712,3670,0.002093,0.003384,0.003028,112,2,1,183,55,77,0,0,8,1,1,Analysis
udp,dns,INT,7.03,21,33,1128,19998,11.5221,1027.6,22757.4,0,11,0.3348,0.213,0.0085,0.0199,57764,5204449,4279578,25663,0.2722,0.0479,0.0545,43,606,1,4032,3,2,0,0,0,0,0,Normal
udp,dns,CON,7.355,62,54,43477,10098,23.6574,37832.33,10983.58,6,0,0.1186,0.1362,0.0094,0.0151,1285,5051280,4438319,1757,0.2016,0.0497,0.027,561,187,0,3302,4,3,0,0,0,0,0,Normal
udp,ssl,INT,1.2654,73,50,32028,22350,145.8039,161991.76,141299.45,22,0,0.0173,0.0253,0.002,0.0023,22515,6359983,9937420,46679,0.1804,0.087,0.0294,351,447,1,726,1,2,0,0,0,0,0,Normal
udp,-,FIN,5.2249,51,20,35827,320,20.383200000000002,43885.37,489.96,31,0,0.1024,0.2612,0.0109,0.0162,64795,9124672,7108195,38079,0.1446,0.0085,0.0742,562,16,2,2580,2,2,0,0,1,0,0,Normal
udp,http,CON,6.7381,19,7,11946,4347,5.7879000000000005,11346.74,5161.06,10,0,0.3546,0.9626,0.0031,0.0032,61203,3775886,2184790,46407,0.0612,0.0109,0.0142,503,621,2,1693,3,3,0,0,0,0,0,Normal
tcp,ssl,INT,2.1104,30,58,18337,9048,62.546549999999996,55609.56,34298.25,0,27,0.0703,0.0364,0.0165,0.0141,45452,6410986,8926766,38358,0.2782,0.0343,0.075,489,156,2,2379,2,4,0,0,0,0,0,Normal
tcp,-,CON,0.4532,56,59,11550,39707,380.6547,163118.82,700969.59,0,1,0.0081,0.0077,0.013,0.0111,11249,5733133,2636296,16898,0.2766,0.0614,0.0429,165,673,0,4351,1,3,0,0,0,0,0,Normal
icmp,ftp,RST,0.8726,781,20,50765,1640,917.936,465408.46,15035.36,28,0,0.001117,0.04363,0.3991,0.0209,1135,532,582,727,0.001071,0.004521,0.000237,65,82,1,31,36,26,0,0,7,0,1,Reconnaissance
udp,http,CON,9.4347,51,18,17913,13518,10.970099999999999,12151.7,11462.33,32,0,0.185,0.5242,0.0153,0.0054,26047,7421777,7140104,3444,0.2564,0.0255,0.0739,281,751,1,1157,4,1,0,0,0,0,0,Normal
tcp,http,INT,7.4627,24,45,9060,8100,13.869,7769.83,8683.17,0,19,0.3109,0.1658,0.0192,0.0124,14120,2707273,8633796,28127,0.093,0.0023,0.0106,302,180,2,166,1,3,0,0,1,0,0,Normal
udp,ssl,FIN,6.0978,19,59,13300,24013,19.1871,13959.07,31503.67,0,38,0.3209,0.1034,0.0034,0.016,61962,7808402,192180,26889,0.2977,0.0475,0.096,560,407,0,1526,3,1,0,0,0,0,0,Normal
udp,ssl,FIN,4.6679,8,20,5610,10760,8.99775,7691.75,18441.02,0,12,0.5835,0.2334,0.0095,0.0039,10663,2670269,7196475,26808,0.2732,0.069,0.0689,561,538,1,1246,4,3,0,0,1,0,0,Normal
udp,dns,CON,3.9463,17,11,11092,7766,10.642800000000001,17989.42,15743.28,6,0,0.2321,0.3588,0.0139,0.0148,25300,4026105,6965882,48040,0.28,0.0681,0.0835,522,706,1,1532,2,2,0,0,0,0,0,Normal
tcp,-,CON,1.2585,58,4,30160,2652,73.89615,153373.51,16857.86,54,0,0.0217,0.3146,0.0056,0.014,2680,1575329,7393655,45762,0.2474,0.0268,0.0478,416,663,0,2447,1,4,0,0,0,0,0,Normal
icmp,-,RST,1.0897,181,29,12851,2581,192.7188,94347.76,18948.84,24,4,0.00602,0.037575,0.0953,0.0309,82,699,134,3503,0.008358,0.004781,0.001884,71,89,0,74,79,60,0,4,1,1,1,Backdoor
udp,ssl,FIN,2.7683,12,1,1080,49,7.04385,2496.8,141.6,9,0,0.2307,2.7683,0.016,0.0045,27126,8822152,1026003,35057,0.0686,0.0698,0.0559,72,49,0,2162,2,3,0,0,1,0,0,Normal
udp,-,CON,5.9863,18,52,13207,36608,17.540100000000002,14120.25,48922.41,0,34,0.3326,0.1151,0.0005,0.0143,516,3910816,4970579,37086,0.2804,0.009,0.0997,587,704,2,3315,2,3,0,0,0,0,0,Normal
udp,ssl,FIN,5.3887,67,12,15410,7404,21.9906,18302.06,10991.93,55,0,0.0804,0.4491,0.0119,0.0189,21895,4108980,8366470,51740,0.1178,0.0024,0.0306,184,617,1,4812,4,3,0,0,0,0,0,Normal
icmp,http,REQ,1.0121,330,5,16500,160,330.9896,130419.8,1264.68,4,6,0.003067,0.202423,0.1443,0.0383,2911,212,599,384,0.001635,0.0034,0.004659,50,32,1,144,71,30,0,2,2,1,1,Backdoor
tcp,ssl,INT,9.0788,62,33,38905,1518,15.696000000000002,27425.72,1337.63,28,0,0.1464,0.2751,0.0147,0.006,51909,4451666,6716632,12545,0.1672,0.0729,0.009,502,46,1,1050,4,2,0,0,1,0,0,Normal
udp,-,RST,0.4623,211,3,23632,51,462.9258,408966.81,882.59,1,2,0.002191,0.154092,0.2528,0.0941,1626,118,837,3130,0.007744,0.00434,0.001079,112,17,0,20,26,77,0,0,8,1,1,Exploit
udp,dns,CON,2.3812,69,1,42176,444,44.09565,113358.51,1491.69,67,0,0.0345,2.3812,0.0144,0.0104,26162,463659,9605309,23339,0.2387,0.0925,0.0231,489,444,1,2323,3,4,0,0,1,0,0,Normal
udp,-,CON,0.8913,26,16,8742,6688,70.6827,62775.21,60028.68,10,0,0.0343,0.0557,0.0119,0.0156,56058,5462778,660234,40812,0.132,0.0719,0.0436,269,418,2,551,4,1,0,0,0,0,0,Normal
icmp,-,REQ,1.0665,208,13,23712,130,207.2292,177875.81,975.2,18,5,0.005127,0.082035,0.2746,0.0386,3407,47,965,2182,0.006292,0.001156,0.000826,114,10,0,104,89,53,0,0,5,0,1,Botnet
tcp,ssl,FIN,5.0106,19,8,7695,3440,8.082749999999999,9828.68,5492.31,11,0,0.2637,0.6263,0.0039,0.0037,38681,9927711,7647840,34452,0.1316,0.0095,0.0413,324,430,2,320,2,2,0,0,0,0,0,Normal
tcp,dns,INT,2.4979,64,44,38720,20724,64.8546,99206.63,66372.62,19,0,0.039,0.0568,0.0008,0.0119,5473,9440034,1461983,58328,0.2868,0.008,0.0393,484,471,1,2087,1,4,0,0,1,0,0,Normal
udp,http,INT,1.0225,140,28,13440,1092,164.3018,105153.12,8543.69,18,0,0.007304,0.036518,0.2379,0.063,1818,553,692,2479,0.007174,0.001307,0.004395,96,39,1,94,95,29,0,0,0,1,1,DoS
udp,ssl,INT,2.6325,62,53,15112,23903,65.5278,36741.15,72640.5,7,0,0.0425,0.0497,0.0046,0.0084,51001,1312803,9932732,2585,0.0377,0.0572,0.0886,195,451,0,3124,3,3,0,0,0,0,0,Normal
tcp,dns,CON,4.8262,40,36,21900,25524,23.6208,29041.19,42308.63,3,0,0.1207,0.1341,0.0142,0.0079,62488,9961641,1324415,33076,0.2944,0.0002,0.0799,438,709,2,178,2,2,0,0,0,0,0,Normal
udp,ssl,FIN,8.0274,64,7,46800,3024,13.26705,37312.19,3013.68,56,0,0.1254,1.1468,0.0085,0.0001,25556,9070473,5454849,12174,0.0288,0.0491,0.0439,585,432,1,4579,2,3,0,0,0,0,0,Normal
tcp,-,INT,1.913,70,26,10500,2470,75.27539999999999,35128.53,10329.46,42,0,0.0273,0.0736,0.0085,0.0029,62066,3962463,1413784,57845,0.0132,0.0263,0.0449,120,95,0,1375,1,4,0,0,0,0,0,Normal
udp,http,INT,5.0471,37,49,24558,23863,25.5591,31141.62,37824.22,0,10,0.1364,0.103,0.0021,0.0026,45984,8924579,5625594,24551,0.2269,0.0684,0.0653,531,487,1,3962,1,4,0,0,1,0,0,Normal
tcp,dns,INT,2.2895,11,27,3465,6912,24.896250000000002,9685.93,24151.93,0,16,0.2081,0.0848,0.0114,0.0086,58548,780545,9925076,53890,0.2194,0.0133,0.0783,252,256,2,3911,2,1,0,0,0,0,0,Normal
tcp,http,INT,1.1162,527,9,37944,891,480.2002,271950.99,6385.95,49,8,0.002118,0.124022,0.2525,0.031,111,712,461,2652,0.003318,0.004692,0.004289,72,99,0,79,68,53,0,0,9,0,1,Worm
icmp,ssh,REQ,0.8402,307,11,52804,341,378.459,502745.92,3246.65,6,6,0.002737,0.076386,0.0872,0.031,3421,641,500,449,0.008313,0.00464,5.5e-05,172,31,0,82,98,29,1,4,8,1,1,Backdoor
tcp,-,INT,1.0859,50,6,33125,1272,77.35845,195237.99,9371.42,42,0,0.0217,0.181,0.0111,0.0094,3738,8981235,8242606,5462,0.1173,0.0966,0.0521,530,212,2,1591,3,1,0,0,0,0,0,Normal
udp,dns,FIN,2.5679,39,17,10627,7174,32.712,26487.35,22350.07,20,0,0.0658,0.1511,0.0138,0.0007,35741,5996730,8185507,17929,0.2758,0.0076,0.0955,218,422,1,2540,4,3,0,0,1,0,0,Normal
tcp,-,REQ,1.4705,92,3,17940,210,64.603,97598.15,1142.45,35,6,0.015984,0.490173,0.2138,0.0871,437,99,371,3654,0.007919,0.004295,0.00013,195,70,1,59,85,49,0,0,9,1,1,Exploit
tcp,-,INT,4.5852,37,1,24512,60,12.4314,34214.77,104.69,35,0,0.1239,4.5852,0.0126,0.0191,26129,2037452,4158134,1484,0.209,0.0941,0.028,530,60,1,681,1,4,0,0,1,0,0,Normal
udp,-,CON,9.2121,51,39,11092,24258,14.65455,7706.37,21066.17,10,0,0.1806,0.2362,0.0137,0.0154,46081,2981216,4108365,17862,0.142,0.0295,0.0333,174,622,1,4936,4,2,0,0,0,0,0,Normal
tcp,-,INT,3.8266,24,52,9180,6760,29.791050000000002,15353.4,14132.49,0,27,0.1594,0.0736,0.0163,0.0121,12780,4050341,9307943,19025,0.2525,0.0184,0.0977,306,130,0,4625,3,1,0,0,1,0,0,Normal
tcp,-,FIN,2.7515,25,31,5843,21638,30.52875,13592.57,62912.54,0,5,0.1101,0.0888,0.0017,0.0156,64747,7621255,3096357,9038,0.0701,0.0896,0.0834,187,698,1,317,1,3,0,0,0,0,0,Normal
tcp,-,CON,7.7015,66,40,19635,28080,20.64525,16316.79,29168.29,25,0,0.1167,0.1925,0.0199,0.0045,65108,390534,6963016,43245,0.2073,0.0482,0.0135,238,702,1,3513,4,4,0,0,0,0,0,Normal
tcp,ssl,INT,6.038,38,0,5462,0,9.440249999999999,5790.0,0.0,36,0,0.1589,6.038,0.0139,0.0158,55505,9435929,1867872,30840,0.1114,0.0828,0.0334,115,0,1,4036,1,2,0,0,1,0,0,Normal
udp,ssl,CON,4.0493,53,20,15635,15720,27.041849999999997,24711.51,31057.31,32,0,0.0764,0.2025,0.0166,0.0111,16880,7997983,2305588,35062,0.2572,0.0409,0.0819,236,786,0,2562,2,3,0,0,0,0,0,Normal
tcp,http,FIN,7.8471,36,28,12285,18984,12.233699999999999,10019.46,19353.82,7,0,0.218,0.2803,0.0168,0.0026,39587,8243348,8972967,3187,0.1951,0.0318,0.0385,273,678,2,4311,4,1,0,0,1,0,0,Normal
udp,dns,FIN,0.9871,51,10,23268,880,92.6988,150871.13,7132.24,41,0,0.0194,0.0987,0.0108,0.0077,31675,2764333,4276013,23,0.0977,0.0236,0.0719,365,88,0,2552,1,2,0,0,1,0,0,Normal
udp,dns,CON,0.6094,54,47,27540,9635,248.6094,289233.66,126487.21,5,0,0.0113,0.013,0.0097,0.011,61986,7421639,8976657,5922,0.0703,0.0847,0.0608,408,205,2,4350,3,2,0,0,1,0,0,Normal
udp,http,CON,5.6778,61,11,9988,3971,19.0215,11259.29,5595.13,50,0,0.0931,0.5162,0.0152,0.0115,28427,5418080,4636836,11345,0.1587,0.0122,0.0256,131,361,0,4858,1,3,0,0,1,0,0,Normal
udp,dns,FIN,2.6168,72,16,53190,10544,50.442899999999995,130087.64,32234.54,54,0,0.0363,0.1636,0.0129,0.011,22741,5729040,3876219,24216,0.2275,0.0956,0.0435,591,659,1,894,1,3,0,0,0,0,0,Normal
udp,ssl,FIN,7.047,79,22,39993,5742,21.4986,36322.02,6518.55,57,0,0.0892,0.3203,0.0103,0.0078,49713,9598674,603383,44084,0.039,0.0806,0.0937,405,261,1,3295,4,2,0,0,0,0,0,Normal
icmp,http,REQ,0.9787,288,23,30240,1748,317.7723,247187.99,14288.51,16,4,0.003398,0.042552,0.3951,0.0916,3358,429,689,2896,0.000641,0.002828,0.004118,105,76,1,79,68,41,0,0,0,0,1,Analysis
tcp,http,FIN,3.0079,44,59,23650,27494,51.36465,50320.67,73124.55,0,13,0.0684,0.051,0.0059,0.0118,22383,1748151,3769821,40784,0.1956,0.0152,0.0691,430,466,2,4616,2,2,0,0,0,0,0,Normal
udp,-,INT,0.8793,1,55,257,42020,95.53365000000001,1874.28,382316.39,0,52,0.8793,0.016,0.0174,0.0007,33434,8862118,3513902,7798,0.0329,0.0452,0.0927,206,764,2,2314,1,1,0,0,1,0,0,Normal
udp,ssl,CON,4.8591,27,38,2261,12046,20.06535,2978.32,19832.43,0,9,0.18,0.1279,0.0074,0.0075,7253,8390520,7300232,17992,0.1121,0.0024,0.0165,67,317,0,2633,2,4,0,0,1,0,0,Normal
udp,-,CON,8.6928,51,50,23523,39350,17.4282,17319.2,36213.95,0,0,0.1704,0.1739,0.0056,0.0041,8778,982692,1062829,58109,0.2612,0.0854,0.0116,369,787,0,3223,4,2,0,0,1,0,0,Normal
icmp,-,REQ,0.7681,457,5,72663,265,601.4727,756793.25,2760.0,15,5,0.001681,0.153623,0.3324,0.0922,2179,277,535,1219,0.002876,0.004203,0.000619,159,53,1,48,33,57,0,0,2,1,1,Reconnaissance
tcp,dns,INT,4.4253,28,40,12320,28120,23.0493,17817.54,50834.96,0,12,0.158,0.1106,0.0125,0.0022,6477,439430,3359250,7228,0.0902,0.0176,0.0494,352,703,1,4925,3,3,0,0,1,0,0,Normal
udp,http,INT,3.0841,48,32,28320,2560,38.9088,58767.85,6640.43,16,0,0.0643,0.0964,0.016,0.0112,3479,9768293,4217559,5551,0.0468,0.0115,0.0662,472,80,1,442,2,4,0,0,1,0,0,Normal
tcp,http,REQ,1.1118,335,15,24120,885,314.8085,173558.41,6368.13,42,3,0.003319,0.074119,0.0624,0.0296,3951,534,791,3096,0.002358,0.001068,0.001115,72,59,0,18,38,57,0,0,3,1,1,Generic
udp,-,FIN,8.9034,31,24,20692,10032,9.2661,14874.27,9014.06,7,0,0.2872,0.371,0.0109,0.0103,24032,4394441,3709021,41941,0.2006,0.039,0.0448,534,418,2,3416,3,3,0,0,0,0,0,Normal
udp,ssl,INT,3.6295,39,25,12577,1850,26.450100000000003,22178.45,4077.73,13,0,0.0931,0.1452,0.0087,0.0106,36084,2930912,4832258,44437,0.156,0.0633,0.0248,258,74,2,1753,1,1,0,0,1,0,0,Normal
tcp,http,RST,0.999,508,5,84328,325,513.4935,675273.03,2602.5,38,5,0.001967,0.199808,0.3035,0.0136,1924,944,293,2951,0.002694,0.001583,0.001185,166,65,0,160,98,44,0,0,3,0,1,Exploit
icmp,ftp,CON,1.1555,387,19,70047,1501,351.3512,484947.67,10391.69,3,4,0.002986,0.060818,0.3706,0.0882,3256,756,825,1064,0.008646,0.001169,0.004291,181,79,0,186,29,29,0,0,6,1,1,Generic
tcp,-,REQ,0.5442,153,4,14229,36,288.5116,209183.8,529.24,26,1,0.003557,0.136043,0.2984,0.0131,2805,826,162,2797,0.00232,0.003284,0.004047,93,9,1,87,49,74,0,0,8,0,1,Shellcode
icmp,ftp,INT,0.7508,99,28,9603,1876,169.1641,102329.62,19990.67,22,9,0.007583,0.026813,0.2684,0.021,2913,460,204,2839,0.00151,0.002908,6.3e-05,97,67,0,169,65,68,0,0,3,1,1,Reconnaissance
udp,dns,CON,9.9228,30,23,3337,3588,8.0118,2152.62,2892.74,5,0,0.3308,0.4314,0.0005,0.0116,32858,1018668,8676506,3880,0.2166,0.0081,0.0321,89,156,1,1413,2,3,0,0,1,0,0,Normal
tcp,ssh,CON,0.988,97,3,9021,171,101.2189,73047.65,1384.67,22,1,0.010185,0.329319,0.1052,0.0868,3617,72,820,2996,0.000533,0.004514,0.001573,93,57,0,184,21,40,0,0,1,1,1,Reconnaissance
udp,ftp,REQ,1.1477,524,6,41396,336,461.8038,288555.91,2342.13,25,6,0.00219,0.191279,0.0859,0.0659,3594,210,929,417,0.008472,0.004584,0.001551,79,56,0,185,82,75,0,0,9,1,1,Worm
udp,-,CON,8.0911,28,42,17395,17556,12.9771,13759.23,17358.22,0,13,0.289,0.1926,0.0114,0.0046,27547,5310236,8273116,26745,0.1804,0.0358,0.0902,497,418,0,3703,1,1,0,0,1,0,0,Normal
udp,-,CON,2.2709,58,44,30812,10560,67.3734,86836.8,37200.68,14,0,0.0392,0.0516,0.0118,0.01,8917,6651585,4789401,51319,0.2122,0.0739,0.0309,425,240,2,2197,3,1,0,0,0,0,0,Normal
udp,-,INT,2.5923,44,26,23265,7878,40.50405,57437.09,24311.7,18,0,0.0589,0.0997,0.0148,0.0062,25306,6016655,2166642,23314,0.1968,0.0778,0.0147,423,303,0,2367,3,3,0,0,0,0,0,Normal
tcp,-,FIN,9.2209,59,45,14971,12060,16.9182,10391.23,10463.24,14,0,0.1563,0.2049,0.0087,0.0172,22727,6764613,7589152,36119,0.0965,0.0027,0.0637,203,268,2,1343,3,4,0,0,0,0,0,Normal
udp,-,CON,5.3303,13,41,2031,20500,15.196200000000001,2438.89,30767.57,0,26,0.41,0.13,0.0157,0.0121,35806,2665669,840325,45293,0.2178,0.0786,0.0922,125,500,0,3000,1,2,0,0,0,0,0,Normal
udp,dns,CON,7.0565,71,47,10738,17014,25.083150000000003,9739.63,19288.8,22,0,0.0994,0.1501,0.0145,0.0163,46519,4242969,6601094,52603,0.277,0.0088,0.0737,121,362,0,3009,4,3,0,0,0,0,0,Normal
tcp,-,INT,0.5223,44,56,2530,22008,287.18085,31000.21,337081.31,0,11,0.0119,0.0093,0.0166,0.015,49602,7640088,9246934,55709,0.2465,0.0726,0.0467,46,393,0,4943,3,1,0,0,1,0,0,Normal
icmp,ftp,INT,0.2399,144,16,20448,336,667.0052,681946.09,11205.69,42,1,0.001666,0.014992,0.2706,0.0417,987,737,739,438,0.000981,0.004922,0.003688,142,21,1,2,57,19,0,0,4,0,1,Shellcode
tcp,dns,CON,2.6088,18,54,8370,162,41.39775,20533.27,496.77,0,34,0.1449,0.0483,0.0082,0.0151,45409,9908651,2270101,26807,0.1037,0.0608,0.0506,372,3,2,2951,2,4,0,0,0,0,0,Normal
udp,ssl,CON,5.9719,19,55,3372,26785,18.5871,3614.27,35881.5,0,36,0.3143,0.1086,0.0142,0.0126,61627,3379977,5524999,46051,0.2027,0.0356,0.071,142,487,2,855,4,4,0,0,1,0,0,Normal
udp,dns,CON,1.5289,26,16,8190,2768,41.2065,34283.82,14483.76,8,0,0.0588,0.0956,0.0095,0.0173,65372,1018043,7564240,64382,0.0906,0.0214,0.0465,252,173,1,3120,1,2,0,0,1,0,0,Normal
udp,http,INT,6.7026,7,7,428,2303,3.13305,409.39,2748.78,0,0,0.9575,0.9575,0.0193,0.0128,19492,5836862,8420539,37095,0.2549,0.0157,0.0056,49,329,2,4238,2,3,0,0,1,0,0,Normal
udp,ssl,INT,6.6788,62,52,11935,40404,25.60335,11436.73,48396.49,10,0,0.1077,0.1284,0.0138,0.0176,25697,8274142,5931926,35908,0.1912,0.0073,0.0764,154,777,0,3658,2,1,0,0,0,0,0,Normal
udp,ssl,INT,4.0719,40,4,25050,2708,16.2087,39372.43,5320.39,34,0,0.1018,1.018,0.0095,0.0022,61874,6726605,9012915,46553,0.1551,0.0171,0.0892,501,677,2,4770,2,3,0,0,1,0,0,Normal
tcp,http,CON,0.7384,739,23,67988,253,1031.9023,736556.13,2740.91,0,9,0.000999,0.032106,0.3021,0.0221,1177,362,430,3257,0.001792,0.002846,0.001532,92,11,1,172,51,66,0,0,4,1,1,Shellcode
icmp,-,CON,0.1775,88,6,7920,552,529.4389,356864.36,24872.36,18,6,0.002018,0.029591,0.1854,0.0431,2819,849,14,3235,0.006536,0.003178,0.001852,90,92,1,172,40,63,0,0,1,1,1,Botnet
udp,ssl,CON,5.4642,35,29,12906,261,17.56905,15116.66,382.13,5,0,0.1561,0.1884,0.0145,0.0066,32354,3292096,1984339,34509,0.1987,0.0767,0.0986,295,9,2,1406,4,1,0,0,0,0,0,Normal
udp,http,FIN,2.6971,58,3,21677,375,33.92535,51438.94,1112.31,53,0,0.0465,0.899,0.0089,0.0046,21239,4971369,4118764,45260,0.2514,0.0477,0.0381,299,125,0,1698,1,3,0,0,1,0,0,Normal
udp,dns,FIN,8.4299,30,2,22462,1226,5.694,17053.65,1163.48,27,0,0.281,4.2149,0.0196,0.004,29380,4102569,9123058,52405,0.2885,0.0996,0.0392,599,613,0,1636,2,3,0,0,1,0,0,Normal
udp,http,FIN,4.1417,64,20,12160,9700,30.422250000000002,18790.29,18736.21,44,0,0.0647,0.2071,0.0038,0.0149,41001,3014801,2336858,42292,0.2891,0.0475,0.0615,152,485,2,655,4,4,0,0,1,0,0,Normal
tcp,ssl,FIN,3.8983,54,46,29970,28014,38.47815,49202.83,57489.5,8,0,0.0722,0.0847,0.0196,0.0006,37250,2452649,4464972,44277,0.0548,0.0454,0.0358,444,609,2,2758,2,1,0,0,0,0,0,Normal
tcp,ssl,INT,4.8169,43,0,5482,0,13.3905,7284.42,0.0,41,0,0.112,4.8169,0.0064,0.0183,10917,6658249,7387227,15567,0.2438,0.0865,0.0256,102,0,1,508,4,1,0,0,0,0,0,Normal
udp,ssh,CON,0.6926,647,2,69876,62,937.1125,807170.1,716.19,15,3,0.00107,0.346276,0.369,0.0212,1812,819,147,2713,0.001457,0.00493,0.002358,108,31,0,20,38,71,0,0,4,0,1,Reconnaissance
udp,dns,CON,7.5029,10,49,5912,8575,11.795549999999999,5043.4,9143.17,0,39,0.7503,0.1531,0.0032,0.0011,36915,1545252,7017457,41005,0.2924,0.0444,0.0141,473,175,1,2716,3,2,0,0,0,0,0,Normal
tcp,http,FIN,0.9425,13,41,7897,6888,85.93875,53625.79,58463.82,0,28,0.0725,0.023,0.0129,0.009,64550,537507,292072,11446,0.1959,0.0675,0.0952,486,168,2,3759,1,1,0,0,0,0,0,Normal
udp,dns,CON,4.7552,4,16,975,2768,6.309000000000001,1312.26,4656.83,0,10,1.1888,0.2972,0.0155,0.001,58881,1427847,494065,15904,0.11,0.0869,0.0107,195,173,2,187,4,1,0,0,1,0,0,Normal
tcp,http,INT,1.2012,9,36,2610,7776,56.19330000000001,13905.98,51787.78,0,25,0.1335,0.0334,0.0076,0.0079,36770,2720828,321745,62067,0.2655,0.0847,0.0607,232,216,0,382,2,3,0,0,1,0,0,Normal
udp,dns,CON,1.172,25,23,9218,17457,61.434000000000005,50341.77,119161.54,1,0,0.0469,0.051,0.0045,0.008,5156,9905021,684014,59111,0.1819,0.091,0.0227,295,759,1,4307,2,3,0,0,1,0,0,Normal
udp,http,FIN,9.2758,33,8,22852,888,6.6301499999999995,15767.54,765.87,23,0,0.2811,1.1595,0.0136,0.0106,3427,5588425,5892666,6383,0.1138,0.0275,0.0514,554,111,1,844,4,4,0,0,0,0,0,Normal
udp,-,FIN,9.8408,46,23,5462,13248,10.517399999999999,3552.56,10769.86,22,0,0.2139,0.4279,0.0126,0.0164,52227,766080,2617336,28756,0.0991,0.0322,0.0958,95,576,1,4263,3,3,0,0,1,0,0,Normal
tcp,-,CON,4.549,28,6,17010,1578,11.2113,23931.66,2775.14,21,0,0.1625,0.7582,0.0123,0.0164,36802,7395934,6026658,20726,0.1679,0.0518,0.0944,486,263,2,3841,3,4,0,0,0,0,0,Normal
tcp,-,INT,4.6377,59,49,19838,18179,34.931400000000004,27377.54,31358.85,8,0,0.0786,0.0946,0.0037,0.009,42427,6677802,3927512,52057,0.2118,0.0388,0.0542,269,371,2,213,3,3,0,0,0,0,0,Normal
udp,http,CON,1.2612,291,4,36084,28,233.8989,228881.55,177.6,15,8,0.004334,0.315307,0.3571,0.0198,1700,204,444,1243,0.007532,0.00476,0.001439,124,7,1,120,37,18,0,0,8,1,1,Exploit
icmp,http,INT,0.4172,226,5,29832,405,553.6842,572034.9,7765.96,48,5,0.001846,0.083441,0.4746,0.0908,2113,543,700,2803,0.00917,0.00246,0.002325,132,81,0,122,30,11,0,0,5,0,1,Worm
udp,ssl,INT,1.139,39,42,23107,30114,106.6737,129841.72,211514.31,0,2,0.0292,0.0271,0.0126,0.012,17327,7653940,4675969,45141,0.2518,0.0556,0.0338,474,717,2,1702,1,2,0,0,1,0,0,Normal
udp,dns,FIN,0.0386,35,34,13037,9894,2679.32325,2160026.36,2049022.13,0,0,0.0011,0.0011,0.0,0.0022,63700,7813788,7600660,43786,0.151,0.072,0.0231,298,291,1,4510,2,1,0,0,1,0,0,Normal
udp,http,CON,2.7057,33,53,12828,25917,47.6766,30344.49,76628.48,0,20,0.082,0.0511,0.0156,0.0132,46675,8489339,1744116,41692,0.1994,0.0206,0.0992,311,489,2,3926,4,3,0,0,0,0,0,Normal
udp,dns,INT,0.9324,7,33,1855,4422,64.3509,12732.9,37941.31,0,25,0.1332,0.0283,0.0123,0.0172,45978,6632205,1540610,7217,0.2896,0.0226,0.0174,212,134,2,4769,1,3,0,0,1,0,0,Normal
tcp,http,INT,0.1476,38,19,26695,8493,579.14565,1157261.69,460227.74,17,0,0.0039,0.0078,0.0167,0.0016,7968,4542426,3265965,64584,0.0136,0.084,0.0577,562,447,0,469,4,1,0,0,1,0,0,Normal
tcp,http,FIN,2.7952,63,29,33547,10759,49.370400000000004,76811.84,30792.85,33,0,0.0444,0.0964,0.0046,0.0098,8886,7565256,6184184,27826,0.0614,0.0398,0.0658,426,371,1,1035,1,2,0,0,1,0,0,Normal
tcp,dns,CON,3.0046,40,55,4000,21725,47.427,8520.21,57844.26,0,14,0.0751,0.0546,0.0081,0.0034,31271,7260040,1102969,29857,0.0672,0.0611,0.0702,80,395,2,1444,2,4,0,0,0,0,0,Normal
udp,dns,INT,5.9173,76,4,46550,576,20.2797,50347.65,778.74,72,0,0.0779,1.4793,0.0017,0.0064,39607,5016143,4998568,327,0.1674,0.0605,0.0743,490,144,2,1042,2,4,0,0,1,0,0,Normal
icmp,ssh,CON,0.1684,497,10,53676,380,3011.508,2550622.5,18057.17,49,4,0.000339,0.016835,0.1995,0.0915,120,787,495,1258,0.007166,0.000294,0.003898,108,38,0,164,25,20,0,0,6,0,1,Botnet
udp,ssl,INT,6.6585,40,1,26000,387,9.2364,24990.69,464.97,39,0,0.1665,6.6585,0.0064,0.0102,39701,7999619,6484010,51092,0.017,0.0469,0.0312,520,387,0,1491,2,3,0,0,0,0,0,Normal
udp,http,CON,1.9624,20,52,14150,29744,55.03455,46147.44,121255.26,0,30,0.0981,0.0377,0.0075,0.0022,38987,9678115,532059,61933,0.1185,0.0307,0.0904,566,572,1,665,3,1,0,0,1,0,0,Normal
tcp,dns,FIN,5.9472,45,34,5681,21284,19.92525,6113.77,28630.49,10,0,0.1322,0.1749,0.0045,0.0099,63794,4425724,9589109,31977,0.0478,0.0084,0.0245,101,626,2,80,3,1,0,0,1,0,0,Normal
udp,ssl,CON,3.4303,3,23,423,11017,11.3694,790.61,25693.51,0,19,1.1434,0.1491,0.0007,0.0184,10462,6254749,8005135,62800,0.1736,0.0828,0.0107,113,479,0,3120,3,2,0,0,1,0,0,Normal
tcp,http,INT,6.1766,75,56,37125,8176,31.8138,38467.98,10589.7,17,0,0.0824,0.1103,0.0191,0.0139,52238,9495601,511371,7909,0.1162,0.0524,0.0625,396,146,1,3275,1,2,0,0,1,0,0,Normal
icmp,ssh,CON,0.775,519,24,102762,96,700.6327,1060750.23,990.95,23,5,0.001493,0.032292,0.3685,0.0632,117,573,543,1147,0.002552,0.000392,0.003979,198,4,0,85,26,51,0,0,8,1,1,Exploit
udp,http,CON,5.4631,18,5,7425,250,6.315149999999999,8698.4,366.09,12,0,0.3035,1.0926,0.008,0.0135,31878,3310608,935484,14896,0.1822,0.0369,0.0865,330,50,2,1433,4,3,0,0,0,0,0,Normal
udp,http,INT,0.3122,124,4,7440,332,409.9826,190641.93,8507.14,40,1,0.002518,0.078052,0.1636,0.0002,2164,981,268,3086,0.000893,0.000331,0.000778,60,83,1,52,37,12,0,0,8,0,1,DoS
tcp,ssl,FIN,9.5159,1,13,657,845,2.2068000000000003,442.21,710.39,0,10,9.5159,0.732,0.0092,0.005,41216,2901091,5197645,64265,0.071,0.0916,0.0207,526,65,1,464,4,2,0,0,0,0,0,Normal
tcp,ssl,FIN,2.3046,53,59,6558,33040,72.89805,18214.08,114692.82,0,6,0.0435,0.0391,0.0151,0.0148,22786,1471273,1350401,20091,0.0299,0.0327,0.051,99,560,2,2516,1,3,0,0,0,0,0,Normal
icmp,-,RST,0.642,565,26,61585,2210,920.5061,767368.76,27537.31,45,4,0.001136,0.024694,0.1659,0.0207,1688,236,827,2872,0.007027,0.003367,0.000748,109,85,0,101,92,58,0,0,2,0,1,Generic
tcp,http,FIN,7.1241,33,49,18768,31164,17.2653,16861.1,34995.63,0,16,0.2159,0.1454,0.0138,0.0058,46387,1515181,7881158,20420,0.2021,0.0374,0.0509,455,636,0,4288,2,1,0,0,1,0,0,Normal
tcp,ssh,INT,0.2017,70,6,7350,516,376.7546,291489.06,20463.72,23,6,0.002882,0.03362,0.2797,0.097,960,996,246,3255,0.007383,0.001954,0.002667,105,86,0,75,46,36,0,0,8,1,1,Shellcode
tcp,dns,INT,5.4941,50,15,8062,10590,17.74635,9391.93,15420.24,33,0,0.1099,0.3663,0.0049,0.02,43495,3030940,4586896,38107,0.2265,0.0697,0.0448,129,706,1,3868,4,3,0,0,1,0,0,Normal
tcp,ssl,CON,9.7109,52,44,2990,30404,14.82855,1970.56,25047.19,7,0,0.1867,0.2207,0.0071,0.0063,33263,3230360,6653122,47266,0.0317,0.0173,0.0304,46,691,0,1154,4,1,0,0,1,0,0,Normal
tcp,http,FIN,5.1351,58,22,10077,10340,23.3685,12559.8,16108.7,36,0,0.0885,0.2334,0.0179,0.0055,1587,4602207,6490561,10190,0.0686,0.061,0.0814,139,470,1,3377,1,3,0,0,0,0,0,Normal
tcp,ssl,FIN,5.7646,33,23,12127,6325,14.5716,13464.2,8777.68,10,0,0.1747,0.2506,0.0161,0.008,41815,7866133,2958713,23749,0.0791,0.0717,0.0481,294,275,1,4639,2,1,0,0,0,0,0,Normal
udp,-,FIN,9.7158,73,41,21443,1148,17.60025,14125.43,945.26,32,0,0.1331,0.237,0.0139,0.0045,19711,1110545,5085095,7760,0.2955,0.09,0.0722,235,28,0,1240,4,1,0,0,0,0,0,Normal
tcp,http,RST,0.9228,693,12,56133,792,764.0186,486657.08,6866.41,14,4,0.001332,0.076896,0.2958,0.0692,3009,904,744,3228,0.00043,0.001336,0.001506,81,66,1,199,36,59,0,0,4,1,1,Analysis
icmp,-,REQ,0.2468,200,23,24000,1633,903.588,777977.11,52934.86,1,3,0.001234,0.01073,0.0481,0.0334,3115,842,237,4080,0.005573,0.000487,0.00158,120,71,1,162,37,49,0,0,0,0,1,Reconnaissance
udp,dns,FIN,3.4288,3,29,723,7308,13.99905,1350.9,17050.78,0,24,1.1429,0.1182,0.014,0.0023,19824,281409,2420084,50026,0.1864,0.0031,0.0792,193,252,2,2384,2,4,0,0,1,0,0,Normal
udp,ssl,INT,3.3937,34,37,8627,22163,31.381349999999998,16270.0,52244.55,0,3,0.0998,0.0917,0.0138,0.0192,20470,3805486,3841751,25196,0.2967,0.0952,0.0884,203,599,0,3206,3,2,0,0,0,0,0,Normal
udp,-,CON,0.6306,33,45,11096,21780,185.5398,112617.88,276311.52,0,11,0.0191,0.014,0.0179,0.018,35325,8887643,1195055,54479,0.203,0.0307,0.0948,269,484,2,80,2,3,0,0,0,0,0,Normal
tcp,dns,CON,5.5977,7,14,2913,980,5.62725,3331.35,1400.57,0,5,0.7997,0.3998,0.0068,0.0174,21075,5051462,9182876,22539,0.163,0.0887,0.096,333,70,2,2495,4,2,0,0,0,0,0,Normal
tcp,dns,FIN,6.9349,50,0,36250,0,10.81485,33453.78,0.0,50,0,0.1387,6.9349,0.0006,0.0199,14587,112767,4292094,57716,0.1083,0.0211,0.0866,580,0,1,2806,4,3,0,0,1,0,0,Normal
tcp,dns,CON,3.6561,34,34,10710,1156,27.8985,18747.75,2529.46,0,0,0.1075,0.1075,0.0097,0.0093,2433,9928786,4946071,46588,0.1254,0.0518,0.0678,252,34,2,2668,2,1,0,0,1,0,0,Normal
icmp,http,CON,1.0546,182,10,19838,650,182.0624,150489.72,4930.86,33,6,0.005794,0.105458,0.4488,0.0167,3436,576,883,2021,0.004622,0.001632,0.000649,109,65,1,32,88,44,0,0,4,1,1,Shellcode
udp,ssl,CON,4.4599,52,34,17030,2244,28.924200000000003,24438.06,4025.18,18,0,0.0858,0.1312,0.0021,0.0058,61625,9578613,9254198,64484,0.0341,0.0159,0.0671,262,66,2,4461,4,3,0,0,1,0,0,Normal
tcp,ssl,INT,9.3928,73,3,26006,1230,12.13695,17720.02,1047.61,69,0,0.1287,3.1309,0.0022,0.0046,37412,2756856,4025996,63760,0.0948,0.0606,0.034,285,410,1,1186,2,4,0,0,0,0,0,Normal
udp,ssh,REQ,0.8675,322,0,36708,0,371.1658,338503.24,0.0,0,0,0.002694,0.867537,0.0589,0.0826,3643,615,123,3178,0.006608,0.001445,0.003544,114,0,0,41,28,56,0,0,4,0,1,Exploit
tcp,dns,INT,4.1077,71,57,25205,21204,46.74165,39270.72,41296.19,14,0,0.0579,0.0721,0.0166,0.0185,43867,2335718,8599924,5671,0.2472,0.0584,0.0895,284,372,1,3701,2,1,0,0,0,0,0,Normal
udp,http,FIN,9.0102,79,48,22613,480,21.14265,16062.65,426.18,30,0,0.1141,0.1877,0.0164,0.0071,14332,3973214,691887,61354,0.192,0.077,0.0806,229,10,1,1367,1,2,0,0,1,0,0,Normal
tcp,dns,INT,2.2366,59,31,41963,5518,60.35835,120076.36,19736.72,27,0,0.0379,0.0721,0.0087,0.0048,31845,9411164,5871978,42185,0.1747,0.0891,0.0807,569,178,1,2068,2,4,0,0,0,0,0,Normal
tcp,-,FIN,2.026,10,22,4900,2266,23.6916,15478.46,8947.5,0,11,0.2026,0.0921,0.0129,0.0179,27609,7506680,6069916,38860,0.1246,0.0942,0.0636,392,103,2,2818,3,2,0,0,0,0,0,Normal
tcp,http,FIN,9.2524,72,29,30240,5684,16.374000000000002,20917.29,4914.6,41,0,0.1285,0.319,0.006,0.018,40429,8921555,5324775,38916,0.063,0.0757,0.0459,336,196,1,1046,2,3,0,0,0,0,0,Normal
tcp,http,RST,1.2478,766,15,117964,1185,625.921,756324.14,7597.61,29,0,0.001629,0.083184,0.4786,0.0618,266,784,499,395,0.00302,0.004519,0.000688,154,79,1,187,56,79,0,0,1,1,1,Botnet
udp,-,INT,2.1076,3,26,2070,2548,20.639400000000002,6285.76,9671.56,0,22,0.7025,0.0811,0.0162,0.0075,8632,4873370,1126330,53508,0.0317,0.0719,0.0755,552,98,0,3984,3,1,0,0,1,0,0,Normal
icmp,-,REQ,0.5676,471,10,88077,380,847.4877,1241483.2,5356.26,3,4,0.001205,0.056756,0.0628,0.0336,2395,687,728,1963,0.009297,0.00465,0.001872,187,38,1,158,27,64,0,4,9,0,1,Backdoor
udp,-,CON,8.3865,41,11,24856,6644,9.3006,18968.49,6337.78,29,0,0.2045,0.7624,0.0138,0.0127,60335,7807136,8929973,9357,0.0046,0.0553,0.0786,485,604,2,3234,4,3,0,0,0,0,0,Normal
tcp,-,CON,4.8273,79,34,9282,2278,35.11305,12306.75,3775.22,45,0,0.0611,0.142,0.0114,0.0189,35113,1393872,3411616,33887,0.2171,0.0366,0.0812,94,67,1,402,4,2,0,0,1,0,0,Normal
udp,dns,FIN,2.3082,63,52,26302,34528,74.73464999999999,72930.59,119672.44,9,0,0.0366,0.0444,0.0196,0.0012,12264,9439580,8268082,4598,0.2652,0.0569,0.0264,334,664,2,2896,3,2,0,0,0,0,0,Normal
tcp,-,CON,0.3508,75,8,52875,1720,354.88694999999996,964608.53,39222.85,67,0,0.0047,0.0439,0.0079,0.0008,6109,2302460,4456275,57603,0.2615,0.04,0.029,564,215,1,4747,4,1,0,0,1,0,0,Normal
tcp,ssh,CON,0.1661,444,5,34188,205,2702.8037,1646386.67,9872.16,7,2,0.000374,0.033225,0.1687,0.0024,330,707,964,3350,0.006233,0.002829,0.004726,77,41,1,152,40,36,0,0,5,1,1,DoS
udp,dns,CON,0.6761,21,19,4147,3287,88.74584999999999,39261.17,38894.36,2,0,0.0322,0.0356,0.0122,0.0058,3070,5339592,1944648,59879,0.0778,0.0769,0.0493,158,173,2,647,3,4,0,0,1,0,0,Normal
tcp,-,CON,9.8247,68,35,4505,2100,15.725550000000002,2934.63,1709.97,32,0,0.1445,0.2807,0.0022,0.0186,7065,328414,4073510,13643,0.0571,0.0124,0.056,53,60,0,3303,2,2,0,0,1,0,0,Normal
tcp,dns,CON,9.6283,77,1,30800,184,12.15165,20472.94,152.88,76,0,0.125,9.6283,0.017,0.0189,4512,275709,3787538,60823,0.2313,0.0392,0.0342,320,184,2,4560,2,3,0,0,1,0,0,Normal
tcp,ssl,CON,3.356,4,48,985,18240,23.2422,1878.45,43480.86,0,44,0.839,0.0699,0.0077,0.0192,47153,9122438,330765,33393,0.1325,0.0813,0.0638,197,380,1,4702,4,2,0,0,1,0,0,Normal
udp,http,CON,0.5657,411,4,66171,232,733.5583,935716.35,3280.68,43,6,0.001376,0.141434,0.1795,0.0458,2807,395,825,2765,0.003203,0.002715,0.001597,161,58,1,7,48,34,0,0,7,0,1,Exploit
tcp,http,INT,1.208,8,33,1260,8547,50.908950000000004,6675.28,56600.85,0,23,0.151,0.0366,0.0073,0.018,58882,6086659,4171964,23105,0.0791,0.0339,0.0675,126,259,0,739,2,1,0,0,1,0,0,Normal
udp,-,CON,5.2812,43,13,23112,260,15.90555,28008.87,393.85,28,0,0.1228,0.4062,0.0081,0.0039,37984,9849652,482984,35311,0.0661,0.0712,0.0602,430,20,2,1240,2,2,0,0,1,0,0,Normal
tcp,dns,CON,9.5178,66,59,7177,5723,19.69995,4826.34,4810.37,7,0,0.1442,0.1613,0.0029,0.0042,11306,3505594,7381407,59906,0.0285,0.0725,0.0407,87,97,1,1785,4,2,0,0,1,0,0,Normal
tcp,ssl,FIN,2.526,17,41,6120,14432,34.441950000000006,15506.0,45707.22,0,22,0.1486,0.0616,0.0117,0.0085,15694,6425733,4035820,63354,0.2514,0.0311,0.0026,288,352,2,2401,1,3,0,0,0,0,0,Normal
tcp,dns,CON,7.9639,1,53,161,28037,10.1709,129.59,28164.2,0,50,7.9639,0.1503,0.0154,0.0056,48971,4322998,1335367,2737,0.1716,0.0879,0.0911,129,529,0,1772,2,1,0,0,1,0,0,Normal
udp,ftp,RST,0.329,527,5,94333,105,1616.8371,2293550.29,2552.9,31,3,0.000624,0.065807,0.4335,0.0081,189,184,321,2987,0.007641,0.001885,0.000535,179,21,1,129,33,30,0,0,8,0,1,DoS
udp,ssl,FIN,4.0217,12,40,4755,14280,19.394550000000002,7566.87,28405.61,0,26,0.3351,0.1005,0.0075,0.0061,18623,2474183,7050984,11829,0.2563,0.0614,0.0672,317,357,1,3712,2,2,0,0,1,0,0,Normal
udp,-,CON,5.5204,78,51,57427,17034,35.052,66578.02,24685.25,25,0,0.0708,0.1082,0.0081,0.0009,43085,5261874,6456512,22258,0.1686,0.0351,0.0316,589,334,2,4557,2,2,0,0,1,0,0,Normal
tcp,-,CON,4.0385,75,20,22593,14880,35.285399999999996,35805.4,29476.32,54,0,0.0538,0.2019,0.0113,0.0098,63241,3729148,844423,37010,0.0744,0.0891,0.0051,241,744,1,4926,4,4,0,0,1,0,0,Normal
udp,dns,FIN,6.8274,28,18,16730,720,10.10625,15682.61,843.66,10,0,0.2438,0.3793,0.0134,0.004,31482,3610571,155011,37335,0.259,0.0155,0.0034,478,40,2,1799,3,4,0,0,0,0,0,Normal
udp,-,FIN,3.5052,5,40,2731,1800,19.25685,4986.82,4108.14,0,33,0.701,0.0876,0.0084,0.0088,61346,3597876,8278549,56025,0.2676,0.051,0.0403,437,45,0,528,4,1,0,0,1,0,0,Normal
udp,ftp,CON,1.4988,196,9,37828,774,136.7723,201905.32,4131.19,14,5,0.007647,0.166538,0.1738,0.0151,1095,328,116,3868,0.006388,0.002329,0.004327,193,86,0,167,44,66,0,0,6,0,1,Reconnaissance
udp,-,REQ,1.0557,532,11,87780,748,514.3581,665198.56,5668.36,13,4,0.001984,0.095971,0.1213,0.0351,58,146,813,2536,0.000924,0.001611,0.002611,165,68,1,167,43,58,0,0,7,1,1,Exploit
udp,-,FIN,4.1414,67,58,16833,2030,45.2742,26014.23,3921.36,9,0,0.0618,0.0714,0.0022,0.0076,54907,6881965,2968133,3785,0.1754,0.0151,0.0418,201,35,0,3031,4,1,0,0,1,0,0,Normal
tcp,-,INT,7.852,53,35,11063,7175,16.81095,9017.8,7310.22,17,0,0.1482,0.2243,0.0103,0.0137,12645,4113714,7546819,42730,0.1887,0.0336,0.0506,167,205,0,2171,4,2,0,0,1,0,0,Normal
udp,dns,INT,2.8403,2,11,595,8525,6.8655,1340.72,24011.79,0,8,1.4201,0.2582,0.0099,0.0168,40541,5837530,2432974,25637,0.0084,0.0586,0.0713,238,775,2,2774,1,3,0,0,1,0,0,Normal
tcp,ftp,INT,0.0134,289,20,55488,560,23135.6412,33236257.81,335429.36,35,5,4.6e-05,0.000668,0.3802,0.0627,253,941,884,3313,0.002658,0.001727,0.001162,192,28,0,93,86,56,0,0,7,0,1,Worm
udp,ssl,INT,3.9583,67,45,27218,10035,42.44295,44009.28,20281.66,20,0,0.0591,0.088,0.0145,0.01,17723,9085287,1295326,31250,0.0049,0.0927,0.0783,325,223,1,2758,4,3,0,0,0,0,0,Normal
tcp,-,INT,7.0427,68,13,45645,5993,17.251800000000003,41479.4,6807.59,55,0,0.1036,0.5417,0.0197,0.0187,16366,1879569,1844924,14025,0.2408,0.0078,0.069,537,461,1,2366,1,3,0,0,0,0,0,Normal
tcp,dns,CON,8.1214,43,12,19135,4716,10.15845,15079.22,4645.52,31,0,0.1889,0.6768,0.0091,0.0106,13167,1590564,3581748,8646,0.0239,0.0382,0.0658,356,393,1,4213,2,1,0,0,0,0,0,Normal
tcp,ftp,RST,0.9185,728,25,99008,2400,819.7741,862302.2,20902.61,2,5,0.001262,0.036742,0.1243,0.0975,2104,276,521,3431,0.004572,0.00121,0.004545,136,96,0,126,65,41,0,0,1,1,1,Reconnaissance
icmp,ssh,INT,1.2305,88,16,13728,912,84.5196,89252.65,5929.37,6,2,0.013983,0.076905,0.236,0.0963,1121,772,480,5,0.006177,0.002825,0.000938,156,57,1,26,38,76,0,0,2,0,1,Reconnaissance
tcp,ftp,CON,1.3503,267,18,16020,720,211.0575,94909.21,4265.58,8,4,0.005057,0.075019,0.1891,0.0297,214,878,332,51,0.001146,0.003932,0.002367,60,40,1,128,32,66,0,0,5,0,1,Exploit
tcp,ftp,RST,0.4364,611,15,73931,255,1434.4823,1355306.25,4674.67,7,0,0.000714,0.029093,0.3226,0.0763,2644,227,397,1480,0.000389,0.003606,0.002589,121,17,0,108,92,11,0,0,4,1,1,Botnet
udp,http,CON,4.9743,5,41,3193,19557,13.87125,4109.1,31452.68,0,34,0.9949,0.1213,0.0013,0.0022,32912,6556167,8529929,23979,0.2195,0.0899,0.0965,511,477,1,4007,2,3,0,0,1,0,0,Normal
tcp,ssl,FIN,0.6672,34,44,12410,34540,175.3467,119031.94,414117.97,0,8,0.0196,0.0152,0.0047,0.0128,39365,849156,2744064,12041,0.1131,0.0595,0.0499,292,785,0,4736,2,2,0,0,0,0,0,Normal
tcp,dns,INT,0.7873,24,22,10170,13596,87.64185,82672.98,138154.1,1,0,0.0328,0.0358,0.0097,0.0146,62457,6402636,3252758,49148,0.1363,0.0693,0.0414,339,618,1,2240,3,2,0,0,1,0,0,Normal
udp,http,INT,0.4252,183,15,31659,1425,465.6592,595648.68,26810.68,43,9,0.002324,0.028347,0.0361,0.0028,4055,7,224,1825,0.006623,0.002087,0.002101,173,95,0,43,94,56,0,0,5,1,1,Shellcode
udp,ssl,CON,5.9568,9,12,6075,3672,5.2881,6526.94,4931.47,0,2,0.6619,0.4964,0.0095,0.0171,40788,5665419,7396821,34977,0.2824,0.0792,0.0802,540,306,2,3248,1,1,0,0,0,0,0,Normal
udp,ftp,RST,0.9052,637,19,124852,1805,724.721,1103449.59,15952.7,1,6,0.001421,0.047641,0.1657,0.0586,2729,987,14,1538,0.009134,0.003098,0.002885,196,95,0,45,83,69,0,0,5,1,1,Reconnaissance
tcp,ssl,CON,8.7166,43,56,30476,27832,17.0364,22376.63,25543.93,0,11,0.2027,0.1557,0.0078,0.0039,17634,2395358,9447434,32754,0.199,0.096,0.025,567,497,0,2414,1,3,0,0,1,0,0,Normal
udp,http,CON,6.1885,19,40,8597,31000,14.300849999999999,8891.37,40074.53,0,21,0.3257,0.1547,0.0196,0.0116,29998,4480862,7143310,45636,0.2984,0.0079,0.0258,362,775,2,753,4,1,0,0,1,0,0,Normal
tcp,-,FIN,6.2081,40,9,13800,2304,11.83935,14226.49,2969.01,31,0,0.1552,0.6898,0.0064,0.0094,43373,9416907,5684252,12608,0.232,0.0886,0.0998,276,256,0,3894,3,2,0,0,1,0,0,Normal
udp,dns,CON,4.0767,64,8,37200,816,26.4918,58399.73,1601.28,54,0,0.0637,0.5096,0.0152,0.0074,10228,1810471,2995931,52685,0.229,0.0464,0.0003,465,102,0,3204,3,1,0,0,0,0,0,Normal
udp,-,INT,6.5316,26,52,16087,40924,17.91285,15763.36,50124.31,0,26,0.2512,0.1256,0.019,0.0047,23092,921391,9941343,36577,0.0007,0.039,0.0342,495,787,2,1135,1,2,0,0,1,0,0,Normal
udp,-,REQ,0.6471,292,29,26572,1943,496.0906,328526.34,24022.53,45,7,0.002216,0.022312,0.1163,0.092,2350,818,515,2495,0.007466,1.4e-05,0.001797,91,67,0,133,88,57,0,0,1,0,1,Backdoor
tcp,dns,CON,8.2318,26,2,3445,682,5.1021,2678.39,662.8,22,0,0.3166,4.1159,0.0161,0.0008,16377,5069226,310995,23043,0.0808,0.0293,0.0145,106,341,1,934,3,3,0,0,1,0,0,Normal
icmp,ftp,RST,0.6612,394,3,19306,192,600.4307,233590.23,2323.08,29,9,0.001678,0.220397,0.0757,0.0486,2432,44,163,768,7e-05,0.000513,0.003271,49,64,1,129,40,62,0,1,1,1,1,Backdoor
udp,ssl,CON,8.5765,73,9,35861,3600,14.3415,26760.64,3358.02,64,0,0.1175,0.9529,0.0007,0.0049,48686,6485641,3886324,45455,0.0452,0.0816,0.0097,393,400,0,4016,4,2,0,0,0,0,0,Normal
icmp,-,INT,0.6227,109,17,16895,765,202.3415,217051.39,9828.01,21,1,0.005713,0.03663,0.2869,0.0321,1796,701,983,1339,0.006259,0.001852,0.003323,155,45,1,47,69,78,0,0,4,1,1,Exploit
tcp,-,REQ,0.107,644,10,34132,480,6114.1696,2552768.65,35899.71,17,8,0.000166,0.010696,0.0571,0.0927,757,205,139,99,0.002753,6.5e-05,0.001662,53,48,0,95,44,14,0,0,0,1,1,Reconnaissance
udp,ssl,INT,0.516,19,37,13703,23976,162.79590000000002,169974.37,371732.69,0,18,0.0272,0.0139,0.0011,0.0054,29979,1418309,202903,46628,0.1976,0.0537,0.0344,577,648,1,1121,3,4,0,0,1,0,0,Normal
tcp,ssl,CON,0.6851,47,29,18388,15109,166.3902,171773.13,176420.38,18,0,0.0146,0.0236,0.0134,0.0166,24311,2535891,747271,4897,0.1424,0.0246,0.0642,313,521,0,3763,3,1,0,0,0,0,0,Normal
tcp,-,INT,2.3758,45,56,23118,27216,63.766949999999994,62276.91,91642.53,0,9,0.0528,0.0424,0.0095,0.0198,60683,6279199,2384455,45691,0.0018,0.0036,0.0873,411,486,1,1577,3,1,0,0,1,0,0,Normal
tcp,http,FIN,9.243,17,46,2528,29348,10.22385,1750.94,25401.16,0,29,0.5437,0.2009,0.0039,0.007,22947,7737369,6492377,26685,0.1891,0.0905,0.0616,119,638,0,3482,4,2,0,0,0,0,0,Normal
tcp,ssl,FIN,1.6761,49,14,33381,5824,56.380500000000005,127461.84,27797.71,34,0,0.0342,0.1197,0.0167,0.0132,59163,8942148,5579604,30425,0.2416,0.0216,0.0197,545,416,0,3779,2,1,0,0,0,0,0,Normal
icmp,http,RST,0.4841,378,20,55566,1140,822.121,918230.66,18838.55,22,1,0.001281,0.024206,0.4518,0.0468,1040,480,712,2963,0.000251,0.004249,0.001073,147,57,0,144,59,56,0,0,7,1,1,Worm
tcp,http,FIN,4.1999,15,28,1368,8932,15.35745,2085.75,17013.61,0,11,0.28,0.15,0.0189,0.0114,33169,5984552,9472018,44852,0.2981,0.0757,0.0604,73,319,1,3976,3,3,0,0,1,0,0,Normal
udp,http,FIN,4.3817,35,1,24281,546,12.323999999999998,35465.77,996.88,33,0,0.1252,4.3817,0.0086,0.012,21242,2685273,9730429,56055,0.271,0.0728,0.0046,555,546,0,3023,1,4,0,0,0,0,0,Normal
udp,http,CON,3.0309,33,40,14726,10480,36.1284,31096.12,27662.11,0,7,0.0918,0.0758,0.0048,0.017,2962,2894625,5012741,42577,0.1818,0.0978,0.0821,357,262,0,1768,4,1,0,0,0,0,0,Normal
udp,http,INT,1.093,454,15,71732,1275,429.1134,525051.75,9332.53,32,6,0.002407,0.072863,0.3633,0.0195,205,264,807,1240,0.005279,0.000619,0.002339,158,85,0,160,32,39,0,0,3,1,1,Shellcode
tcp,http,INT,0.3929,711,5,33417,450,1822.1619,680348.42,9161.71,36,4,0.000553,0.078588,0.3993,0.0432,789,168,449,4004,0.002462,0.001988,0.003754,47,90,0,129,49,30,0,3,1,0,1,Backdoor
udp,http,CON,1.9202,48,48,11160,14208,74.99085,37195.45,59192.75,0,0,0.04,0.04,0.0032,0.0001,59982,9871822,8892761,65260,0.239,0.0645,0.0924,186,296,1,3884,2,1,0,0,1,0,0,Normal
tcp,-,CON,4.9521,61,2,4956,570,19.08285,6405.39,920.83,58,0,0.0812,2.476,0.0105,0.0161,53195,2199824,164358,19702,0.1868,0.0196,0.07,65,285,0,3993,1,2,0,0,1,0,0,Normal
tcp,ssl,FIN,7.4118,40,26,17800,12168,13.357050000000001,15370.05,13133.62,13,0,0.1853,0.2851,0.0075,0.01,22158,4999669,720707,11394,0.0154,0.0147,0.0808,356,468,0,4237,4,4,0,0,0,0,0,Normal
icmp,ftp,REQ,0.1531,307,20,27016,1920,2136.2305,1411924.21,100344.04,2,7,0.000499,0.007654,0.4038,0.0318,1891,681,89,2954,0.004091,0.003087,0.00243,88,96,1,97,87,17,0,0,8,0,1,DoS
udp,http,CON,3.4568,11,10,3190,210,9.1125,5906.06,486.0,1,0,0.3143,0.3457,0.0137,0.0087,45215,1888570,7090785,1579,0.2586,0.0722,0.0982,232,21,2,671,3,3,0,0,0,0,0,Normal
icmp,-,CON,1.4056,216,0,41256,0,153.6705,234808.55,0.0,11,6,0.006507,1.405605,0.3194,0.0978,2528,147,146,2064,0.005413,0.000422,0.004198,191,0,0,140,80,62,0,0,2,1,1,Generic
tcp,http,FIN,5.8518,61,12,15250,9384,18.7122,16678.63,12828.87,49,0,0.0959,0.4877,0.0042,0.0186,10064,6677693,9337233,58845,0.1289,0.0329,0.018,200,782,0,1089,4,3,0,0,1,0,0,Normal
udp,ssh,RST,0.4549,220,17,37840,323,521.0439,665529.22,5680.92,9,9,0.002068,0.026756,0.0636,0.072,4090,730,756,2832,0.007822,0.001169,0.002004,172,19,0,166,74,11,0,0,8,0,1,Exploit
tcp,ssl,INT,2.997,25,15,14031,7200,20.02035,29963.68,19219.47,9,0,0.1199,0.1998,0.0137,0.0127,16020,8738748,2312141,32204,0.1143,0.0332,0.0889,449,480,1,4117,3,3,0,0,0,0,0,Normal
udp,http,INT,9.774,34,31,25415,10602,9.975449999999999,16641.64,8677.68,3,0,0.2875,0.3153,0.0192,0.0044,20295,7620462,7337143,34691,0.2628,0.0829,0.0932,598,342,2,32,1,1,0,0,0,0,0,Normal
tcp,http,INT,0.1704,320,29,26880,1508,2048.0541,1261929.97,70795.77,17,6,0.000533,0.005876,0.3873,0.0387,2585,167,682,1882,0.008326,0.003446,0.001655,84,52,1,184,31,73,0,0,1,1,1,Generic
tcp,ssl,FIN,6.1798,62,24,27512,3696,20.8746,28492.98,4784.65,38,0,0.0997,0.2575,0.0027,0.0193,65463,1158641,2396451,50371,0.046,0.0821,0.0372,355,154,2,4709,3,4,0,0,1,0,0,Normal
tcp,-,INT,6.6774,69,33,50887,1584,22.91295,48773.26,1897.74,36,0,0.0968,0.2023,0.0031,0.0123,63704,8927557,2085406,37307,0.0912,0.0594,0.0143,590,48,1,4029,1,4,0,0,1,0,0,Normal
tcp,ftp,REQ,0.3282,164,23,18532,1610,569.8274,451766.46,39248.0,41,8,0.002001,0.014268,0.2128,0.0125,518,69,887,3168,0.002328,0.00058,0.004334,113,70,1,24,50,66,0,0,7,1,1,Reconnaissance
tcp,ftp,RST,0.125,628,29,103620,2030,5256.5189,6632334.69,129932.83,42,6,0.000199,0.00431,0.4364,0.0223,3970,760,539,1335,0.003167,0.003212,0.001393,165,70,0,143,69,20,1,4,5,1,1,Backdoor
tcp,-,INT,8.0648,35,30,12731,8400,12.08955,10103.11,8332.46,3,0,0.2304,0.2688,0.0128,0.0168,3940,2628412,4481419,446,0.2998,0.0595,0.0964,291,280,1,1554,2,3,0,0,0,0,0,Normal
udp,-,CON,0.1863,350,26,65100,1612,2018.2685,2795516.58,69222.32,3,6,0.000532,0.007165,0.378,0.0639,1625,987,35,602,0.002216,0.001078,0.003938,186,62,0,25,30,68,1,4,6,0,1,Backdoor
udp,ssl,INT,7.6852,13,49,7020,36407,12.10125,5846.04,37898.3,0,36,0.5912,0.1568,0.0184,0.0115,45867,3222409,8909159,42194,0.2437,0.0549,0.0584,432,743,2,3246,1,2,0,0,1,0,0,Normal
udp,ssl,CON,9.7186,12,59,8610,32096,10.958400000000001,5669.97,26420.36,0,45,0.8099,0.1647,0.0146,0.019,4148,1383029,3515531,28929,0.2936,0.0633,0.0109,574,544,2,3013,3,1,0,0,1,0,0,Normal
udp,ssh,INT,0.4818,287,0,21812,0,595.6833,362175.47,0.0,27,9,0.001679,0.4818,0.2921,0.0247,714,527,226,2366,0.004327,0.00445,0.003497,76,0,1,177,36,30,0,0,0,0,1,Exploit
icmp,ssh,INT,0.3773,683,11,96986,847,1839.5645,2056622.48,17960.93,12,7,0.000552,0.034297,0.1859,0.0967,170,798,690,678,0.004474,0.002497,0.001694,142,77,0,111,29,22,1,0,1,0,1,Backdoor
udp,dns,INT,1.9603,75,11,47812,1738,65.80590000000001,156097.72,7092.75,62,0,0.0261,0.1782,0.0047,0.0164,59799,5944130,957508,8291,0.2888,0.0454,0.0082,510,158,2,1144,3,3,0,0,1,0,0,Normal
tcp,dns,FIN,0.8704,12,50,1170,27950,106.8459,8602.82,256889.73,0,36,0.0725,0.0174,0.0032,0.0079,64818,9397037,6231742,30510,0.0387,0.0009,0.0192,78,559,2,4933,4,1,0,0,1,0,0,Normal
udp,dns,FIN,3.6493,45,34,11081,7854,32.47215,19433.94,17217.62,9,0,0.0811,0.1073,0.0025,0.0071,8193,5861562,6005475,8959,0.1862,0.0522,0.0871,197,231,0,1008,3,3,0,0,1,0,0,Normal
tcp,dns,INT,7.8465,6,44,4162,5324,9.55845,3395.15,5428.17,0,37,1.3077,0.1783,0.0168,0.005,31137,9508272,1369489,26690,0.0821,0.0847,0.0487,555,121,1,277,1,3,0,0,0,0,0,Normal
tcp,-,CON,9.6034,69,19,3536,1539,13.745099999999999,2356.67,1282.05,49,0,0.1392,0.5054,0.0177,0.0025,20649,7709774,131408,40039,0.2579,0.0148,0.0729,41,81,2,1406,3,1,0,0,1,0,0,Normal
udp,-,CON,1.5828,43,49,8868,38416,87.18509999999999,35859.64,194162.64,0,4,0.0368,0.0323,0.0178,0.0036,27619,4611516,8499299,61070,0.2486,0.0501,0.0209,165,784,2,1324,3,2,0,0,1,0,0,Normal
icmp,ftp,CON,1.3777,618,8,49440,152,454.39,287093.19,882.65,38,6,0.002229,0.172209,0.1205,0.0223,177,149,716,1461,0.001596,0.004022,0.001422,80,19,0,148,29,21,0,0,1,1,1,Analysis
udp,-,FIN,2.5534,68,42,16745,1890,64.62,41970.91,5921.55,24,0,0.0375,0.0608,0.0089,0.0104,19688,7392569,6776410,40387,0.2563,0.0825,0.0961,197,45,2,248,1,3,0,0,0,0,0,Normal
icmp,http,REQ,1.4824,411,20,18495,140,290.7395,99809.33,755.52,20,9,0.003607,0.074121,0.3092,0.0853,221,849,110,2851,0.005005,0.004263,0.002949,45,7,1,184,67,15,0,0,3,1,1,Generic
icmp,ftp,INT,0.6121,564,12,42300,252,941.0728,552880.28,3293.75,46,6,0.001085,0.051006,0.3032,0.0963,1008,902,257,3251,0.006696,0.001356,0.002663,75,21,0,23,24,50,0,0,6,0,1,Generic
udp,http,INT,0.7419,539,14,102410,1288,745.3841,1104300.71,13888.68,5,9,0.001376,0.052993,0.0594,0.0341,719,879,53,3521,0.005143,0.003523,0.003612,190,92,1,162,99,58,0,0,0,0,1,Exploit
udp,ssl,INT,1.8055,24,11,17940,2783,29.0775,63591.7,12331.08,13,0,0.0752,0.1641,0.0197,0.0187,36601,1426598,1148791,2750,0.1254,0.0481,0.0074,598,253,2,3797,1,1,0,0,0,0,0,Normal
tcp,-,CON,5.0764,66,52,34485,26156,34.867200000000004,43476.51,41219.79,12,0,0.0769,0.0976,0.0166,0.0057,56693,9976042,4154341,14655,0.0862,0.0214,0.0985,418,503,2,1828,3,3,0,0,0,0,0,Normal
tcp,-,FIN,4.2582,5,46,2493,21068,17.96535,3748.06,39581.03,0,39,0.8516,0.0926,0.0058,0.0157,32763,6353987,3075388,54448,0.236,0.0243,0.016,399,458,0,1955,2,2,0,0,1,0,0,Normal
tcp,http,INT,4.7935,65,33,19500,6072,30.666600000000003,26035.32,10133.75,30,0,0.0737,0.1453,0.0007,0.009,1924,4126746,4732824,54974,0.2102,0.0412,0.0531,240,184,1,1450,4,3,0,0,0,0,0,Normal
tcp,-,FIN,1.7695,14,19,3290,2071,27.9738,11899.32,9363.03,0,4,0.1264,0.0931,0.0083,0.0136,65045,2188491,344690,13736,0.1166,0.0221,0.0978,188,109,0,4615,4,3,0,0,1,0,0,Normal
tcp,-,FIN,2.8039,30,6,7875,2208,19.25895,17975.07,6299.83,24,0,0.0935,0.4673,0.0025,0.0053,15792,3285295,1292589,8638,0.167,0.0798,0.0328,210,368,2,765,3,4,0,0,1,0,0,Normal
udp,dns,INT,6.7244,64,33,17120,1023,21.637500000000003,16294.05,1217.06,29,0,0.1051,0.2038,0.016,0.0018,42140,989958,2618132,12561,0.1584,0.0543,0.0423,214,31,0,226,4,4,0,0,1,0,0,Normal
udp,ssh,INT,1.4848,139,29,10425,348,113.1478,56169.81,1875.02,43,8,0.010682,0.051199,0.3397,0.0503,3089,789,409,3292,0.001064,0.004193,0.001085,75,12,1,2,63,17,0,0,0,0,1,Botnet
tcp,http,INT,0.2321,457,8,38388,80,2003.6002,1323255.16,2757.64,43,1,0.000508,0.02901,0.0354,0.0043,1711,872,595,2015,0.002011,0.003307,8.4e-05,84,10,1,58,54,10,0,0,0,0,1,Shellcode
udp,dns,CON,2.6008,38,38,26030,4826,43.8324,64053.8,14844.59,0,0,0.0684,0.0684,0.0009,0.0055,8080,990468,6650161,48308,0.1291,0.0662,0.0736,548,127,2,2335,4,3,0,0,0,0,0,Normal
udp,dns,CON,9.6591,61,14,31415,532,11.64705,20815.25,440.62,45,0,0.1583,0.6899,0.0078,0.0133,58455,6595057,2324253,34934,0.148,0.0538,0.0804,412,38,0,3461,4,4,0,0,0,0,0,Normal
udp,dns,INT,1.0966,36,41,4680,30381,105.32445000000001,27313.23,221635.5,0,4,0.0305,0.0267,0.0014,0.0108,24714,6392021,5334759,37334,0.2392,0.0834,0.0446,104,741,1,3987,4,4,0,0,1,0,0,Normal
tcp,ssl,CON,9.9842,76,53,38285,16642,19.3806,24541.12,13334.64,21,0,0.1314,0.1884,0.0092,0.014,39398,5866710,1469399,42257,0.0501,0.0204,0.0233,403,314,2,1351,2,4,0,0,1,0,0,Normal
tcp,-,CON,4.7267,54,48,35100,30528,32.3694,47525.94,51669.22,6,0,0.0875,0.0985,0.0195,0.0137,36639,1221569,9988339,50530,0.0242,0.0981,0.0661,520,636,2,769,2,3,0,0,1,0,0,Normal
udp,dns,FIN,0.7599,33,17,16953,10472,98.69325,142781.57,110241.73,15,0,0.023,0.0447,0.0021,0.0084,56938,6988065,6503841,53615,0.0069,0.0281,0.0856,411,616,1,187,1,2,0,0,0,0,0,Normal
udp,http,CON,1.791,29,47,10041,13771,63.65220000000001,35881.95,61512.55,0,17,0.0618,0.0381,0.0132,0.0183,5227,6284876,856006,29515,0.2577,0.0339,0.0287,277,293,1,1338,3,4,0,0,0,0,0,Normal
udp,ftp,INT,0.4501,557,6,46231,306,1250.8313,821700.6,5438.78,1,8,0.000808,0.075017,0.296,0.0076,987,466,825,2680,0.000149,0.00025,0.004532,83,51,0,19,80,19,0,0,2,1,1,Shellcode
udp,dns,CON,4.8135,31,52,7827,18408,25.86495,10407.48,30594.2,0,20,0.1553,0.0926,0.006,0.0126,8767,9068142,5698130,15688,0.044,0.0891,0.0505,202,354,0,2588,2,1,0,0,0,0,0,Normal
tcp,dns,CON,5.8568,63,25,34098,10175,22.53795,37261.28,13898.37,37,0,0.093,0.2343,0.0185,0.0041,1872,9148438,1586783,4872,0.2484,0.0257,0.0494,433,407,0,4215,1,1,0,0,1,0,0,Normal
udp,-,FIN,0.2843,25,30,3281,10650,290.16375,73859.88,299660.07,0,5,0.0114,0.0095,0.0057,0.0068,11847,7662992,7105792,29335,0.0107,0.0421,0.0978,105,355,1,162,1,1,0,0,1,0,0,Normal
tcp,http,CON,0.2895,551,10,33611,960,1937.7119,928747.75,26526.97,14,4,0.000525,0.028952,0.406,0.0176,1719,339,487,2277,0.00081,0.003746,3.1e-05,61,96,1,10,49,37,0,0,6,1,1,Generic
tcp,-,INT,4.2411,72,56,21060,3080,45.27075,31780.08,5809.75,16,0,0.0589,0.0757,0.0088,0.0037,35416,150570,4051199,92,0.1589,0.0301,0.0709,234,55,0,1761,2,2,0,0,1,0,0,Normal
tcp,http,CON,5.4532,11,47,577,22607,15.953999999999999,677.77,33165.22,0,35,0.4957,0.116,0.0057,0.0118,17868,325095,2493612,49849,0.2591,0.0221,0.0451,42,481,2,4813,2,1,0,0,0,0,0,Normal
udp,-,INT,1.9305,60,31,22050,1147,70.70775,73100.95,4753.22,29,0,0.0322,0.0623,0.012,0.0007,42868,192280,5899509,59762,0.1073,0.055,0.0141,294,37,2,2274,3,4,0,0,1,0,0,Normal
udp,http,FIN,7.6812,42,55,16117,42240,18.9423,13429.07,43992.86,0,12,0.1829,0.1397,0.003,0.0012,25530,1172539,9881857,1149,0.0562,0.0487,0.0644,307,768,0,1375,1,3,0,0,1,0,0,Normal
tcp,dns,FIN,2.1629,53,3,15038,1815,38.83605,44498.67,6713.08,48,0,0.0408,0.721,0.0065,0.0141,32878,7553965,114811,19998,0.2395,0.0949,0.0783,227,605,2,2892,4,1,0,0,1,0,0,Normal
tcp,dns,CON,5.7277,14,18,10185,6336,8.38035,11380.52,8849.65,0,2,0.4091,0.3182,0.0128,0.0114,59064,7433002,587243,26211,0.1852,0.0515,0.0977,582,352,1,2320,1,2,0,0,1,0,0,Normal
udp,http,FIN,1.4479,42,36,2835,22212,80.80529999999999,12531.03,122724.54,6,0,0.0345,0.0402,0.0075,0.0146,10318,3338934,7016131,53958,0.2312,0.0346,0.0132,54,617,2,4438,4,4,0,0,0,0,0,Normal
udp,http,FIN,5.8769,67,12,7621,1704,20.1636,8299.58,2319.58,55,0,0.0877,0.4897,0.0112,0.0064,39540,6927221,5917819,38153,0.0996,0.0719,0.0252,91,142,0,1285,4,4,0,0,0,0,0,Normal
udp,http,FIN,2.3346,75,12,13031,2604,55.899,35723.96,8923.28,61,0,0.0311,0.1945,0.0141,0.0129,59647,8171654,3792469,29412,0.1455,0.0416,0.0172,139,217,2,3722,3,3,0,0,0,0,0,Normal
udp,http,CON,8.0885,75,42,25031,2184,21.697499999999998,19805.99,2160.11,31,0,0.1078,0.1926,0.0054,0.0029,64559,2556905,4129231,9165,0.2587,0.0378,0.0407,267,52,0,4891,2,1,0,0,1,0,0,Normal
udp,dns,INT,7.2917,37,29,21043,19256,13.577099999999998,18470.36,21126.53,6,0,0.1971,0.2514,0.0072,0.0012,33016,8701875,483409,25810,0.1688,0.0684,0.0935,455,664,2,2423,1,4,0,0,0,0,0,Normal
udp,dns,FIN,0.6513,69,43,16128,25714,257.93655,158483.58,315837.15,26,0,0.0094,0.0151,0.0019,0.0145,5205,1642379,221584,59865,0.1747,0.0569,0.0437,187,598,0,901,1,1,0,0,1,0,0,Normal
tcp,http,CON,3.7456,56,21,40740,1722,30.835800000000003,69610.54,3677.88,33,0,0.0669,0.1784,0.0178,0.0031,14653,7174231,6839993,3018,0.236,0.0539,0.0839,582,82,2,705,1,3,0,0,0,0,0,Normal
udp,http,INT,1.3281,48,11,27660,6457,66.63465,133287.27,38893.52,37,0,0.0277,0.1207,0.0052,0.0162,40193,6171117,7615419,40518,0.1316,0.0257,0.0416,461,587,1,2407,3,3,0,0,0,0,0,Normal
icmp,-,REQ,0.4666,243,15,37665,240,552.9325,645773.77,4114.85,42,3,0.00192,0.031107,0.4139,0.0072,876,713,410,853,0.001752,0.000853,0.003601,155,16,1,145,35,78,0,0,0,0,1,Exploit
tcp,ssh,REQ,1.4573,617,15,50594,270,433.681,277742.51,1482.2,46,4,0.002362,0.097153,0.135,0.0366,56,875,339,704,0.002582,0.000557,0.001726,82,18,1,10,69,57,0,3,3,1,1,Backdoor
udp,dns,CON,4.3941,39,22,9847,6512,20.82345,14342.92,11855.94,16,0,0.1127,0.1997,0.0175,0.0061,62559,2501934,8887456,29611,0.212,0.0821,0.0764,202,296,2,251,1,4,0,0,1,0,0,Normal
tcp,dns,CON,8.6195,35,28,23581,20300,10.9635,17509.16,18841.02,5,0,0.2463,0.3078,0.0008,0.0049,13462,185849,2281579,57174,0.1074,0.0437,0.0385,539,725,1,1370,3,1,0,0,0,0,0,Normal
udp,-,INT,9.5757,71,23,20590,12995,14.72475,13761.53,10856.67,47,0,0.1349,0.4163,0.0015,0.0026,34100,4127461,9787008,48182,0.2001,0.0757,0.0636,232,565,2,4625,1,3,0,0,0,0,0,Normal
udp,http,REQ,0.9809,623,23,84105,138,658.5673,685929.43,1125.48,14,6,0.001575,0.042649,0.2321,0.0549,2878,540,136,195,0.001758,0.002399,0.000265,135,6,1,167,76,46,0,0,3,1,1,Exploit
tcp,http,CON,5.2342,46,36,6785,25020,23.49945,8296.28,38241.16,8,0,0.1138,0.1454,0.012,0.0135,52217,185074,5081570,23792,0.0069,0.0422,0.009,118,695,2,1635,3,3,0,0,0,0,0,Normal
tcp,ssh,INT,0.52,704,4,132352,16,1361.4523,2036055.78,246.14,31,8,0.000739,0.130008,0.0236,0.0092,3708,449,210,2299,0.006301,0.004054,0.000616,188,4,0,28,76,68,0,0,4,0,1,Reconnaissance
udp,-,REQ,1.1168,406,0,45878,0,363.5266,328628.05,0.0,4,8,0.002751,1.116837,0.0225,0.0566,254,846,979,1986,0.003022,0.003601,0.00114,113,0,1,157,84,18,0,0,9,0,1,Generic
tcp,-,INT,0.1307,732,28,60024,1204,5813.9987,3673467.99,73684.78,47,7,0.000179,0.004669,0.32,0.0223,3813,117,767,785,0.005766,0.003496,0.004879,82,43,0,145,36,26,0,0,8,1,1,Worm
udp,-,CON,2.9856,32,25,6920,2450,28.6371,14833.67,6564.76,5,0,0.0933,0.1194,0.0093,0.0095,30241,8693588,3951118,35776,0.2916,0.0559,0.0947,173,98,1,4836,4,3,0,0,0,0,0,Normal
udp,http,FIN,6.5662,53,52,30276,6656,23.98635,29509.81,8109.38,0,0,0.1239,0.1263,0.0015,0.0198,64178,7689233,8821765,4678,0.0588,0.0012,0.0641,457,128,0,3171,1,4,0,0,0,0,0,Normal
udp,-,RST,1.452,676,15,125060,135,475.8951,689035.52,743.8,2,3,0.002148,0.0968,0.0985,0.0104,597,372,680,2723,0.008133,0.00269,0.001714,185,9,0,180,84,32,0,0,9,0,1,Analysis
udp,ssl,INT,0.6182,76,59,25365,29618,327.5898,262615.36,383310.75,15,0,0.0081,0.0105,0.0062,0.0135,57302,1102044,8660938,44334,0.0625,0.0647,0.0793,267,502,2,2677,2,2,0,0,1,0,0,Normal
tcp,http,FIN,7.9125,31,57,2828,16530,16.68255,2288.04,16712.89,0,24,0.2552,0.1388,0.0135,0.002,45081,8625483,8496747,36935,0.1813,0.0202,0.0697,73,290,1,830,2,2,0,0,1,0,0,Normal
udp,dns,INT,7.0195,64,32,19280,2432,20.5143,17578.43,2771.7,31,0,0.1097,0.2194,0.0075,0.0039,48430,9062737,7298033,47524,0.0571,0.0429,0.0552,241,76,0,331,2,1,0,0,0,0,0,Normal
udp,ssl,CON,8.1862,64,51,6080,31671,21.07215,4753.39,30950.81,13,0,0.1279,0.1605,0.0035,0.0146,58721,2731672,5374697,43941,0.2389,0.0664,0.0014,76,621,0,2349,2,3,0,0,1,0,0,Normal
tcp,ftp,REQ,0.0223,203,2,31059,18,9173.8698,11119267.19,6444.08,26,8,0.00011,0.011173,0.3544,0.0763,3057,320,163,3361,0.000373,0.00172,0.001998,153,9,0,28,49,41,0,0,9,0,1,Exploit
udp,-,FIN,2.2684,42,17,3465,7633,39.0141,9776.01,26919.29,24,0,0.054,0.1334,0.0048,0.0158,64486,4731824,2167379,63945,0.2061,0.0058,0.0535,66,449,2,3317,3,3,0,0,0,0,0,Normal
tcp,http,INT,7.3535,64,14,12800,6706,15.910800000000002,11140.33,7295.61,50,0,0.1149,0.5252,0.0037,0.0159,57645,8347322,304479,23322,0.0108,0.0058,0.0267,160,479,0,2128,3,1,0,0,1,0,0,Normal
tcp,http,INT,0.8395,67,14,8107,322,96.4808,77251.32,3068.33,39,2,0.012531,0.059968,0.1461,0.0786,1226,48,648,3408,0.003978,0.001272,0.000845,121,23,0,25,99,59,0,0,6,1,1,Generic
tcp,dns,FIN,4.1414,19,58,8668,20764,27.88905,13396.4,40110.01,0,38,0.218,0.0714,0.0199,0.0123,18292,7560196,2789524,61637,0.2316,0.0718,0.0966,365,358,1,4930,2,1,0,0,1,0,0,Normal
udp,-,INT,9.3524,19,25,7220,13850,7.05705,4940.78,11847.26,0,5,0.4922,0.3741,0.0179,0.0062,11212,3236996,5139823,59354,0.0282,0.0479,0.0806,304,554,0,3315,4,3,0,0,0,0,0,Normal
udp,dns,INT,9.5194,34,52,19805,28236,13.551300000000001,13315.16,23729.28,0,17,0.28,0.1831,0.0095,0.0019,57206,2155724,9338677,36477,0.1192,0.0216,0.0444,466,543,2,3047,2,3,0,0,1,0,0,Normal
icmp,http,INT,1.016,790,7,117710,315,784.4271,926824.76,2480.25,20,4,0.001286,0.145147,0.0236,0.0176,2250,125,864,2874,0.00494,0.000285,0.001496,149,45,0,154,53,18,0,0,8,0,1,DoS
udp,ssl,CON,9.2979,66,39,4125,2847,16.939349999999997,2839.35,2449.58,26,0,0.1409,0.2384,0.0118,0.0102,56151,3755477,6891268,19104,0.1035,0.0696,0.0856,50,73,0,293,2,3,0,0,1,0,0,Normal
tcp,http,FIN,8.468,3,14,757,7098,3.0114,572.51,6705.7,0,10,2.8227,0.6049,0.0044,0.0161,45742,1286609,6506112,55200,0.2537,0.0399,0.0146,202,507,0,875,4,2,0,0,1,0,0,Normal
tcp,-,FIN,8.9954,64,48,33040,14208,18.676199999999998,23507.16,12635.81,14,0,0.1406,0.1874,0.0073,0.004,45329,300518,1398900,11149,0.2143,0.0651,0.043,413,296,2,3949,2,2,0,0,1,0,0,Normal
tcp,-,RST,0.8241,596,21,55428,294,748.6663,538049.61,2853.91,37,4,0.001383,0.039244,0.1175,0.0351,3114,445,210,2174,0.000806,0.000935,0.003566,93,14,1,152,90,20,0,0,3,1,1,Generic
icmp,http,CON,0.7095,243,4,41553,220,348.1344,468535.34,2480.63,44,9,0.00292,0.177374,0.3505,0.089,3264,390,922,605,0.009836,0.004495,0.001962,171,55,1,176,31,30,0,0,8,1,1,Shellcode
udp,ssh,CON,1.0709,189,28,20790,2688,202.6373,155311.69,20080.7,8,9,0.005666,0.038246,0.1381,0.0939,3569,728,256,538,0.00819,0.002396,4.9e-05,110,96,1,165,66,61,0,0,3,1,1,Botnet
tcp,dns,INT,3.9077,61,31,31796,465,35.315250000000006,52076.1,951.97,29,0,0.0641,0.1261,0.0088,0.0124,44348,5291360,8513991,28238,0.111,0.0552,0.0253,417,15,1,2994,3,4,0,0,1,0,0,Normal
tcp,dns,FIN,9.6834,19,13,6103,8242,4.9569,4034.1,6809.15,6,0,0.5097,0.7449,0.0042,0.0003,6738,3402225,5436455,18611,0.2054,0.0084,0.0357,257,634,1,2314,3,3,0,0,1,0,0,Normal
udp,http,CON,6.0015,30,45,14700,18675,18.745350000000002,15676.17,24893.92,0,14,0.2,0.1334,0.0098,0.0077,58803,3383692,5064348,1303,0.1698,0.0757,0.0768,392,415,2,4001,3,2,0,0,0,0,0,Normal
icmp,http,CON,0.8386,293,17,51275,901,369.6574,489140.2,8595.13,32,0,0.002862,0.04933,0.2895,0.0499,2564,224,747,3222,0.003234,0.004034,0.003972,175,53,0,86,26,23,0,0,1,0,1,Reconnaissance
udp,-,INT,8.1779,13,44,4631,9724,10.455,3624.42,9512.51,0,30,0.6291,0.1859,0.009,0.012,15273,1692945,5038486,11988,0.2727,0.0143,0.0073,285,221,2,371,3,3,0,0,0,0,0,Normal
tcp,dns,CON,7.0175,27,50,1890,5000,16.458750000000002,1723.68,5700.0,0,23,0.2599,0.1404,0.0007,0.0149,35798,1265492,6123929,44535,0.2466,0.0281,0.0614,56,100,1,1573,3,2,0,0,1,0,0,Normal
udp,http,FIN,3.5926,29,17,9932,442,19.2063,17694.32,984.26,11,0,0.1239,0.2113,0.0054,0.0168,35500,2447816,9626833,28175,0.2093,0.0663,0.062,274,26,2,3026,4,3,0,0,1,0,0,Normal
tcp,dns,INT,3.383,28,25,19495,5900,23.50005,36881.09,13952.2,3,0,0.1208,0.1353,0.0087,0.0128,12516,7756095,7617278,57924,0.2652,0.0141,0.0898,557,236,2,2486,2,2,0,0,0,0,0,Normal
udp,ssl,INT,1.5879,72,30,38970,210,96.35489999999999,157069.77,1058.01,42,0,0.0221,0.0529,0.018,0.0095,5526,5103524,1396089,45258,0.2599,0.0497,0.0083,433,7,1,1196,2,3,0,0,1,0,0,Normal
udp,dns,FIN,9.6195,64,23,38080,5244,13.56615,25335.13,4361.13,40,0,0.1503,0.4182,0.0028,0.0172,37417,7623902,1295203,34381,0.1786,0.0499,0.0451,476,228,0,1559,2,3,0,0,0,0,0,Normal
tcp,-,CON,9.1662,49,50,21253,30350,16.20075,14839.73,26488.6,0,1,0.1871,0.1833,0.0008,0.002,26204,7765901,9083486,4553,0.2745,0.0519,0.0486,347,607,0,4659,1,3,0,0,0,0,0,Normal
icmp,ssh,REQ,0.4243,211,6,16669,114,511.4878,314322.24,2149.66,19,1,0.002011,0.070709,0.4792,0.0146,4028,611,599,572,0.000117,0.003495,0.000289,79,19,1,165,98,37,0,0,1,0,1,Worm
tcp,-,INT,9.5818,46,29,15697,9802,11.7411,10484.93,8183.89,16,0,0.2083,0.3304,0.0154,0.0191,34136,5014122,2208137,54831,0.2043,0.0761,0.0268,273,338,2,3647,1,2,0,0,1,0,0,Normal
tcp,http,CON,4.2418,40,4,29000,1932,15.5595,43755.07,3643.74,36,0,0.106,1.0604,0.0114,0.0075,21970,5977333,2285303,6116,0.0471,0.014,0.0363,580,483,0,4213,4,3,0,0,1,0,0,Normal
udp,-,INT,4.5982,33,2,10436,1074,11.41755,14525.75,1868.57,30,0,0.1393,2.2991,0.0166,0.0168,50459,4091868,6584499,65448,0.1257,0.0599,0.0272,253,537,0,1012,3,2,0,0,1,0,0,Normal
udp,http,INT,2.1054,24,46,16350,27094,49.872150000000005,49701.12,102951.24,0,21,0.0877,0.0458,0.0017,0.0159,51797,9097385,9509889,52812,0.1967,0.0699,0.0332,545,589,2,2727,3,2,0,0,0,0,0,Normal
tcp,-,FIN,4.5159,30,42,18562,6762,23.91525,26306.79,11978.89,0,10,0.1505,0.1075,0.0073,0.006,16177,7710647,476795,38272,0.0515,0.028,0.0267,495,161,0,2955,3,3,0,0,1,0,0,Normal
udp,dns,FIN,7.6382,53,29,5432,6670,16.10325,4551.84,6985.91,23,0,0.1441,0.2634,0.0013,0.0089,55927,5348885,6660335,13126,0.0918,0.0827,0.0695,82,230,2,3462,3,1,0,0,1,0,0,Normal
tcp,-,INT,0.9019,77,42,7218,20160,197.91585000000003,51225.29,178822.84,35,0,0.0117,0.0215,0.0114,0.0178,29819,9657942,7558420,17120,0.1488,0.0645,0.0273,75,480,1,691,1,1,0,0,1,0,0,Normal
tcp,-,CON,5.123,67,12,42126,1728,23.131050000000002,52627.18,2698.43,55,0,0.0765,0.4269,0.0008,0.0056,50289,5225092,1706266,4346,0.0248,0.0746,0.0596,503,144,1,389,2,3,0,0,0,0,0,Normal
tcp,-,INT,2.6415,59,54,22198,13554,64.16745,53784.0,41048.95,3,0,0.0448,0.0489,0.0193,0.0043,44079,5757806,1878392,13644,0.2517,0.0267,0.0191,301,251,2,705,2,4,0,0,0,0,0,Normal
tcp,http,CON,3.2104,6,49,4185,14749,25.698,8342.96,36753.36,0,41,0.5351,0.0655,0.0132,0.0012,13957,1834102,9372381,59915,0.1799,0.0443,0.0169,558,301,2,4791,4,4,0,0,1,0,0,Normal
tcp,dns,FIN,7.6016,36,46,17955,15502,16.1808,15116.78,16314.42,0,8,0.2112,0.1653,0.005,0.0002,13014,6587871,927498,23749,0.0187,0.0974,0.0672,399,337,1,1782,4,4,0,0,0,0,0,Normal
udp,-,FIN,3.4621,46,58,11787,34452,45.05985,21790.47,79610.32,0,12,0.0753,0.0597,0.0035,0.0148,22452,8505806,1434818,24954,0.2542,0.0849,0.0028,205,594,1,87,2,1,0,0,1,0,0,Normal
tcp,dns,INT,9.9087,48,28,13920,6804,11.504999999999999,8990.88,5493.35,19,0,0.2064,0.3539,0.0043,0.0002,51206,6115420,4545838,48264,0.2785,0.0395,0.0991,232,243,1,3866,4,2,0,0,1,0,0,Normal
tcp,dns,FIN,0.4487,34,24,11135,6360,193.9032,158831.27,113399.96,8,0,0.0132,0.0187,0.0028,0.0096,19580,1836597,8029830,26792,0.1923,0.0819,0.0148,262,265,2,3678,1,2,0,0,1,0,0,Normal
tcp,ssh,CON,0.8445,196,17,29988,1003,252.2172,284074.76,9501.37,39,9,0.004309,0.049677,0.2542,0.0942,2045,40,124,2130,0.006092,0.003074,0.003568,153,59,0,26,46,69,0,0,4,1,1,Worm
udp,http,CON,1.4094,33,41,7466,29520,78.75615,33903.49,167559.16,0,7,0.0427,0.0344,0.0044,0.0092,52389,1666759,1610355,29547,0.2194,0.0133,0.0452,181,720,0,4949,3,2,0,0,0,0,0,Normal
udp,-,CON,2.9583,58,10,37627,2970,34.4796,81404.48,8031.74,47,0,0.051,0.2958,0.0152,0.0083,12792,9467611,9190275,57412,0.2226,0.0622,0.0707,519,297,2,3973,1,1,0,0,0,0,0,Normal
udp,dns,FIN,2.6045,10,35,1862,1225,25.9167,4576.69,3762.72,0,24,0.2604,0.0744,0.0027,0.0167,1627,5074537,2764470,44823,0.1676,0.033,0.0334,149,35,2,1963,2,3,0,0,0,0,0,Normal
udp,ssl,CON,9.4172,9,49,3712,12593,9.23835,2523.03,10697.82,0,39,1.0464,0.1922,0.0182,0.0015,25465,2857619,6541731,59555,0.1043,0.0947,0.0495,330,257,0,4910,2,2,0,0,0,0,0,Normal
tcp,http,INT,9.9013,50,58,17750,4350,16.36155,11473.28,3514.7,0,8,0.198,0.1707,0.0138,0.0124,29628,8679089,4344449,1060,0.1375,0.0142,0.0575,284,75,1,2187,1,2,0,0,1,0,0,Normal
tcp,-,CON,0.371,438,11,35040,902,1210.1576,755526.45,19448.77,16,3,0.000847,0.03373,0.2847,0.022,2629,165,946,1182,0.002486,8.2e-05,0.002487,80,82,0,10,72,36,0,0,8,0,1,Reconnaissance
icmp,http,CON,0.855,414,25,70380,2325,513.4636,658543.38,21754.95,0,7,0.002065,0.034199,0.4384,0.0396,2635,529,365,1060,0.003137,0.001073,0.003689,170,93,1,184,79,75,0,2,5,1,1,Backdoor
tcp,ssl,FIN,4.3587,66,7,31102,2828,25.122300000000003,45668.82,5190.56,57,0,0.066,0.6227,0.0092,0.0171,39921,9836501,2230188,44641,0.2947,0.0445,0.0597,377,404,2,2528,2,4,0,0,1,0,0,Normal
udp,http,FIN,7.2997,29,29,21206,12528,11.91825,18592.49,13729.84,0,0,0.2517,0.2517,0.0061,0.006,4142,6915849,5757531,29717,0.1361,0.0507,0.069,585,432,2,2514,2,1,0,0,0,0,0,Normal
udp,dns,FIN,4.4752,57,18,36765,11340,25.138350000000003,52577.33,20271.56,38,0,0.0785,0.2486,0.0114,0.0103,43569,5827877,547119,51115,0.2131,0.0826,0.0083,516,630,2,1130,3,1,0,0,1,0,0,Normal
udp,http,INT,4.5626,73,42,14873,6132,37.80735,20863.52,10751.75,31,0,0.0625,0.1086,0.0045,0.0187,33598,320166,9138160,1249,0.1648,0.0473,0.093,163,146,2,4863,1,2,0,0,1,0,0,Normal
udp,dns,INT,0.2664,32,1,16240,761,185.80095,390129.48,22851.64,30,0,0.0083,0.2664,0.0184,0.016,44743,2029521,2070068,26942,0.2773,0.0351,0.0301,406,761,2,2904,2,2,0,0,1,0,0,Normal
udp,dns,FIN,4.4169,45,15,31106,7275,20.376450000000002,45072.75,13176.78,29,0,0.0982,0.2945,0.0168,0.0166,16449,2947406,1866404,33882,0.1556,0.0464,0.0123,553,485,1,4411,2,1,0,0,1,0,0,Normal
tcp,http,REQ,0.1177,584,6,100448,18,5014.8377,6830242.95,1223.96,41,4,0.000201,0.019608,0.0321,0.0855,2522,817,927,3358,0.0059,0.004351,0.000412,172,3,1,181,55,19,0,0,3,0,1,Shellcode
udp,http,FIN,6.6745,53,21,24380,6405,16.63035,23377.19,7676.93,30,0,0.1259,0.3178,0.0125,0.0101,7853,7094486,4624694,43405,0.2103,0.0255,0.051,368,305,0,2540,3,2,0,0,1,0,0,Normal
udp,dns,INT,4.4407,11,25,2282,10300,12.1602,3289.58,18555.67,0,12,0.4037,0.1776,0.0175,0.0091,13616,8835652,7804390,9514,0.2578,0.0262,0.0771,166,412,2,2326,3,2,0,0,1,0,0,Normal
tcp,ftp,CON,0.185,103,24,12772,2064,686.6225,552412.16,89271.74,27,7,0.001796,0.007707,0.3964,0.0067,650,210,502,1038,0.002991,0.002424,0.004119,124,86,0,80,41,14,0,0,1,0,1,Shellcode
udp,ssl,FIN,4.4497,28,39,19845,15522,22.58595,28543.25,27906.79,0,10,0.1589,0.1141,0.0109,0.0115,20729,9676958,2838162,24570,0.1556,0.0426,0.088,567,398,0,4640,1,1,0,0,1,0,0,Normal
udp,dns,INT,4.5393,61,53,14258,15052,37.670550000000006,20103.33,26527.16,6,0,0.0744,0.0856,0.0093,0.01,61086,5608007,2804515,60690,0.1201,0.0289,0.0755,187,284,2,3697,1,2,0,0,0,0,0,Normal
udp,http,CON,7.5624,16,36,3580,26028,10.31415,3029.73,27534.12,0,18,0.4727,0.2101,0.0119,0.0081,30768,198059,4939949,56192,0.0402,0.0059,0.0458,179,723,0,1833,4,1,0,0,0,0,0,Normal
tcp,ftp,INT,1.3899,301,22,22575,1584,232.3892,129936.5,9117.14,34,5,0.004618,0.063178,0.0942,0.0383,2896,918,918,3908,0.005838,0.003901,0.000136,75,72,0,136,44,13,0,0,0,1,1,Exploit
udp,dns,CON,9.1463,64,24,31120,8520,14.432099999999998,21775.89,7452.22,38,0,0.1429,0.3811,0.0165,0.0176,6499,4691904,438035,42251,0.1767,0.0664,0.0462,389,355,0,1388,2,1,0,0,1,0,0,Normal
tcp,dns,CON,4.9226,46,32,25472,24576,23.76795,33117.53,39939.95,12,0,0.107,0.1538,0.0043,0.0153,21331,7077581,5783487,12281,0.0071,0.0774,0.0326,443,768,1,3753,3,1,0,0,1,0,0,Normal
udp,-,FIN,5.0667,67,18,26548,4176,25.16415,33534.75,6593.58,49,0,0.0756,0.2815,0.0068,0.0089,63597,1690930,5751384,8182,0.0053,0.0308,0.0673,317,232,1,3678,3,2,0,0,1,0,0,Normal
udp,ssl,FIN,0.1691,29,21,11708,2415,443.39789999999994,443019.58,114219.31,8,0,0.0058,0.0081,0.0055,0.0041,26243,2542215,5647862,47286,0.152,0.0144,0.0858,323,115,1,2483,1,2,0,0,1,0,0,Normal
tcp,ssh,REQ,1.1488,345,17,46575,1615,315.0998,324326.44,11246.1,8,8,0.00333,0.067579,0.411,0.0767,979,6,255,377,0.006069,0.001054,0.00494,135,95,0,153,25,24,0,0,7,0,1,Generic
tcp,-,FIN,2.8496,57,27,5058,5967,44.21655,11361.54,16751.75,30,0,0.05,0.1055,0.0141,0.0134,52075,2972502,8583925,63863,0.0667,0.0506,0.018,71,221,0,463,4,4,0,0,1,0,0,Normal
udp,-,CON,8.6663,18,46,2925,20562,11.07735,2160.08,18981.03,0,27,0.4815,0.1884,0.0085,0.0093,12990,4902621,601830,62348,0.2137,0.025,0.0429,130,447,0,3167,3,3,0,0,1,0,0,Normal
udp,-,CON,1.8271,57,57,14036,22059,93.5934,49167.77,96588.46,0,0,0.0321,0.0321,0.0196,0.0191,8883,3088748,5298814,35211,0.2871,0.0151,0.088,197,387,0,3649,2,4,0,0,0,0,0,Normal
udp,-,FIN,8.826,4,28,2955,13076,5.43855,2142.77,11852.3,0,24,2.2065,0.3152,0.0132,0.016,36266,2838890,2342987,16307,0.0478,0.0261,0.0948,591,467,0,4432,2,4,0,0,1,0,0,Normal
tcp,ssl,CON,5.973,27,53,3847,39591,20.09055,4122.57,53026.91,0,25,0.2212,0.1127,0.0049,0.0094,31637,3574500,7570266,60615,0.1817,0.0447,0.0755,114,747,0,3220,1,1,0,0,1,0,0,Normal
udp,-,CON,0.073,389,22,42401,1540,5630.9906,4647389.44,168792.71,5,0,0.000188,0.003318,0.0417,0.0399,2628,952,251,3588,0.009987,0.001188,0.00382,109,70,0,66,63,52,0,2,8,1,1,Backdoor
udp,-,INT,5.7914,47,48,12455,528,24.60525,13763.78,729.35,0,0,0.1232,0.1207,0.0085,0.0147,65328,694608,8589720,6382,0.1417,0.0145,0.0897,212,11,1,4370,3,1,0,0,1,0,0,Normal
udp,dns,FIN,3.9698,10,0,6900,0,3.7785,11124.01,0.0,10,0,0.397,3.9698,0.006,0.0119,45963,7356365,9703786,12486,0.0481,0.0771,0.0573,552,0,1,2401,1,2,0,0,0,0,0,Normal
udp,ssl,INT,3.6719,32,2,21240,1292,13.889249999999999,37020.66,2814.89,30,0,0.1147,1.8359,0.0129,0.0074,55463,1237719,7314694,17644,0.0797,0.0621,0.0701,531,646,0,4770,2,2,0,0,0,0,0,Normal
udp,http,INT,2.0014,39,41,14235,22878,59.9595,45521.23,91450.19,0,2,0.0513,0.0488,0.0153,0.0019,17731,3587581,434808,25100,0.1521,0.0323,0.0952,292,558,1,3419,4,3,0,0,1,0,0,Normal
tcp,dns,FIN,3.1203,33,10,11797,1520,20.6709,24197.49,3897.03,22,0,0.0946,0.312,0.0033,0.0028,22923,1340223,4057950,32190,0.2049,0.01,0.0346,286,152,1,735,1,1,0,0,1,0,0,Normal
icmp,http,REQ,1.0594,585,28,114660,2156,578.6246,865841.38,16280.78,11,2,0.001811,0.037836,0.1133,0.0949,3505,534,607,3920,0.004906,0.004341,0.002369,196,77,0,36,81,73,0,0,5,0,1,Worm
udp,ssl,INT,9.6224,67,58,34672,18908,19.485750000000003,23061.16,15719.97,8,0,0.1436,0.1659,0.0186,0.017,6248,6311138,7607179,4179,0.0731,0.0928,0.0762,414,326,1,4328,1,2,0,0,1,0,0,Normal
icmp,ssh,REQ,0.4445,415,5,50215,125,944.9027,903776.97,2249.77,36,5,0.001071,0.088898,0.4478,0.0677,1988,336,471,1102,0.002171,0.00272,0.004469,121,25,0,196,36,16,0,0,8,0,1,Generic
tcp,-,CON,6.6855,17,41,2698,17466,13.01325,2583.5,20900.11,0,22,0.3933,0.1631,0.0159,0.0084,59889,2220057,4286758,51611,0.0478,0.0546,0.0641,127,426,2,1484,1,1,0,0,0,0,0,Normal
tcp,ssh,INT,0.2909,96,20,16800,680,398.7146,461958.97,18698.34,28,1,0.003031,0.014547,0.2215,0.0107,3920,665,898,1580,0.001274,0.002455,0.004854,175,34,0,153,72,18,0,0,3,0,1,Shellcode
udp,ssl,CON,1.2944,2,22,282,12628,27.813000000000002,1396.83,78049.47,0,19,0.6472,0.0588,0.0058,0.0048,37473,8017775,2506825,44531,0.0376,0.0609,0.0243,113,574,1,4521,4,4,0,0,0,0,0,Normal
udp,ssl,FIN,5.7963,32,0,15720,0,8.2812,17357.39,0.0,32,0,0.1811,5.7963,0.0063,0.0046,50419,606571,6810838,1597,0.2576,0.0475,0.0568,393,0,1,4630,1,2,0,0,0,0,0,Normal
udp,-,CON,7.7411,47,44,20680,16236,17.6331,17097.25,16778.95,1,0,0.1647,0.1759,0.0032,0.0067,1823,585767,2711762,48592,0.1561,0.0009,0.0478,352,369,1,4927,4,2,0,0,0,0,0,Normal
udp,http,CON,0.6167,173,8,25604,8,293.5031,332148.23,103.78,26,7,0.003565,0.077086,0.3686,0.0754,1425,592,452,3803,0.005478,0.002937,0.004118,148,1,1,188,81,40,0,0,1,0,1,DoS
tcp,ssl,FIN,2.7474,21,45,4331,14265,36.03435,10089.63,41537.84,0,24,0.1308,0.0611,0.0016,0.0191,5574,3484094,1518871,55388,0.2423,0.0258,0.0038,165,317,0,2574,2,1,0,0,1,0,0,Normal
udp,dns,INT,2.6728,24,22,11430,4092,25.8159,27369.34,12247.96,0,0,0.1114,0.1215,0.0043,0.0093,42038,6674643,5973917,52493,0.2255,0.0664,0.0303,381,186,1,2382,3,1,0,0,1,0,0,Normal
udp,http,FIN,3.0386,72,55,17460,41635,62.6925,36774.35,109614.85,16,0,0.0422,0.0552,0.0198,0.0175,11755,6348567,1792784,33501,0.0502,0.081,0.045,194,757,1,2616,2,1,0,0,0,0,0,Normal
icmp,ftp,REQ,0.5953,416,11,67392,594,717.2548,905615.65,7982.19,6,7,0.001431,0.05412,0.3443,0.0625,1194,791,808,586,0.0007,0.004319,0.002815,162,54,1,84,33,33,0,0,5,0,1,Exploit
udp,http,CON,6.7494,40,2,5500,110,9.33405,5215.24,130.38,37,0,0.1687,3.3747,0.0108,0.0119,6668,4863886,4174118,5209,0.0446,0.0359,0.0174,110,55,1,90,2,1,0,0,0,0,0,Normal
tcp,ftp,INT,0.0871,156,20,23088,1180,2020.9286,2120872.71,108395.26,3,7,0.000558,0.004354,0.1016,0.0967,2021,780,948,1907,0.006364,0.002576,0.004963,148,59,0,191,69,27,0,0,1,1,1,Generic
icmp,ftp,REQ,0.5921,799,5,68714,235,1357.8781,928410.33,3175.14,49,0,0.000741,0.11842,0.2045,0.0247,1141,810,225,3158,0.008867,0.001104,0.003295,86,47,1,14,45,14,0,0,0,1,1,Analysis
udp,-,CON,4.1366,12,11,6780,4202,8.3403,10489.86,8126.55,0,0,0.3447,0.3761,0.018,0.0168,64869,9378661,6608575,23055,0.2569,0.0664,0.0581,452,382,1,3889,3,4,0,0,0,0,0,Normal
udp,http,FIN,5.5981,22,21,14932,903,11.521799999999999,17071.65,1290.45,1,0,0.2545,0.2666,0.0113,0.0081,26787,1124067,2359428,63507,0.2224,0.0685,0.0294,543,43,2,4130,3,3,0,0,0,0,0,Normal
tcp,http,FIN,4.7611,52,56,26390,15792,34.02555,35473.93,26534.87,0,2,0.0916,0.085,0.0116,0.0161,16787,1331580,7416682,43954,0.1199,0.0234,0.0343,406,282,0,103,1,4,0,0,0,0,0,Normal
tcp,-,CON,1.5832,43,39,8707,27183,77.69205,35200.16,137359.47,3,0,0.0368,0.0406,0.0159,0.0092,28920,4191741,5854242,50029,0.2618,0.002,0.0281,162,697,1,1901,4,3,0,0,0,0,0,Normal
udp,-,FIN,4.0519,55,44,3300,12584,36.6492,5212.32,24845.41,11,0,0.0737,0.0921,0.0093,0.0098,57672,3311019,8303444,38493,0.0993,0.0724,0.0164,48,286,2,3775,4,1,0,0,1,0,0,Normal
tcp,http,CON,0.7396,404,4,34744,208,551.6534,375816.58,2249.88,33,2,0.001831,0.184899,0.4128,0.0195,3010,144,717,816,0.009235,0.004704,0.001462,86,52,1,161,85,34,1,2,2,0,1,Backdoor
icmp,http,CON,0.3507,115,8,10695,160,350.6913,243944.26,3649.47,2,1,0.00305,0.043842,0.1292,0.0776,599,157,588,1200,0.005897,0.003252,0.0005,93,20,0,122,98,79,0,0,7,1,1,Generic
tcp,ssl,FIN,2.2728,1,53,175,24592,35.6382,492.78,86559.47,0,50,2.2728,0.0429,0.0119,0.0054,40497,5735867,2053922,2027,0.1782,0.0441,0.0945,140,464,0,1098,1,4,0,0,1,0,0,Normal
udp,http,INT,0.9182,525,17,45150,1479,590.2647,393364.58,12885.63,38,0,0.001749,0.054014,0.499,0.0463,345,761,212,1347,0.000277,0.002698,1e-06,86,87,0,37,34,32,0,0,8,1,1,Generic
udp,ssl,FIN,8.574,40,48,13100,24096,15.3954,9778.4,22482.85,0,8,0.2144,0.1786,0.0112,0.0012,28594,2312897,4694994,34283,0.194,0.0097,0.0827,262,502,1,1628,2,4,0,0,1,0,0,Normal
udp,dns,INT,5.8652,2,4,820,1096,1.5345,894.77,1494.92,0,1,2.9326,1.4663,0.0112,0.001,22739,3758455,7884364,3080,0.1018,0.0928,0.0978,328,274,2,4724,3,4,0,0,0,0,0,Normal
tcp,-,FIN,5.6055,46,27,30820,8586,19.53435,35188.28,12253.67,19,0,0.1219,0.2076,0.0079,0.0051,5295,6077122,9904172,47741,0.2642,0.0819,0.0294,536,318,0,1762,2,1,0,0,0,0,0,Normal
tcp,-,CON,5.7366,74,26,20812,9490,26.148149999999998,23219.52,13234.43,47,0,0.0775,0.2206,0.0065,0.0138,45153,7277732,3017675,62121,0.2061,0.0636,0.0876,225,365,0,205,3,4,0,0,0,0,0,Normal
tcp,dns,CON,5.8277,23,3,4916,612,6.69225,5399.06,840.13,20,0,0.2534,1.9426,0.0174,0.0143,21091,5697916,5430640,43268,0.2359,0.0776,0.0041,171,204,1,3245,4,4,0,0,1,0,0,Normal
tcp,-,REQ,0.3578,708,25,33984,1500,2048.7815,759899.47,33540.76,47,6,0.000505,0.014311,0.1695,0.0647,1642,860,973,82,0.00517,0.000389,0.000247,48,60,0,87,88,56,0,0,8,0,1,Exploit
tcp,-,CON,3.6179,11,8,5183,1064,7.877549999999999,9170.01,2352.76,2,0,0.3289,0.4522,0.0115,0.0134,49752,9625624,4241562,28320,0.2358,0.0201,0.0057,377,133,2,2593,4,3,0,0,0,0,0,Normal
tcp,http,CON,8.3146,12,34,6030,15028,8.2986,4641.45,14459.3,0,22,0.6929,0.2445,0.0039,0.0155,37591,6469002,7439444,8370,0.1456,0.0822,0.0633,402,442,2,3612,3,1,0,0,0,0,0,Normal
tcp,ssl,CON,5.9509,21,4,4725,2724,6.30165,5081.63,3662.0,17,0,0.2834,1.4877,0.0154,0.003,47867,7106611,3009987,32810,0.2063,0.0613,0.0586,180,681,2,2714,4,1,0,0,0,0,0,Normal
udp,dns,INT,8.6074,67,23,9380,13800,15.684149999999999,6974.43,12826.12,42,0,0.1285,0.3742,0.0185,0.0102,50191,3850497,6002520,1877,0.0601,0.0534,0.0576,112,600,1,4607,2,1,0,0,1,0,0,Normal
udp,dns,INT,6.0201,20,40,9425,25920,14.95005,10019.84,34444.85,0,19,0.301,0.1505,0.0103,0.0168,60584,9819668,2191976,60733,0.1135,0.0903,0.0177,377,648,0,3228,4,3,0,0,0,0,0,Normal
tcp,http,CON,4.1071,11,30,5678,6120,14.974049999999998,8849.09,11920.85,0,18,0.3734,0.1369,0.0088,0.0014,63638,9644448,9574957,667,0.1976,0.0039,0.0446,413,204,2,38,3,4,0,0,1,0,0,Normal
tcp,dns,INT,8.9339,21,2,11208,1354,3.86175,8029.64,1212.46,17,0,0.4254,4.467,0.0153,0.0189,61684,250236,2295120,26300,0.0622,0.0562,0.0249,427,677,2,1674,1,1,0,0,1,0,0,Normal
tcp,ftp,INT,1.1418,520,8,56680,336,462.4343,397132.95,2354.21,5,1,0.002196,0.142723,0.1317,0.0286,305,165,533,2162,0.009981,0.001203,0.003413,109,42,1,182,71,49,0,0,6,1,1,Shellcode
tcp,dns,FIN,3.7158,79,48,21231,13488,51.26775,36568.33,29039.37,29,0,0.047,0.0774,0.0132,0.0042,2017,1285992,4807648,56918,0.0656,0.0024,0.0271,215,281,2,918,2,2,0,0,1,0,0,Normal
udp,ssl,INT,6.8469,6,39,1260,3081,9.858450000000001,1177.75,3599.86,0,32,1.1412,0.1756,0.0003,0.0181,6438,9188758,1429863,25015,0.2077,0.0438,0.0616,168,79,0,1934,4,3,0,0,0,0,0,Normal
tcp,dns,CON,9.1674,19,29,12041,22881,7.8538499999999996,8406.28,19967.21,0,8,0.4825,0.3161,0.019,0.0012,41155,9061376,6652007,30272,0.2619,0.0077,0.0493,507,789,2,4037,1,3,0,0,1,0,0,Normal
udp,ssl,CON,1.0144,41,51,16143,8160,136.0371,101850.38,64351.46,0,9,0.0247,0.0199,0.0153,0.009,5584,440796,1279774,40983,0.0379,0.0361,0.0263,315,160,0,2124,1,2,0,0,0,0,0,Normal
tcp,dns,CON,5.8449,26,14,13520,4438,10.2654,14804.01,6074.35,10,0,0.2248,0.4175,0.0146,0.0117,30738,5027414,4793424,65326,0.1878,0.0879,0.0606,416,317,1,4813,2,1,0,0,1,0,0,Normal
tcp,ssl,INT,8.2882,78,23,43387,14697,18.279,33503.08,14185.96,55,0,0.1063,0.3604,0.0059,0.0108,16353,6409109,7857662,21814,0.1837,0.0783,0.0063,445,639,0,4486,3,1,0,0,0,0,0,Normal
udp,dns,CON,7.1728,53,51,31137,14535,21.74895,27782.81,16211.28,2,0,0.1353,0.1406,0.0039,0.0114,55993,1833968,4593177,34599,0.2904,0.0804,0.0987,470,285,0,1413,1,2,0,0,0,0,0,Normal
udp,-,FIN,7.6935,77,55,39943,17380,25.73595,33227.94,18072.34,20,0,0.0999,0.1399,0.0167,0.0015,55458,5325877,1319770,56937,0.2464,0.0778,0.0361,415,316,2,492,3,3,0,0,1,0,0,Normal
udp,ssl,CON,7.7979,73,7,51008,2387,15.3888,41864.64,2448.87,65,0,0.1068,1.114,0.002,0.0178,36490,4978762,977097,41623,0.0778,0.041,0.0419,559,341,2,2503,1,2,0,0,1,0,0,Normal
udp,ssh,INT,1.3328,626,25,96404,50,488.4352,578643.46,300.11,30,3,0.002129,0.053313,0.3387,0.0119,3417,789,49,639,0.009507,0.004651,0.003631,154,2,0,68,42,72,0,0,9,1,1,Reconnaissance
udp,http,CON,0.4652,192,25,27648,800,466.4559,475449.71,13757.23,17,9,0.002423,0.018608,0.3745,0.0373,3632,911,195,2317,0.002971,0.002438,0.002951,144,32,1,180,39,27,1,1,7,0,1,Backdoor
udp,ssl,CON,3.637,32,33,12960,4125,26.8077,22805.47,9073.36,0,0,0.1137,0.1102,0.0043,0.0187,4164,3738021,5296620,37273,0.1192,0.0446,0.018,324,125,1,2130,3,3,0,0,1,0,0,Normal
tcp,ssl,INT,1.545,74,29,48007,19778,100.00110000000001,198868.18,102411.47,43,0,0.0209,0.0533,0.0106,0.0111,23071,9297544,1192241,2298,0.0103,0.0656,0.0805,519,682,0,2608,2,4,0,0,1,0,0,Normal
icmp,ssh,RST,1.3715,116,20,6148,380,99.1638,35862.3,2216.6,12,5,0.011823,0.068573,0.1504,0.0896,179,371,923,1212,0.007109,0.003697,0.000295,53,19,0,118,83,62,0,0,2,0,1,Shellcode
udp,-,INT,0.893,688,7,108704,672,778.2443,973793.05,6019.92,38,3,0.001298,0.127577,0.1539,0.0915,2723,830,418,3662,0.005216,0.00185,0.000536,158,96,0,152,29,10,0,0,6,1,1,DoS
udp,http,INT,1.4544,501,16,34068,80,355.4763,187394.46,440.05,13,1,0.002903,0.090899,0.2214,0.0175,1070,983,430,638,0.00257,0.002983,0.003872,68,5,0,36,55,25,0,0,4,1,1,Botnet
udp,http,CON,4.2941,20,7,10950,3612,9.4314,16319.92,6729.17,13,0,0.2147,0.6134,0.004,0.0132,62740,346130,9248816,37713,0.1913,0.0597,0.0164,438,516,2,3145,4,3,0,0,1,0,0,Normal
icmp,ftp,CON,1.1467,88,14,6688,1218,88.9535,46660.45,8497.67,24,4,0.01303,0.081905,0.4855,0.0137,3416,311,628,3094,0.009216,0.001998,0.003343,76,87,1,74,87,31,0,0,9,1,1,Exploit
tcp,ssl,CON,5.1244,66,58,14437,25172,36.2967,18031.28,39297.27,6,0,0.0776,0.0884,0.0166,0.0164,33054,3636670,9331574,31800,0.0882,0.0053,0.0979,175,434,0,3441,1,2,0,0,1,0,0,Normal
udp,http,CON,8.7084,62,20,3797,4800,14.1243,2790.88,4409.56,41,0,0.1405,0.4354,0.0166,0.003,48644,8908024,8113052,32773,0.2084,0.0468,0.0799,49,240,1,3729,3,2,0,0,1,0,0,Normal
udp,-,FIN,5.2072,1,58,225,15544,16.9959,276.54,23880.98,0,57,5.2072,0.0898,0.0155,0.0055,60759,8606131,6243153,9408,0.1814,0.0414,0.0209,180,268,2,4547,1,1,0,0,0,0,0,Normal
udp,http,CON,4.0732,4,12,2690,7224,5.8923,4226.7,14188.51,0,7,1.0183,0.3394,0.0153,0.009,51408,1391964,9569901,34105,0.0587,0.0473,0.0237,538,602,2,826,4,2,0,0,1,0,0,Normal
icmp,-,RST,1.286,138,29,11868,1334,129.8604,73829.15,8298.63,13,5,0.009319,0.044345,0.193,0.0507,3570,34,720,671,0.009553,0.000576,0.002626,86,46,0,6,44,79,0,0,4,1,1,Shellcode
udp,ssh,CON,0.3611,140,9,27160,117,412.6745,601784.63,2592.37,17,5,0.002579,0.040118,0.4498,0.0785,1431,269,723,1010,0.004693,0.003101,0.001082,194,13,0,143,29,73,0,0,8,1,1,Shellcode
udp,http,CON,7.4217,49,35,33687,3395,16.977149999999998,29049.78,3659.52,14,0,0.1515,0.212,0.0121,0.0039,36763,8713415,1388988,60241,0.1483,0.0402,0.0975,550,97,1,4563,4,4,0,0,1,0,0,Normal
tcp,-,INT,9.5697,43,9,21661,1206,8.1507,14486.56,1008.18,34,0,0.2226,1.0633,0.0003,0.0181,56517,1381572,8767848,34860,0.2698,0.0577,0.036,403,134,1,2099,2,3,0,0,1,0,0,Normal
tcp,dns,CON,7.7609,67,56,24790,5432,23.773049999999998,20443.01,5599.36,9,0,0.1158,0.1386,0.002,0.0081,6814,3989225,9567359,25616,0.2734,0.0989,0.0406,296,97,0,1676,3,4,0,0,0,0,0,Normal
tcp,dns,INT,5.7298,41,50,9327,650,23.823,10418.58,907.54,0,7,0.1398,0.1146,0.0047,0.0016,42810,582068,9035910,54815,0.0952,0.0434,0.0645,182,13,1,2027,1,1,0,0,1,0,0,Normal
tcp,-,INT,0.063,150,14,11250,1358,2602.5942,1428252.93,172406.0,21,0,0.00042,0.004501,0.3733,0.0397,157,390,133,1272,0.006118,0.000959,0.000718,75,97,1,6,21,67,0,0,0,1,1,Botnet
icmp,ssh,RST,1.3177,635,25,54610,1775,500.8548,331535.5,10775.97,5,1,0.002075,0.05271,0.3236,0.0953,876,529,35,111,0.00534,0.002737,0.002201,86,71,0,110,94,56,0,0,6,1,1,Exploit
tcp,-,CON,4.5084,27,28,7796,21644,18.2994,11067.44,38406.86,0,0,0.167,0.161,0.0089,0.0126,1373,6664992,1229006,29161,0.0296,0.0101,0.0625,231,773,2,4230,1,2,0,0,0,0,0,Normal
udp,http,INT,3.6846,7,36,3788,15048,17.50515,6580.86,32671.99,0,28,0.5264,0.1024,0.0094,0.0016,55479,6166616,8511193,32389,0.1346,0.0959,0.0864,433,418,0,4088,1,2,0,0,0,0,0,Normal
tcp,-,INT,0.5561,33,40,16623,14520,196.90500000000003,191316.13,208881.13,0,5,0.0169,0.0139,0.0045,0.0114,51168,1173258,2570878,18743,0.0832,0.0788,0.0988,403,363,0,4332,1,4,0,0,0,0,0,Normal
tcp,ftp,CON,1.2623,778,17,115922,748,629.7898,734656.52,4740.46,35,3,0.001623,0.074254,0.4964,0.0325,3303,243,548,466,0.007365,0.004535,0.001367,149,44,1,77,92,63,0,0,6,0,1,Worm
icmp,ftp,INT,0.4299,320,21,40960,0,793.1267,762145.92,0.0,7,4,0.001344,0.020474,0.2332,0.0792,1884,150,776,1637,0.004026,0.004039,0.002084,128,0,1,8,27,56,0,0,6,1,1,Exploit
icmp,-,CON,0.3184,518,6,95830,486,1645.9361,2408092.43,12212.59,2,1,0.000615,0.05306,0.1019,0.0283,1444,669,599,1433,0.000446,0.001198,0.001585,185,81,0,104,43,76,0,0,1,0,1,Shellcode
tcp,http,INT,2.8674,17,15,6353,11085,16.74015,14181.64,30927.31,0,0,0.1687,0.1912,0.0197,0.007,61718,8236515,2429606,55430,0.1753,0.0458,0.0753,299,739,1,3463,3,3,0,0,1,0,0,Normal
icmp,ftp,INT,0.1038,245,15,29645,495,2504.4561,2284449.28,38144.79,14,6,0.000424,0.006921,0.0545,0.0251,2043,706,216,202,0.008212,0.004671,0.00137,121,33,0,195,97,48,0,0,8,1,1,Shellcode
tcp,dns,CON,0.9683,68,26,6800,16562,145.61145,44943.33,136829.3,42,0,0.0142,0.0372,0.019,0.0167,40602,5301632,5132867,18568,0.2201,0.0618,0.0497,80,637,0,1003,4,4,0,0,1,0,0,Normal
tcp,-,FIN,8.226,24,2,7140,32,4.7410499999999995,5555.04,31.12,20,0,0.3428,4.113,0.0189,0.0178,39413,113002,7115200,2620,0.2554,0.098,0.0908,238,16,2,742,3,2,0,0,0,0,0,Normal
tcp,-,CON,1.3106,18,33,2452,13332,58.36965,11976.08,81378.72,0,14,0.0728,0.0397,0.0058,0.0116,32420,372458,2325709,15073,0.0262,0.0424,0.0536,109,404,2,3161,4,4,0,0,1,0,0,Normal
udp,http,CON,0.4209,303,5,23634,260,731.8229,449244.2,4942.18,35,6,0.001389,0.084173,0.1657,0.0364,498,960,468,1925,0.004481,0.001251,0.002202,78,52,0,54,51,37,0,0,0,0,1,Worm
tcp,http,INT,1.9002,23,1,11988,360,18.9456,40379.27,1515.64,22,0,0.0826,1.9002,0.003,0.0022,24405,3178282,2239698,56680,0.0374,0.0213,0.0162,417,360,0,204,3,4,0,0,0,0,0,Normal
tcp,-,CON,1.5389,63,51,42840,35088,111.12044999999999,178167.0,182409.07,12,0,0.0244,0.0302,0.0112,0.01,53852,4940861,7807480,18436,0.2552,0.0451,0.0463,544,688,0,3090,4,2,0,0,1,0,0,Normal
tcp,ssl,CON,9.4258,46,39,19435,22152,13.526699999999998,13196.17,18801.23,5,0,0.2049,0.2417,0.0098,0.0195,37145,7913434,1234850,20363,0.0895,0.0335,0.0535,338,568,0,3991,2,3,0,0,0,0,0,Normal
tcp,-,CON,6.889,23,40,1552,24280,13.7175,1442.29,28195.55,0,17,0.2995,0.1722,0.0155,0.0173,62689,7756011,4727742,30997,0.0078,0.0135,0.0548,54,607,0,2391,4,2,0,0,0,0,0,Normal
udp,http,FIN,3.5435,1,17,708,2601,7.61955,1280.09,5872.15,0,16,3.5435,0.2084,0.0095,0.0144,55403,5644429,4402312,47833,0.0133,0.0883,0.053,567,153,2,3006,3,2,0,0,1,0,0,Normal
udp,dns,INT,5.3192,55,30,9487,10590,23.9697,11415.25,15927.2,23,0,0.0967,0.1773,0.0134,0.0071,4655,3541349,3065559,57748,0.1223,0.0951,0.0177,138,353,0,639,1,1,0,0,0,0,0,Normal
tcp,dns,CON,2.9015,12,40,6285,6080,26.882550000000002,13863.11,16763.66,0,28,0.2418,0.0725,0.0126,0.004,27832,7297498,4278668,37106,0.2708,0.0113,0.0256,419,152,1,1484,3,1,0,0,0,0,0,Normal
tcp,http,FIN,2.2363,69,32,51232,14400,67.74674999999999,146622.7,51514.34,35,0,0.0324,0.0699,0.007,0.017,36541,4077258,774705,52517,0.0752,0.0996,0.0569,594,450,0,623,1,2,0,0,1,0,0,Normal
tcp,ftp,REQ,0.3026,705,11,44415,187,2366.2011,1174243.8,4943.91,25,8,0.000429,0.027509,0.1127,0.0991,3193,650,116,1559,0.009435,0.000705,0.003534,63,17,0,137,68,50,0,0,4,0,1,DoS
tcp,dns,INT,2.1294,10,29,812,3915,27.472500000000004,2442.0,14708.35,0,18,0.2129,0.0734,0.001,0.0126,11912,6946430,1240704,25666,0.0416,0.0457,0.0389,65,135,0,3021,1,3,0,0,0,0,0,Normal
tcp,http,FIN,8.3407,69,6,9401,3342,13.488150000000001,7213.81,3205.5,62,0,0.1209,1.3901,0.0173,0.0166,18542,7025918,5858348,40284,0.0909,0.006,0.0176,109,557,2,2573,1,1,0,0,1,0,0,Normal
icmp,-,INT,1.3285,772,19,51724,1007,595.4174,311477.85,6064.07,23,5,0.001721,0.06992,0.3598,0.0166,3086,952,793,887,0.000212,0.00111,0.001984,67,53,1,95,22,47,0,0,4,1,1,Worm
udp,ftp,REQ,0.6902,798,8,144438,104,1167.8041,1674196.42,1205.48,36,0,0.000865,0.086273,0.1009,0.0267,2690,78,272,1196,0.006229,0.000423,0.001936,181,13,0,151,35,54,1,3,0,1,1,Backdoor
tcp,dns,FIN,9.1205,3,28,236,12208,5.09835,165.78,10708.21,0,24,3.0402,0.3257,0.0067,0.008,46129,6158689,4665446,55485,0.2412,0.0394,0.005,63,436,1,2294,2,3,0,0,1,0,0,Normal
tcp,ssl,FIN,3.9711,37,0,19147,0,13.976099999999999,30859.2,0.0,36,0,0.1073,3.9711,0.001,0.0067,41711,7096651,2992647,60370,0.1473,0.0681,0.086,414,0,0,4059,2,4,0,0,1,0,0,Normal
tcp,-,FIN,5.0175,46,39,25070,234,25.41105,31977.58,373.09,7,0,0.1091,0.1287,0.0172,0.0133,3973,7517430,4954386,44249,0.0558,0.0141,0.0913,436,6,2,4609,2,3,0,0,1,0,0,Normal
icmp,ssh,CON,1.0716,86,7,12470,224,86.7871,93095.51,1672.29,44,4,0.01246,0.153084,0.382,0.0828,738,708,790,1148,0.00141,0.002671,0.003065,145,32,1,187,95,63,0,0,4,1,1,Generic
tcp,ssh,RST,0.6884,184,22,13616,330,299.2587,158241.05,3835.16,5,7,0.003741,0.031289,0.1334,0.0552,2434,657,15,614,0.007319,0.001314,0.001139,74,15,0,31,72,29,0,0,4,0,1,Analysis
tcp,http,FIN,9.5269,13,8,3477,3928,3.30645,2336.12,3298.44,5,0,0.7328,1.1909,0.0018,0.0093,61080,4672500,7309142,16897,0.1549,0.0204,0.0027,214,491,2,3835,3,3,0,0,1,0,0,Normal
tcp,-,RST,0.8804,739,12,126369,408,853.0326,1148302.25,3707.45,2,8,0.001191,0.073366,0.0595,0.0303,4073,715,145,1206,0.006282,0.002818,0.004189,171,34,1,21,59,13,0,0,5,1,1,Analysis
udp,-,CON,0.7247,28,27,7315,20142,113.8365,64598.46,222341.45,0,0,0.0259,0.0268,0.0041,0.0032,25349,7840501,7950069,1178,0.1814,0.0625,0.0035,209,746,0,3363,3,1,0,0,1,0,0,Normal
udp,ssl,INT,0.7998,47,35,26907,5320,153.79575,215323.96,53215.81,12,0,0.017,0.0229,0.018,0.0032,41013,4775700,7175448,60113,0.1124,0.0582,0.0385,458,152,1,2425,1,1,0,0,1,0,0,Normal
tcp,ssh,INT,0.2418,639,12,84987,276,2692.761,2812284.8,9133.05,22,0,0.000378,0.020147,0.3753,0.0342,1969,786,398,2591,0.006826,0.004334,0.001355,133,23,0,139,80,57,0,0,0,1,1,Exploit
tcp,ssl,INT,1.9622,33,5,13612,1330,29.049,44399.15,5422.49,28,0,0.0595,0.3924,0.0055,0.0169,42454,3150694,1793787,20286,0.025,0.0253,0.0368,330,266,1,2625,1,4,0,0,1,0,0,Normal
tcp,http,INT,3.7133,3,58,615,45124,24.6408,1059.96,97214.69,0,53,1.2378,0.064,0.0187,0.0149,44191,6956319,8555232,46171,0.2854,0.0245,0.0972,164,778,2,1155,1,2,0,0,0,0,0,Normal
tcp,-,FIN,0.5986,17,12,4505,6768,72.67214999999999,48167.43,90454.27,3,0,0.0352,0.0499,0.0193,0.0134,8984,3505880,4444645,22183,0.2307,0.0671,0.0178,212,564,1,2846,1,1,0,0,1,0,0,Normal
udp,http,CON,9.9222,16,16,8040,4224,4.83765,5185.94,3405.69,0,0,0.6201,0.6201,0.0006,0.0089,10003,8759190,1527039,17172,0.0562,0.0179,0.0181,402,264,2,909,4,4,0,0,1,0,0,Normal
tcp,http,RST,0.2825,556,5,59492,180,1985.9898,1684855.68,5097.73,30,3,0.000508,0.056496,0.0521,0.058,3992,369,529,1601,0.001881,0.001923,0.004116,107,36,1,32,27,19,0,0,2,0,1,Worm
udp,ssl,CON,5.0471,45,56,5062,32088,30.017250000000004,6419.54,50861.81,0,10,0.1122,0.0901,0.006,0.0187,4196,4573515,5548002,11579,0.1157,0.0746,0.0973,90,573,0,1721,4,4,0,0,0,0,0,Normal
tcp,ssh,REQ,0.8973,552,21,32016,1470,638.5533,285429.98,13105.39,11,2,0.001626,0.042731,0.2109,0.0199,1087,527,546,1096,0.001949,0.003194,0.001974,58,70,0,182,57,72,0,0,5,1,1,Worm
udp,-,FIN,3.0739,50,22,25312,7678,35.13435,52701.49,19982.32,28,0,0.0615,0.1397,0.0097,0.0014,45328,9504084,9841658,13959,0.0009,0.0683,0.0872,405,349,0,2338,1,3,0,0,0,0,0,Normal
tcp,ssl,CON,8.4305,21,15,12101,3180,6.4053,9186.64,3017.61,5,0,0.4015,0.562,0.0094,0.0187,28580,651806,848485,19901,0.0873,0.0051,0.096,461,212,1,760,4,3,0,0,0,0,0,Normal
udp,ssl,FIN,2.1417,28,32,1715,7680,42.02355,5125.0,28688.05,0,2,0.0765,0.0669,0.0093,0.0078,55536,4503214,846792,35641,0.1494,0.0115,0.0708,49,240,2,272,4,3,0,0,0,0,0,Normal
tcp,dns,INT,0.0909,51,18,10455,2070,1138.6485,736127.98,182183.75,32,0,0.0018,0.005,0.008,0.013,9391,4925706,608109,56386,0.1305,0.0262,0.0663,164,115,0,156,3,1,0,0,0,0,0,Normal
icmp,http,REQ,0.7267,701,17,133891,901,987.9997,1473919.49,9918.53,4,8,0.001037,0.042748,0.2225,0.0244,2198,856,418,2025,0.004114,0.004162,0.00037,191,53,1,151,74,56,1,1,9,0,1,Backdoor
tcp,-,FIN,8.1521,69,48,42693,34464,21.52815,33517.67,33820.9,21,0,0.1181,0.1698,0.0095,0.0158,39778,333200,9042117,41419,0.0202,0.0009,0.0925,495,718,2,3306,1,1,0,0,0,0,0,Normal
tcp,ssl,INT,2.1728,43,43,26230,22403,59.37,77260.15,82484.71,0,0,0.0505,0.0505,0.0027,0.0052,54243,5808463,5139256,1717,0.2831,0.0231,0.0459,488,521,0,1988,1,3,0,0,0,0,0,Normal
udp,-,INT,1.1907,4,54,1415,36720,73.06695,7605.68,246714.23,0,49,0.2977,0.022,0.0186,0.0124,65428,7484918,9960569,62014,0.1438,0.0919,0.0912,283,680,0,2612,3,4,0,0,1,0,0,Normal
udp,dns,FIN,9.2848,24,13,2790,10270,5.9775,1923.15,8848.91,10,0,0.3869,0.7142,0.0067,0.0076,12555,2399844,4466461,52440,0.01,0.033,0.0465,93,790,0,3847,2,4,0,0,0,0,0,Normal
udp,-,CON,8.6823,16,40,9180,12120,9.674850000000001,6766.87,11167.54,0,24,0.5426,0.2171,0.002,0.0099,17666,702320,9556835,63440,0.2686,0.0359,0.0542,459,303,0,4947,3,2,0,0,1,0,0,Normal
udp,http,FIN,4.8711,32,44,4720,14432,23.40315,6201.43,23702.06,0,12,0.1522,0.1107,0.0083,0.0068,27795,9181052,8140906,2001,0.0869,0.0253,0.0336,118,328,1,3199,4,4,0,0,0,0,0,Normal
udp,http,INT,8.7443,76,17,33155,1394,15.95325,24266.36,1275.35,59,0,0.1151,0.5144,0.0111,0.0031,2620,1759105,6272901,30812,0.2475,0.0137,0.0872,349,82,2,3396,1,4,0,0,1,0,0,Normal
tcp,-,CON,1.6771,55,28,22412,476,74.23515,85528.37,2270.58,25,0,0.0305,0.0599,0.0088,0.0128,47582,1956848,5880089,46374,0.1132,0.0686,0.0322,326,17,2,2104,4,1,0,0,0,0,0,Normal
tcp,http,FIN,2.9486,12,18,8400,936,15.261600000000001,18232.54,2539.53,0,6,0.2457,0.1638,0.0148,0.0187,34575,8098590,1072195,50653,0.1067,0.0343,0.0295,560,52,2,3937,2,3,0,0,0,0,0,Normal
udp,http,INT,5.9106,53,45,13647,10845,24.87075,14777.61,14678.81,6,0,0.1115,0.1313,0.0152,0.0141,39553,7056612,9029829,2036,0.2431,0.0512,0.0305,206,241,2,3655,3,1,0,0,1,0,0,Normal
tcp,ssl,FIN,9.6073,8,7,5880,4172,2.3419499999999998,3917.02,3474.02,1,0,1.2009,1.3725,0.0166,0.0179,8602,1977053,623368,44034,0.1853,0.0753,0.063,588,596,2,2379,1,3,0,0,0,0,0,Normal
udp,http,CON,9.8262,9,22,1957,3124,4.7322,1274.96,2543.4,0,11,1.0918,0.4466,0.0017,0.0187,2413,9927351,2416472,14392,0.0564,0.0439,0.0613,174,142,1,3054,4,3,0,0,1,0,0,Normal
udp,http,RST,1.0331,205,1,40795,35,199.3946,315895.27,271.02,46,5,0.00504,1.033127,0.1717,0.0955,2747,880,646,1093,0.005876,0.000263,0.000763,199,35,1,82,62,19,0,2,7,1,1,Backdoor
icmp,ftp,REQ,0.3482,759,19,47058,1577,2234.1446,1081073.26,36228.75,36,1,0.000459,0.018328,0.346,0.007,3376,592,840,2327,0.009738,0.000537,0.000805,62,83,0,187,34,41,0,0,2,1,1,DoS
udp,-,INT,7.8884,47,9,22031,5760,10.64865,17874.45,5841.52,36,0,0.1678,0.8765,0.0134,0.0043,43285,1646583,2985903,15078,0.014,0.0033,0.0746,375,640,1,3967,2,1,0,0,0,0,0,Normal
icmp,-,INT,0.5457,322,12,14168,72,612.0861,207713.42,1055.57,2,4,0.001695,0.045473,0.2118,0.0548,3801,820,4,1899,0.002055,0.000923,0.000926,44,6,0,77,33,38,0,0,8,0,1,Botnet
udp,http,INT,7.538,17,23,6098,15088,7.9596,5178.0,16012.63,0,6,0.4434,0.3277,0.0032,0.0004,30188,7299966,4774178,22389,0.1169,0.0253,0.053,287,656,2,4774,2,4,0,0,1,0,0,Normal
tcp,ssl,CON,8.5708,7,24,358,9840,5.42535,267.89,9184.71,0,15,1.2244,0.3571,0.003,0.0079,40090,8874470,3769611,13328,0.1353,0.0636,0.0121,41,410,2,356,4,1,0,0,1,0,0,Normal
tcp,dns,FIN,8.7033,71,38,22542,1976,18.785999999999998,16576.66,1816.32,32,0,0.1226,0.229,0.0016,0.0105,53449,7685701,1054321,17797,0.0197,0.0609,0.0157,254,52,0,3968,1,1,0,0,1,0,0,Normal
udp,ssl,FIN,5.9144,77,45,46970,35865,30.9417,50826.86,48512.49,31,0,0.0768,0.1314,0.0002,0.0152,37087,458980,6800904,28867,0.2131,0.0259,0.098,488,797,1,3472,4,2,0,0,0,0,0,Normal
tcp,-,FIN,9.4836,11,46,8098,5842,9.0156,5465.41,4928.07,0,35,0.8621,0.2062,0.0198,0.0179,42372,8125374,3126935,31618,0.2483,0.0022,0.0194,589,127,0,2138,4,3,0,0,1,0,0,Normal
tcp,dns,INT,2.7582,61,7,9531,3661,36.9804,22115.74,10618.46,52,0,0.0452,0.394,0.0189,0.0029,17040,2874783,3287119,37185,0.1793,0.0307,0.0397,125,523,1,2967,4,2,0,0,0,0,0,Normal
udp,dns,FIN,4.1602,50,37,10625,4255,31.368449999999996,16345.28,8182.26,13,0,0.0832,0.1124,0.0124,0.0036,59641,2205604,7083408,38714,0.1021,0.0274,0.0054,170,115,0,4716,1,2,0,0,1,0,0,Normal
udp,http,FIN,9.7544,20,25,14500,16450,6.91995,9513.65,13491.35,0,4,0.4877,0.3902,0.0199,0.0063,60920,859299,7387345,7178,0.0969,0.0147,0.0955,580,658,0,378,3,1,0,0,0,0,0,Normal
udp,-,REQ,1.3944,173,13,23355,442,133.3874,133989.79,2535.79,46,0,0.00806,0.107264,0.1264,0.0185,3305,110,501,297,0.000778,0.001837,0.004731,135,34,0,104,46,62,0,0,1,0,1,Reconnaissance
tcp,dns,FIN,7.5779,62,34,31465,8126,19.00245,26573.96,8578.58,26,0,0.1222,0.2229,0.0033,0.0159,52342,3725738,918277,12048,0.071,0.0971,0.0214,406,239,0,3624,3,2,0,0,0,0,0,Normal
udp,-,INT,4.5063,58,9,41035,5895,22.302,58279.07,10465.31,47,0,0.0777,0.5007,0.0116,0.004,49559,3364478,9226269,27164,0.2781,0.084,0.092,566,655,0,1404,3,2,0,0,1,0,0,Normal
tcp,ssl,CON,2.829,63,45,22995,22185,57.264,52021.21,62735.95,17,0,0.0449,0.0629,0.0178,0.0182,44483,8002122,2916859,37072,0.2636,0.0694,0.0895,292,493,0,1046,4,3,0,0,1,0,0,Normal
tcp,dns,FIN,4.4503,27,38,15120,24738,21.90855,21744.09,44469.69,0,10,0.1648,0.1171,0.0019,0.0059,35101,9667949,6758486,42862,0.0212,0.0958,0.0872,448,651,0,4498,3,2,0,0,0,0,0,Normal
tcp,http,CON,7.0158,56,24,31710,3576,17.10435,28926.77,4077.66,31,0,0.1253,0.2923,0.0103,0.0042,42555,594560,3572653,1858,0.2241,0.0951,0.0662,453,149,2,1106,4,4,0,0,1,0,0,Normal
tcp,-,INT,9.4284,12,3,4695,1782,2.38635,3186.98,1512.03,7,0,0.7857,3.1428,0.0135,0.0136,24383,2883678,4839734,55499,0.2595,0.0485,0.0444,313,594,0,489,1,4,0,0,1,0,0,Normal
udp,ssl,INT,0.2488,31,16,15732,8624,283.40835,404763.51,277346.3,14,0,0.008,0.0155,0.0199,0.0061,65387,6651525,5650276,4538,0.1621,0.0191,0.017,406,539,0,3834,2,4,0,0,0,0,0,Normal
tcp,ftp,CON,0.3105,425,6,27625,138,1388.2796,711855.67,3556.06,35,0,0.00073,0.051743,0.4647,0.0772,3382,389,644,2651,0.001581,0.004829,0.004878,65,23,1,131,50,28,0,0,2,0,1,Analysis
udp,dns,CON,8.8638,13,1,845,192,2.36925,610.12,173.29,12,0,0.6818,8.8638,0.0147,0.0186,25662,7212121,9328778,25963,0.1705,0.0256,0.008,52,192,2,1958,1,1,0,0,1,0,0,Normal
tcp,http,CON,1.3526,198,14,30294,1092,156.7354,179175.22,6458.68,24,9,0.006831,0.096614,0.3172,0.069,2433,513,46,2216,0.002136,0.004787,0.00428,153,78,1,15,88,14,0,0,4,0,1,Worm
udp,http,INT,6.2521,20,6,7475,2148,6.2379,7651.78,2748.5,14,0,0.3126,1.042,0.0185,0.0119,29426,4861708,2532981,23743,0.1742,0.0527,0.0178,299,358,0,4909,1,4,0,0,0,0,0,Normal
udp,ssl,FIN,6.6529,37,30,3237,8730,15.106200000000001,3114.42,10497.65,7,0,0.1798,0.2218,0.0033,0.0159,63529,8918731,8084425,49037,0.2864,0.0168,0.0329,70,291,1,1348,2,1,0,0,1,0,0,Normal
udp,ssl,CON,7.1028,56,45,3990,18405,21.3297,3595.21,20729.88,10,0,0.1268,0.1578,0.019,0.02,12385,1281142,3611319,36973,0.2114,0.0022,0.0562,57,409,0,2469,1,4,0,0,1,0,0,Normal
udp,ssl,FIN,4.3775,24,3,3870,1113,9.2517,5657.96,2034.01,20,0,0.1824,1.4592,0.015,0.0119,28985,2103997,651826,18909,0.0512,0.0098,0.006,129,371,2,1481,1,4,0,0,1,0,0,Normal
udp,dns,CON,4.8664,64,55,34160,42075,36.68025,44925.44,69168.53,8,0,0.076,0.0885,0.0009,0.0189,10073,1123318,9629948,42094,0.0605,0.0434,0.0566,427,765,0,4059,3,2,0,0,0,0,0,Normal
udp,dns,CON,0.8691,13,17,2502,11050,51.777750000000005,18428.28,101714.54,0,2,0.0669,0.0511,0.0055,0.0108,6852,8983480,242671,38218,0.0054,0.0538,0.0203,154,650,1,1754,4,2,0,0,1,0,0,Normal
tcp,ssl,FIN,4.3694,73,17,53563,4964,30.896549999999998,78456.19,9088.62,56,0,0.0599,0.257,0.014,0.0177,30326,2374263,4253377,56036,0.0807,0.089,0.0835,587,292,1,2069,2,2,0,0,1,0,0,Normal
tcp,http,INT,4.9231,73,34,38872,21624,32.601150000000004,50533.67,35138.6,39,0,0.0674,0.1448,0.0088,0.0042,12183,3108034,4028649,11974,0.0387,0.0022,0.0233,426,636,2,3548,4,2,0,0,1,0,0,Normal
tcp,http,CON,5.801,40,50,10700,34000,23.27205,11804.93,46888.73,0,8,0.145,0.116,0.019,0.0124,13409,5482659,3408733,50315,0.2137,0.093,0.0562,214,680,0,740,2,3,0,0,0,0,0,Normal
icmp,ftp,CON,0.717,229,18,25419,378,344.4741,283601.18,4217.37,21,9,0.003131,0.039835,0.4936,0.0729,2970,21,197,1744,0.004891,0.004229,0.001209,111,21,1,71,47,46,0,0,6,0,1,Botnet
udp,-,FIN,9.6479,52,52,18655,23556,16.1694,12374.93,19532.56,0,0,0.1855,0.1855,0.0074,0.0002,1090,6190219,9399003,50606,0.0093,0.0606,0.0428,287,453,1,1155,4,4,0,0,1,0,0,Normal
udp,ssl,INT,1.0597,68,11,13600,4983,111.82845,82139.66,37619.66,57,0,0.0156,0.0963,0.0173,0.0086,39106,1096378,1542552,6515,0.0454,0.092,0.045,160,453,1,366,1,1,0,0,1,0,0,Normal
tcp,-,CON,7.1805,13,19,7556,13414,6.68475,6734.93,14944.97,0,4,0.5523,0.3779,0.0168,0.004,10595,4910609,2450781,41814,0.228,0.0809,0.0361,465,706,0,531,3,3,0,0,0,0,0,Normal
udp,ftp,INT,1.199,549,11,97722,825,467.0694,652042.19,5504.75,43,2,0.002184,0.108997,0.1256,0.0172,2294,40,467,1760,0.007387,0.002678,0.001345,178,75,0,88,47,55,0,0,7,1,1,Reconnaissance
tcp,ssl,FIN,6.8441,78,46,55185,24886,27.17655,51603.85,29088.83,30,0,0.0877,0.1488,0.0127,0.0124,43777,7247389,3778174,1155,0.1448,0.0584,0.0093,566,541,1,2360,2,4,0,0,1,0,0,Normal
tcp,-,FIN,9.0377,20,48,2975,37584,11.286,2106.72,33268.54,0,26,0.4519,0.1883,0.0012,0.0019,46149,3769013,5785431,21317,0.0902,0.0141,0.0371,119,783,1,719,3,2,0,0,1,0,0,Normal
tcp,-,CON,5.1555,58,59,12180,45194,34.04145,15120.25,70129.76,0,0,0.0889,0.0874,0.0059,0.0059,46582,5537050,5285837,3273,0.2748,0.0437,0.0002,168,766,0,3226,3,4,0,0,0,0,0,Normal
icmp,ssh,CON,0.7072,86,9,11868,522,134.3384,134259.2,5905.23,1,6,0.008223,0.078574,0.3638,0.0909,1445,594,510,576,0.001835,0.003172,0.003401,138,58,1,151,26,74,1,0,6,0,1,Backdoor
tcp,ssl,CON,3.0972,39,10,28177,1430,23.73105,58225.44,3693.66,29,0,0.0794,0.3097,0.0074,0.0033,54719,6142561,2504319,1598,0.1258,0.0036,0.0719,578,143,1,2077,1,3,0,0,1,0,0,Normal
tcp,http,FIN,6.7469,69,9,47006,4833,17.3412,44589.29,5730.62,58,0,0.0978,0.7497,0.018,0.0008,14929,5252834,476885,18818,0.1908,0.0548,0.0435,545,537,1,1087,4,1,0,0,0,0,0,Normal
tcp,ftp,INT,0.6219,201,24,10050,2208,361.8148,129288.48,28404.87,28,4,0.003094,0.025911,0.2889,0.0461,2790,950,243,2325,0.002151,0.000727,0.002863,50,92,1,56,92,46,0,0,4,1,1,Reconnaissance
tcp,ssl,FIN,1.8328,64,15,11040,5025,64.6551,38550.77,21933.61,47,0,0.0286,0.1222,0.0096,0.016,19012,6990283,7057245,60279,0.0031,0.0041,0.0006,138,335,0,2018,1,4,0,0,0,0,0,Normal
udp,-,CON,7.6376,7,50,4655,7800,11.1945,3900.68,8170.06,0,43,1.0911,0.1528,0.0152,0.0018,43585,3929668,7774674,43494,0.2336,0.083,0.0599,532,156,1,1298,4,3,0,0,1,0,0,Normal
tcp,dns,CON,5.9079,57,45,21660,34650,25.8975,23464.19,46920.26,12,0,0.1036,0.1313,0.0055,0.0152,21801,449723,6274967,47189,0.2487,0.0979,0.0154,304,770,0,4632,2,3,0,0,1,0,0,Normal
tcp,http,CON,6.3674,44,39,21450,156,19.55265,21559.67,196.0,5,0,0.1447,0.1633,0.016,0.0138,55390,2941251,4656501,20439,0.2632,0.0374,0.087,390,4,2,3020,1,2,0,0,0,0,0,Normal
tcp,http,CON,5.2319,69,46,40710,920,32.97105,49799.42,1406.76,23,0,0.0758,0.1137,0.0089,0.002,20548,3395474,8314605,3972,0.2075,0.0364,0.0914,472,20,2,3641,3,2,0,0,1,0,0,Normal
tcp,-,INT,7.6809,31,45,22048,2520,14.84205,18371.88,2624.7,0,14,0.2478,0.1707,0.0135,0.0067,30036,6659613,6565143,64028,0.0245,0.0821,0.0701,569,56,2,4984,1,4,0,0,0,0,0,Normal
tcp,http,FIN,0.8312,69,49,32861,29890,212.94915000000003,253026.83,287685.8,18,0,0.012,0.017,0.0102,0.0198,23386,156730,1386045,49502,0.083,0.0986,0.0128,381,610,1,4186,3,4,0,0,1,0,0,Normal
udp,ftp,CON,1.0806,724,5,38372,345,674.635,284083.33,2554.17,34,4,0.001493,0.216117,0.2218,0.0258,2258,930,961,1744,0.003389,0.004811,0.003612,53,69,0,197,35,68,0,0,0,0,1,DoS
tcp,http,CON,6.801,37,36,10360,756,16.100550000000002,9749.1,889.28,1,0,0.1838,0.1889,0.0002,0.0048,65041,4982048,3833244,28401,0.1567,0.0365,0.081,224,21,2,3491,1,2,0,0,1,0,0,Normal
tcp,http,INT,4.8787,28,7,5110,3668,10.761000000000001,6703.36,6014.66,20,0,0.1742,0.697,0.0165,0.0125,54895,7709306,3089447,55120,0.0226,0.0126,0.0772,146,524,0,3513,3,2,0,0,1,0,0,Normal
udp,ssl,CON,3.9675,14,28,9730,20244,15.87915,15695.61,40819.88,0,14,0.2834,0.1417,0.0067,0.007,19664,3932447,5335671,31404,0.1639,0.078,0.0719,556,723,2,262,1,2,0,0,0,0,0,Normal
udp,-,CON,4.0544,12,11,2055,6479,8.509350000000001,3243.9,12784.2,0,0,0.3379,0.3686,0.0169,0.0074,25199,858938,3560383,56734,0.1708,0.026,0.0198,137,589,2,4444,2,2,0,0,1,0,0,Normal
udp,-,CON,5.3614,23,13,9257,8450,10.072049999999999,11050.93,12608.74,9,0,0.2331,0.4124,0.0183,0.018,13021,2715626,1470470,11651,0.0275,0.0512,0.0738,322,650,0,189,1,3,0,0,1,0,0,Normal
udp,http,INT,4.5586,34,26,22865,14716,19.74315,32101.41,25825.73,7,0,0.1341,0.1753,0.0024,0.0094,16695,6770934,6218828,56823,0.2112,0.0965,0.0879,538,566,0,3585,4,4,0,0,0,0,0,Normal
udp,http,INT,5.9077,19,42,6080,6762,15.488399999999999,6586.7,9156.92,0,22,0.3109,0.1407,0.0185,0.0008,24735,9658954,6920366,53456,0.2352,0.0967,0.0289,256,161,2,4352,4,3,0,0,0,0,0,Normal
udp,ftp,RST,0.4384,774,11,87462,682,1790.798,1596196.46,12446.62,22,6,0.000566,0.03985,0.0532,0.0349,2272,583,256,134,0.005207,0.004537,0.003187,113,62,0,49,74,68,0,0,4,0,1,Analysis
udp,-,CON,0.7974,55,42,17600,21630,182.4627,141254.99,216998.97,13,0,0.0145,0.019,0.0015,0.0056,61355,6619092,1025074,32356,0.0779,0.0919,0.0173,256,515,2,801,4,1,0,0,1,0,0,Normal
tcp,dns,CON,7.4662,7,43,4418,32035,10.045350000000001,3787.74,34325.38,0,36,1.0666,0.1736,0.0036,0.0052,27589,2860710,2845142,11297,0.2665,0.0157,0.0971,505,745,0,3536,2,4,0,0,0,0,0,Normal
icmp,http,RST,0.2957,110,20,18260,940,439.6902,494076.54,25434.39,0,0,0.002688,0.014783,0.3926,0.0676,1905,336,842,1537,0.004107,0.003556,0.002807,166,47,1,142,83,10,0,0,9,1,1,Generic
icmp,ftp,CON,1.0676,258,23,30444,92,263.2,228124.16,689.38,35,6,0.004138,0.046419,0.0333,0.0473,1963,693,732,2463,0.0052,0.000751,0.000398,118,4,1,26,99,49,0,0,2,0,1,DoS
tcp,http,FIN,0.5704,47,49,5170,12985,252.4491,58007.21,182114.02,0,1,0.0121,0.0116,0.0113,0.0152,57134,979587,1395442,40062,0.243,0.0717,0.0756,88,265,0,3282,2,4,0,0,1,0,0,Normal
tcp,-,CON,6.2265,50,57,17312,31407,25.77705,17795.04,40352.98,0,6,0.1245,0.1092,0.0057,0.0119,56111,2278664,8389671,5101,0.1885,0.0314,0.0126,277,551,1,3306,3,2,0,0,0,0,0,Normal
tcp,http,CON,1.336,54,2,29430,1016,62.8737,140980.66,6083.77,50,0,0.0247,0.668,0.0125,0.0155,19279,6260756,6729288,40353,0.2891,0.0654,0.0171,436,508,0,2010,4,1,0,0,1,0,0,Normal
udp,-,FIN,9.2873,71,3,12691,174,11.95185,8745.75,149.88,66,0,0.1308,3.0958,0.0025,0.0155,2540,7830676,5213443,40350,0.0367,0.037,0.0417,143,58,1,857,1,3,0,0,0,0,0,Normal
icmp,-,RST,0.9744,548,2,103572,118,564.4283,850312.2,968.76,36,4,0.001778,0.487219,0.3858,0.0816,331,726,938,2179,0.009158,0.002697,0.000481,189,59,0,144,59,39,0,0,4,1,1,Generic
tcp,ssl,INT,9.2809,45,31,7087,24397,12.2832,4887.44,21029.77,12,0,0.2062,0.2994,0.0183,0.0023,31212,1455548,1951868,24738,0.0961,0.0687,0.0007,126,787,2,3609,4,2,0,0,1,0,0,Normal
udp,dns,FIN,6.4523,56,55,8120,23760,25.80465,8054.15,29459.16,1,0,0.1152,0.1173,0.0181,0.003,60735,848268,2166882,3335,0.2085,0.0864,0.0966,116,432,2,999,2,3,0,0,0,0,0,Normal
udp,ssl,FIN,7.4508,68,1,28900,700,13.8912,24824.19,751.6,65,0,0.1096,7.4508,0.0143,0.005,47415,9893714,1859818,32935,0.2995,0.0564,0.0811,340,700,0,1758,2,2,0,0,1,0,0,Normal
icmp,ftp,INT,0.2932,306,1,33048,42,1047.2007,901834.26,1146.12,30,2,0.000958,0.293163,0.1493,0.0011,2348,473,917,1106,0.007642,0.00036,0.000263,108,42,1,167,87,14,1,0,2,1,1,Backdoor
tcp,-,CON,7.7206,78,47,50602,1128,24.285600000000002,41946.87,1168.82,30,0,0.099,0.1643,0.0145,0.0186,16335,6811846,2967600,53622,0.0815,0.0843,0.0426,519,24,2,3,4,3,0,0,1,0,0,Normal
udp,http,RST,0.4703,431,5,82321,490,926.9724,1400170.52,8334.25,36,5,0.001091,0.09407,0.1377,0.0418,2416,86,79,3271,0.00992,0.002123,0.00363,191,98,1,24,30,50,0,0,1,1,1,Backdoor
udp,ssl,FIN,6.3467,54,21,11610,5271,17.72565,11707.42,6644.04,33,0,0.1175,0.3022,0.0077,0.01,53686,7309433,7300857,13016,0.242,0.0324,0.0652,172,251,1,4884,3,1,0,0,1,0,0,Normal
tcp,ssl,FIN,6.6962,7,37,2572,18204,9.856349999999999,2458.71,21748.48,0,29,0.9566,0.181,0.0191,0.0038,10049,9783867,8955326,57090,0.1516,0.0677,0.0217,294,492,1,2739,2,2,0,0,0,0,0,Normal
tcp,-,CON,1.1505,56,54,38430,18198,143.41365,213774.89,126537.71,1,0,0.0205,0.0213,0.0109,0.0065,45190,3749341,318932,65208,0.1645,0.0162,0.0566,549,337,1,424,2,2,0,0,0,0,0,Normal
udp,-,CON,1.0601,632,2,64464,104,598.0506,486469.8,784.82,8,5,0.001677,0.530056,0.1515,0.0039,1607,372,696,2324,0.007742,0.001206,0.003668,102,52,1,86,60,45,0,0,1,1,1,DoS
udp,dns,INT,3.1219,33,32,15716,1696,31.231049999999996,32218.94,4346.08,0,0,0.0946,0.0976,0.0014,0.0133,24764,109162,325784,11331,0.1267,0.0433,0.0851,381,53,2,1233,3,2,0,0,1,0,0,Normal
tcp,-,FIN,0.823,75,41,22406,3608,211.41989999999998,174239.2,35071.41,32,0,0.011,0.0201,0.0141,0.0067,45115,733086,1320730,55386,0.2723,0.0896,0.0446,239,88,2,2101,4,3,0,0,0,0,0,Normal
udp,-,FIN,8.8278,56,19,4410,4750,12.743699999999999,3197.16,4304.56,37,0,0.1576,0.4646,0.0,0.0053,29848,1025469,8241927,23017,0.0269,0.0687,0.098,63,250,1,452,2,2,0,0,1,0,0,Normal
tcp,http,CON,1.7282,9,56,1102,44128,56.416199999999996,4082.8,204269.4,0,45,0.192,0.0309,0.0005,0.004,41316,2195285,1876594,2438,0.2268,0.0543,0.0111,98,788,2,2398,3,4,0,0,0,0,0,Normal
tcp,-,FIN,3.6838,16,28,10440,2632,17.91645,18138.02,5715.91,0,10,0.2302,0.1316,0.0139,0.0127,57322,4896927,4265775,51382,0.2135,0.0081,0.072,522,94,1,3542,1,1,0,0,0,0,0,Normal
tcp,dns,FIN,4.128,26,53,14365,39750,28.7061,22271.14,77034.28,0,26,0.1588,0.0779,0.0156,0.0163,26436,2682602,6956501,61272,0.2187,0.0914,0.0269,442,750,0,2189,2,3,0,0,0,0,0,Normal
tcp,ssl,CON,4.4632,32,36,23680,22464,22.8537,33956.09,40265.49,0,3,0.1395,0.124,0.0172,0.016,40955,3353757,949280,3925,0.0389,0.0659,0.0249,592,624,0,3753,4,4,0,0,1,0,0,Normal
udp,http,FIN,3.3913,20,18,11275,3348,16.8075,21277.74,7897.77,2,0,0.1696,0.1884,0.0136,0.0161,55704,6983070,4518188,26195,0.0621,0.0337,0.0983,451,186,1,1440,4,1,0,0,1,0,0,Normal
udp,dns,CON,0.2056,72,16,20790,5392,642.1460999999999,647283.26,209845.56,54,0,0.0029,0.0128,0.0193,0.0186,48905,4907171,8821213,19764,0.2947,0.0118,0.0045,231,337,2,3456,1,4,0,0,0,0,0,Normal
tcp,-,CON,9.3696,71,17,30441,13124,14.088149999999999,20793.28,11205.64,54,0,0.132,0.5512,0.0091,0.0168,4382,3719911,3570808,21020,0.154,0.0933,0.0265,343,772,1,1351,1,4,0,0,0,0,0,Normal
udp,ssl,FIN,6.5331,1,24,377,7632,5.74005,369.81,9345.64,0,21,6.5331,0.2722,0.02,0.0021,3220,6394338,1311861,6031,0.1052,0.0759,0.078,302,318,0,2984,3,2,0,0,1,0,0,Normal
udp,http,CON,0.4856,76,47,17100,13348,379.92045,225357.71,219888.51,27,0,0.0064,0.0103,0.0193,0.0115,31967,3891335,1985070,43230,0.1736,0.0855,0.0834,180,284,2,4908,4,4,0,0,0,0,0,Normal
udp,ftp,CON,1.1204,473,28,43516,2212,447.1665,310720.95,15794.53,1,7,0.002369,0.040014,0.301,0.0586,1657,344,640,2417,0.003478,0.001891,0.000511,92,79,0,72,45,12,0,0,6,1,1,Worm
udp,dns,FIN,0.5125,56,52,31290,40040,316.06815,390707.11,624956.57,2,0,0.0092,0.0099,0.0033,0.0156,18382,9657476,8399828,25927,0.2296,0.0859,0.0041,447,770,1,3981,4,4,0,0,1,0,0,Normal
udp,ssl,INT,8.9473,21,19,8295,6099,6.7059,5933.42,5453.27,2,0,0.4261,0.4709,0.013,0.0116,18864,5233832,4106123,43672,0.0309,0.0801,0.027,316,321,0,1012,3,2,0,0,1,0,0,Normal
udp,http,INT,0.5195,676,6,44616,336,1312.8034,687062.01,5174.22,11,8,0.000768,0.086583,0.3355,0.0901,958,325,46,842,0.00624,0.004281,0.000254,66,56,1,145,43,76,0,0,6,1,1,Reconnaissance
tcp,ssl,INT,0.411,69,49,38295,36456,430.67550000000006,596346.79,709636.33,20,0,0.006,0.0084,0.0013,0.0033,56677,6825253,8298806,12223,0.2066,0.0614,0.0384,444,744,0,1089,1,2,0,0,0,0,0,Normal
udp,dns,FIN,4.8181,10,3,5287,1734,4.0473,7023.58,2879.17,5,0,0.4818,1.606,0.0147,0.0122,53465,7591489,5183226,43945,0.1083,0.0586,0.0525,423,578,2,2228,4,1,0,0,0,0,0,Normal
tcp,ftp,INT,1.2644,683,14,129087,1050,551.2484,816746.08,6643.45,20,7,0.001851,0.090314,0.3145,0.034,166,416,198,2186,0.005821,0.001355,0.002039,189,75,0,113,90,48,0,0,8,0,1,DoS
tcp,-,RST,0.3565,783,21,122931,1638,2254.9953,2758296.8,36753.06,37,8,0.000455,0.016978,0.3254,0.0158,389,863,350,3078,0.004104,0.003138,0.002015,157,78,1,197,89,59,0,0,4,0,1,Generic
tcp,ssl,INT,9.3041,44,0,10670,0,7.09365,7339.59,0.0,43,0,0.2115,9.3041,0.0119,0.0082,43594,1719245,5937008,56092,0.0836,0.0816,0.0086,194,0,2,356,1,3,0,0,0,0,0,Normal
udp,http,FIN,5.9859,42,27,23625,8721,17.29065,25259.46,11655.44,15,0,0.1425,0.2217,0.0072,0.0111,64402,5284607,8344236,1781,0.2546,0.0196,0.0373,450,323,1,2788,1,4,0,0,1,0,0,Normal
udp,dns,CON,5.1351,20,52,11575,7540,21.0318,14426.24,11746.64,0,32,0.2568,0.0988,0.0014,0.0165,7796,4320185,8363502,60391,0.1477,0.0326,0.0564,463,145,2,969,3,4,0,0,1,0,0,Normal
tcp,http,CON,9.9051,11,28,3478,18004,5.9060999999999995,2247.73,14541.22,0,17,0.9005,0.3538,0.0194,0.0133,16464,8965045,7371418,4816,0.0245,0.0449,0.0308,253,643,0,4298,2,4,0,0,1,0,0,Normal
tcp,-,CON,8.2111,35,48,12425,5616,15.1623,9684.43,5471.61,0,12,0.2346,0.1711,0.0084,0.0174,61435,7065387,3768242,62066,0.0479,0.0323,0.0461,284,117,0,2720,3,2,0,0,0,0,0,Normal
tcp,ssh,REQ,0.5074,184,28,34960,1596,417.8072,551190.24,25163.03,26,3,0.002758,0.018122,0.4389,0.0766,19,882,790,353,0.004692,0.000177,0.004131,190,57,0,176,39,64,0,0,2,1,1,Exploit
tcp,ftp,REQ,1.376,182,7,34398,343,137.356,199990.29,1994.21,28,3,0.00756,0.19657,0.3012,0.0671,334,273,953,623,0.002849,0.004274,0.00332,189,49,1,122,76,18,0,0,5,0,1,Analysis
tcp,ssl,INT,8.0976,18,41,3712,12874,10.92915,2934.2,12718.83,0,22,0.4499,0.1975,0.0059,0.0052,42877,3684975,4510546,45034,0.011,0.0748,0.0331,165,314,2,462,1,2,0,0,1,0,0,Normal
udp,-,FIN,3.1891,19,51,10711,12189,32.9247,21495.77,30576.73,0,31,0.1678,0.0625,0.0123,0.0188,2577,6621980,2153848,34756,0.2693,0.0596,0.0395,451,239,1,3222,3,1,0,0,0,0,0,Normal
tcp,ssl,INT,6.2162,3,5,423,2925,1.9304999999999999,436.28,3764.38,0,0,2.0721,1.2432,0.0069,0.0043,9311,579370,1334691,48847,0.0548,0.0027,0.0173,113,585,1,3767,1,1,0,0,1,0,0,Normal
tcp,dns,FIN,6.5065,27,57,11880,38076,19.365299999999998,11685.56,46816.03,0,30,0.241,0.1141,0.0048,0.0067,49864,8480913,5003469,55644,0.1788,0.0432,0.049,352,668,2,1077,1,4,0,0,1,0,0,Normal
tcp,http,INT,2.4606,62,21,37277,11004,50.598299999999995,96960.03,35777.22,39,0,0.0397,0.1172,0.013,0.0016,38644,7110874,8349737,29580,0.0868,0.0327,0.0145,481,524,2,1289,2,1,0,0,1,0,0,Normal
udp,http,CON,2.656,73,59,22812,9381,74.5482,54969.94,28256.05,13,0,0.0364,0.045,0.0028,0.0043,32763,6701795,3949654,21233,0.0392,0.0723,0.0565,250,159,2,2807,3,3,0,0,1,0,0,Normal
tcp,ssl,CON,1.5503,65,37,47043,10730,98.69055,194207.61,55369.94,27,0,0.0239,0.0419,0.0173,0.0057,23995,1150392,1683523,29369,0.1431,0.0048,0.0069,579,290,2,749,1,4,0,0,1,0,0,Normal
udp,-,CON,1.2783,266,9,27132,576,215.1333,169803.56,3604.85,26,9,0.004806,0.142031,0.2557,0.034,4064,710,767,2815,0.007448,0.001195,0.002078,102,64,0,6,79,45,0,0,9,1,1,Reconnaissance
udp,ssl,INT,5.5111,70,28,17675,1092,26.67345,20525.86,1585.17,42,0,0.0787,0.1968,0.0152,0.0058,56897,4951726,5582573,39987,0.1378,0.0136,0.0428,202,39,2,4393,4,2,0,0,0,0,0,Normal
tcp,http,FIN,6.8539,69,0,6037,0,15.10095,5637.69,0.0,69,0,0.0993,6.8539,0.0077,0.0066,50964,9330208,5476539,60423,0.2595,0.0424,0.0316,70,0,1,4668,2,3,0,0,0,0,0,Normal
icmp,-,RST,1.3785,488,10,52704,850,361.257,305858.47,4932.83,3,3,0.002825,0.137852,0.4243,0.0687,3611,942,627,277,0.005499,0.002398,0.002325,108,85,1,6,91,53,0,3,0,0,1,Backdoor
tcp,ssl,INT,0.3866,49,37,28787,2442,333.7056,476603.92,50536.99,10,0,0.0079,0.0104,0.0047,0.0074,28165,2596907,9562932,5913,0.1557,0.028,0.0573,470,66,1,2777,1,4,0,0,1,0,0,Normal
tcp,ssl,FIN,3.9704,77,38,40425,7562,43.44645,65162.04,15236.71,39,0,0.0516,0.1045,0.0084,0.0162,46081,6952403,6706720,30418,0.1426,0.0617,0.0694,420,199,1,4103,2,4,0,0,1,0,0,Normal
tcp,http,CON,3.2616,45,47,10575,26461,42.3108,20750.68,64903.52,0,2,0.0725,0.0694,0.0003,0.0023,16582,3739679,4475501,53136,0.1553,0.0773,0.0156,188,563,2,2910,2,4,0,0,1,0,0,Normal
tcp,dns,FIN,4.1838,14,21,2625,4263,12.5484,4015.49,8151.44,0,7,0.2988,0.1992,0.0099,0.0145,7523,5210085,3409067,27672,0.1453,0.0101,0.022,150,203,2,4625,4,3,0,0,1,0,0,Normal
udp,ssl,CON,2.2387,51,11,4462,4686,41.54205,12757.44,16745.47,40,0,0.0439,0.2035,0.0166,0.0156,22014,5285542,1825550,25007,0.271,0.0275,0.019,70,426,1,1212,2,3,0,0,0,0,0,Normal
tcp,http,RST,1.2761,545,13,52320,0,437.2857,328011.29,0.0,25,0,0.002341,0.098158,0.1087,0.0185,1954,755,290,395,0.006712,0.002134,0.003449,96,0,0,134,44,75,0,0,3,1,1,DoS
tcp,http,INT,7.1676,78,14,22912,9618,19.25325,20458.65,10734.93,62,0,0.0919,0.512,0.0192,0.018,60370,9934510,5526962,1041,0.0411,0.0747,0.0747,235,687,1,4462,3,3,0,0,1,0,0,Normal
icmp,ftp,INT,0.9316,334,20,15364,700,380.0052,131941.23,6011.38,1,6,0.002789,0.046578,0.2993,0.046,3667,273,546,2274,0.000849,0.002015,0.00251,46,35,1,85,30,61,0,0,1,1,1,DoS
tcp,-,CON,6.6749,75,25,15562,18925,22.4724,14921.68,22682.15,48,0,0.089,0.267,0.0136,0.0194,14496,7530036,4900456,15497,0.1941,0.0022,0.067,166,757,2,4709,2,1,0,0,0,0,0,Normal
tcp,dns,INT,0.0738,6,40,3712,21200,934.5934500000001,321825.21,2297203.52,0,33,0.0123,0.0018,0.0118,0.0027,55978,5667574,5477705,8467,0.2331,0.0978,0.0798,495,530,2,3661,3,2,0,0,1,0,0,Normal
tcp,http,INT,3.4184,49,42,11025,12600,39.9312,20641.35,29487.65,5,0,0.0698,0.0814,0.0106,0.0194,51668,4703330,9675344,14953,0.0322,0.0832,0.0322,180,300,1,3286,3,3,0,0,0,0,0,Normal
tcp,-,RST,0.6376,704,21,115456,21,1136.999,1448533.53,263.47,12,8,0.000906,0.030364,0.1056,0.0451,2188,922,268,2766,0.005845,0.002106,0.000583,164,1,0,132,89,14,0,0,4,0,1,DoS
tcp,dns,CON,2.468,6,48,3225,30000,32.82,8363.04,97244.6,0,41,0.4113,0.0514,0.0105,0.0087,7328,9109996,3455113,33140,0.1204,0.079,0.0799,430,625,0,2188,4,1,0,0,1,0,0,Normal
udp,http,CON,5.9911,4,34,670,374,9.51405,715.72,499.4,0,29,1.4978,0.1762,0.009,0.0072,29113,7703688,3519741,16143,0.052,0.002,0.0786,134,11,2,1891,2,4,0,0,1,0,0,Normal
udp,-,INT,0.1644,546,7,99918,525,3363.7748,4862230.08,25547.66,9,7,0.000301,0.023486,0.3918,0.0274,1146,939,325,3438,0.00333,0.002346,0.003898,183,75,1,147,44,17,0,0,6,1,1,Worm
tcp,http,CON,9.0548,39,38,2437,29944,12.755700000000001,1722.84,26455.83,0,0,0.2322,0.2383,0.0029,0.0187,55679,2434995,2662135,22359,0.0899,0.0571,0.0177,50,788,2,2692,2,2,0,0,1,0,0,Normal
udp,http,FIN,3.0806,70,29,22400,6090,48.205200000000005,46536.7,15815.21,39,0,0.044,0.1062,0.0061,0.0004,34981,1342934,8597591,11302,0.2522,0.0074,0.0609,256,210,1,1493,2,4,0,0,0,0,0,Normal
tcp,-,RST,0.8258,248,3,48112,108,303.9503,466092.62,1046.27,22,5,0.00333,0.275264,0.1683,0.0422,243,791,794,2556,0.003739,0.003684,0.003816,194,36,1,111,76,15,0,0,3,1,1,DoS
udp,http,CON,9.5861,70,31,30887,10695,15.80415,20621.57,8925.44,37,0,0.1369,0.3092,0.0088,0.0047,58426,1387744,9144232,31927,0.1877,0.0143,0.0414,353,345,0,3741,1,4,0,0,0,0,0,Normal
tcp,http,INT,3.2541,69,5,12247,2690,34.1109,24087.85,6613.22,64,0,0.0472,0.6508,0.0027,0.0018,6545,2719784,2978589,45276,0.0406,0.0244,0.0495,142,538,1,3791,1,1,0,0,1,0,0,Normal
udp,http,FIN,7.2713,47,30,31078,2220,15.884400000000001,27354.71,2442.48,15,0,0.1547,0.2424,0.0062,0.0147,23682,2897794,3856680,60940,0.1316,0.0623,0.0289,529,74,2,2843,3,3,0,0,0,0,0,Normal
tcp,http,INT,8.9268,34,49,9520,12495,13.946850000000001,6825.3,11197.76,0,13,0.2626,0.1822,0.0116,0.0107,49004,1390123,1140403,44923,0.2031,0.002,0.0711,224,255,2,312,4,4,0,0,0,0,0,Normal
udp,ftp,CON,0.9875,509,8,83985,504,523.5385,680377.24,4082.99,23,2,0.00194,0.123439,0.0613,0.0327,221,146,349,690,0.00756,0.000261,0.001202,165,63,1,49,51,48,0,0,3,1,1,Botnet
tcp,dns,INT,9.2143,9,12,5388,1368,3.4186500000000004,3742.88,1187.72,0,1,1.0238,0.7679,0.018,0.0014,2473,3088813,7433569,5632,0.2288,0.0467,0.0037,479,114,0,1202,4,3,0,0,1,0,0,Normal
tcp,http,INT,3.9005,44,11,3355,6105,21.15135,5505.0,12521.62,31,0,0.0886,0.3546,0.01,0.0127,33935,3821660,1227317,19968,0.2765,0.0291,0.0342,61,555,0,3499,4,1,0,0,1,0,0,Normal
udp,dns,FIN,2.2919,30,37,18412,27010,43.8495,51415.16,94278.58,0,5,0.0764,0.0619,0.008,0.0138,17650,776771,4129403,7559,0.1973,0.0734,0.0395,491,730,1,2650,3,2,0,0,1,0,0,Normal
tcp,dns,INT,6.3054,19,12,10640,7164,7.374600000000001,10799.62,9089.34,7,0,0.3319,0.5255,0.0131,0.0126,11916,1493516,7676164,12238,0.1118,0.0391,0.0426,448,597,1,1414,1,2,0,0,0,0,0,Normal
tcp,-,FIN,4.847,12,24,3360,16848,11.14095,4436.55,27807.66,0,11,0.4039,0.202,0.0152,0.0028,16192,8931426,2098195,43241,0.2639,0.0265,0.0273,224,702,2,3720,3,2,0,0,0,0,0,Normal
udp,-,FIN,2.1519,60,41,25500,20869,70.4034,75840.42,77584.0,17,0,0.0359,0.0525,0.0038,0.0128,32061,7420264,1423104,19147,0.1558,0.0276,0.0346,340,509,1,4652,2,1,0,0,1,0,0,Normal
udp,http,CON,7.6951,52,5,18330,380,11.11095,15245.0,395.06,46,0,0.148,1.539,0.0008,0.0177,49249,8710525,442306,41291,0.0921,0.0478,0.0213,282,76,1,3592,2,1,0,0,0,0,0,Normal
tcp,-,INT,0.0196,182,10,11830,870,9793.2961,4827278.85,355006.98,39,4,0.000108,0.001961,0.1786,0.0691,978,974,110,521,0.007169,0.004001,0.00116,65,87,1,80,83,51,0,0,0,0,1,Botnet
udp,http,REQ,0.2759,779,7,69331,7,2848.4939,2010065.45,202.95,23,3,0.000354,0.039419,0.3117,0.0546,491,74,782,1760,0.006119,0.000662,0.002065,89,1,0,130,43,45,0,0,3,0,1,Reconnaissance
udp,dns,INT,6.7799,35,0,9537,0,7.74345,9003.05,0.0,34,0,0.1937,6.7799,0.0066,0.0005,22216,1340469,3892819,58367,0.2841,0.0772,0.0706,218,0,1,2487,1,2,0,0,1,0,0,Normal
udp,-,CON,9.5149,40,57,6650,37050,15.29175,4472.97,31151.01,0,16,0.2379,0.1669,0.0063,0.0046,21262,4322888,3102177,30058,0.1284,0.0528,0.0124,133,650,1,4516,3,4,0,0,0,0,0,Normal
tcp,-,INT,9.8868,77,18,57461,3564,14.4132,37196.45,2883.86,57,0,0.1284,0.5493,0.0086,0.0077,3058,1453977,1893241,16015,0.041,0.02,0.0689,597,198,1,2239,3,4,0,0,1,0,0,Normal
tcp,ftp,CON,0.1916,84,9,13440,684,485.2604,561023.65,28552.1,10,7,0.002282,0.021294,0.2885,0.0192,1191,74,689,358,0.006671,0.00277,0.000234,160,76,0,102,41,13,0,0,0,0,1,Exploit
tcp,-,CON,8.2568,42,19,13335,8018,11.081700000000001,10336.15,7768.58,23,0,0.1966,0.4346,0.0,0.0041,21790,8528127,3395645,52515,0.1124,0.0038,0.0078,254,422,1,3010,3,4,0,0,1,0,0,Normal
icmp,ssh,REQ,0.3698,389,11,37733,561,1081.5626,816212.06,12135.13,13,5,0.000951,0.033621,0.1552,0.0501,2327,548,109,2868,0.003953,0.001481,0.000394,97,51,1,58,35,22,0,0,8,0,1,Analysis
tcp,ssl,FIN,9.0141,10,49,3387,8820,9.81795,2405.12,7827.74,0,37,0.9014,0.184,0.0012,0.0165,15941,7190208,9039406,42569,0.012,0.0624,0.0824,271,180,0,2731,1,4,0,0,0,0,0,Normal
tcp,http,INT,0.1256,78,39,16282,18018,1397.01105,829514.15,1147411.79,39,0,0.0016,0.0032,0.0047,0.0079,30112,5129907,9391555,63971,0.1636,0.0143,0.0789,167,462,0,3021,3,4,0,0,0,0,0,Normal
tcp,http,FIN,4.9725,2,6,1122,522,2.4132,1444.74,839.81,0,3,2.4863,0.8288,0.0124,0.0044,52445,949656,6648900,64331,0.2319,0.093,0.0412,449,87,2,4543,2,2,0,0,1,0,0,Normal
tcp,ftp,INT,1.4781,557,19,85221,342,389.6874,461243.71,1851.01,44,5,0.002654,0.077795,0.3709,0.0633,1082,573,323,3977,0.004674,0.002484,0.002795,153,18,1,34,47,19,0,0,1,0,1,Shellcode
udp,http,FIN,6.6005,31,35,9338,17710,14.99895,9055.13,21465.18,0,4,0.2129,0.1886,0.0112,0.0158,60445,635467,6616490,5755,0.0411,0.0045,0.0752,241,506,1,652,2,1,0,0,0,0,0,Normal
udp,http,CON,1.3898,63,21,17482,924,90.66045,80506.44,5318.74,42,0,0.0221,0.0662,0.0028,0.0052,39091,3736659,1735026,58026,0.1519,0.0898,0.0707,222,44,2,1841,2,4,0,0,0,0,0,Normal
udp,http,FIN,3.7585,64,33,39840,23991,38.71215,67839.63,51064.91,31,0,0.0587,0.1139,0.0172,0.0078,36950,2725221,2118412,45184,0.1507,0.0311,0.0853,498,727,2,3416,1,1,0,0,1,0,0,Normal
tcp,http,FIN,8.1574,29,30,2102,14160,10.84905,1649.54,13886.71,0,1,0.2813,0.2719,0.0011,0.0151,51876,5355611,5789876,2434,0.0249,0.0749,0.0552,58,472,1,4714,1,1,0,0,0,0,0,Normal
tcp,http,CON,1.1004,61,25,21197,16775,117.2253,123281.1,121950.73,35,0,0.018,0.044,0.0039,0.0053,47206,9877156,5139484,34059,0.2744,0.0147,0.0299,278,671,2,1895,3,4,0,0,0,0,0,Normal
udp,-,INT,5.2458,48,37,30300,26270,24.305249999999997,36966.76,40062.57,9,0,0.1093,0.1418,0.0137,0.0012,22427,8085368,579688,7222,0.2949,0.0527,0.0776,505,710,2,43,4,4,0,0,1,0,0,Normal
udp,-,INT,4.668,28,11,15015,4675,12.532049999999998,20586.09,8011.99,16,0,0.1667,0.4244,0.0064,0.0082,10259,4258620,2289131,61530,0.0806,0.0396,0.0145,429,425,2,4868,2,2,0,0,0,0,0,Normal
tcp,-,CON,4.0168,47,25,19211,15525,26.887050000000002,30609.47,30920.16,22,0,0.0855,0.1607,0.0032,0.0064,29972,8732251,9753077,31369,0.2071,0.0012,0.0018,327,621,0,4829,2,4,0,0,0,0,0,Normal
udp,-,FIN,7.4309,38,17,13015,8517,11.102250000000002,11209.43,9169.29,21,0,0.1955,0.4371,0.0102,0.0085,52058,1975191,5540042,53865,0.2226,0.0394,0.0683,274,501,0,379,4,3,0,0,1,0,0,Normal
tcp,-,CON,0.6988,629,15,120768,705,921.607,1382616.56,8071.22,1,2,0.001111,0.046585,0.1099,0.0474,283,760,522,1199,0.001229,0.003456,0.003338,192,47,0,149,56,20,0,0,8,0,1,DoS
icmp,ssh,INT,0.5004,483,9,32361,531,983.1698,517339.15,8488.83,12,4,0.001036,0.055602,0.4483,0.0528,2210,238,726,2567,0.006195,0.004195,0.00468,67,59,0,30,29,61,0,0,4,1,1,Shellcode
tcp,ssh,CON,1.1159,673,19,132581,1767,620.1447,950513.31,12668.16,2,7,0.001658,0.05873,0.4457,0.0526,3453,778,581,2590,0.003811,0.001198,0.004037,197,93,1,75,83,47,0,0,9,0,1,Botnet
udp,ssh,INT,0.555,753,25,88854,1800,1401.7153,1280699.37,25944.35,48,8,0.000737,0.022201,0.1463,0.0257,851,539,339,2370,0.004857,9.4e-05,0.004388,118,72,0,41,72,26,0,0,2,0,1,Exploit
udp,dns,INT,7.5336,43,35,9728,21735,15.5304,8264.85,23080.62,6,0,0.1752,0.2152,0.0151,0.0008,43731,6256044,2926266,53688,0.1518,0.0595,0.0335,181,621,0,4418,4,4,0,0,1,0,0,Normal
tcp,-,CON,0.3174,76,17,28690,3094,439.47585000000004,578457.34,77977.82,59,0,0.0042,0.0187,0.0115,0.0005,5560,673527,8383686,46247,0.0739,0.048,0.0413,302,182,0,1945,2,4,0,0,1,0,0,Normal
tcp,http,INT,9.3402,63,58,39847,38164,19.43205,27303.87,32687.9,4,0,0.1483,0.161,0.0136,0.0176,46368,8990215,7393407,28701,0.2753,0.0427,0.1,506,658,0,4150,4,3,0,0,1,0,0,Normal
tcp,http,CON,4.2545,78,26,26812,13728,36.66735,40334.15,25813.85,50,0,0.0545,0.1636,0.0119,0.003,32343,6910785,4193932,45531,0.2982,0.0484,0.0645,275,528,0,678,1,4,0,0,1,0,0,Normal
tcp,dns,INT,5.1249,25,0,18625,0,7.31715,23258.78,0.0,25,0,0.205,5.1249,0.0181,0.0197,7247,9192075,9991067,16252,0.0341,0.0576,0.0068,596,0,1,496,1,4,0,0,0,0,0,Normal
udp,-,CON,6.2883,20,48,14500,6624,16.220550000000003,14757.55,8427.07,0,28,0.3144,0.131,0.0166,0.0025,39983,3790043,9715069,41678,0.0155,0.0754,0.0027,580,138,1,812,1,1,0,0,0,0,0,Normal
udp,dns,INT,1.9013,16,14,1740,8862,23.667900000000003,5857.01,37287.97,0,0,0.1188,0.1358,0.0092,0.0039,20995,7033019,8321450,49042,0.0484,0.0176,0.0962,87,633,2,853,1,1,0,0,1,0,0,Normal
udp,ssl,CON,5.5466,59,8,9145,3936,18.1191,10551.96,5676.94,50,0,0.094,0.6933,0.0128,0.0029,4966,1219980,6535639,19617,0.0418,0.0675,0.0487,124,492,0,3,4,1,0,0,1,0,0,Normal
tcp,dns,CON,3.3425,10,47,4412,29610,25.57995,8448.87,70869.95,0,37,0.3342,0.0711,0.0037,0.0129,39516,7293392,6166829,50995,0.2317,0.0166,0.0461,353,630,2,4234,1,1,0,0,1,0,0,Normal
tcp,http,INT,9.1017,47,18,33076,5004,10.71225,23258.11,4398.31,28,0,0.1937,0.5056,0.0153,0.001,45085,3294420,7996139,28816,0.2622,0.0792,0.0705,563,278,1,2885,2,1,0,0,1,0,0,Normal
tcp,-,INT,8.9345,22,12,9817,5700,5.70825,7032.48,5103.79,8,0,0.4061,0.7445,0.0182,0.0144,57118,172702,6134232,61199,0.2842,0.0719,0.0615,357,475,2,4003,1,2,0,0,1,0,0,Normal
tcp,-,INT,4.4773,65,21,23400,11844,28.812150000000003,33448.91,21162.87,44,0,0.0689,0.2132,0.0151,0.0198,39401,2751606,5985111,59510,0.1364,0.0511,0.0018,288,564,0,801,2,3,0,0,0,0,0,Normal
tcp,ssl,FIN,1.6303,79,8,28045,4840,80.04660000000001,110095.02,23750.22,70,0,0.0206,0.2038,0.0066,0.0104,57767,9103789,9950865,28709,0.1694,0.0901,0.0276,284,605,2,3829,3,2,0,0,1,0,0,Normal
tcp,dns,FIN,8.7223,32,41,13760,12136,12.55395,10096.41,11131.0,0,7,0.2726,0.2127,0.0032,0.0055,13057,4959159,5972021,48297,0.1473,0.0445,0.0503,344,296,2,4136,1,1,0,0,0,0,0,Normal
udp,ssl,FIN,8.4813,15,27,10593,14607,7.42815,7994.1,13778.15,0,10,0.5654,0.3141,0.0053,0.0156,2578,1393253,3624359,6949,0.0758,0.0378,0.0993,565,541,2,3084,4,3,0,0,0,0,0,Normal
udp,dns,INT,8.5747,1,30,540,3510,5.42295,403.05,3274.76,0,27,8.5747,0.2858,0.0086,0.0079,11536,6313726,3458511,24241,0.011,0.0746,0.0816,432,117,1,1798,3,1,0,0,0,0,0,Normal
tcp,http,FIN,3.1972,51,3,6247,1152,25.334850000000003,12506.05,2882.55,46,0,0.0627,1.0657,0.0088,0.0064,48813,1921457,6368631,5302,0.2767,0.0546,0.0388,98,384,0,1670,3,2,0,0,0,0,0,Normal
tcp,http,FIN,2.0665,17,12,5737,6096,21.0498,17768.9,23598.96,3,0,0.1216,0.1722,0.0158,0.0111,26967,9509653,3024000,619,0.276,0.0909,0.0181,270,508,0,630,3,3,0,0,1,0,0,Normal
udp,http,INT,3.0031,20,54,7200,14094,36.96225,15344.34,37545.68,0,34,0.1502,0.0556,0.0005,0.0174,22037,4316246,8368175,60447,0.0444,0.0628,0.0561,288,261,0,2019,2,2,0,0,1,0,0,Normal
udp,-,FIN,8.3729,50,56,35250,7504,18.9897,26943.93,7169.76,0,4,0.1675,0.1495,0.0094,0.0011,38850,909546,6869606,32048,0.2882,0.0424,0.0186,564,134,1,1985,2,2,0,0,1,0,0,Normal
udp,http,FIN,1.139,61,31,41251,1023,121.16415,231799.36,7185.56,28,0,0.0187,0.0367,0.0054,0.0135,48924,3487545,9431630,40395,0.1009,0.0466,0.0832,541,33,1,1204,3,1,0,0,1,0,0,Normal
udp,-,CON,2.0606,35,23,11637,14858,42.22095,36145.08,57684.59,11,0,0.0589,0.0896,0.0007,0.0074,30809,3498895,8123810,7619,0.2911,0.0891,0.011,266,646,2,2094,3,4,0,0,0,0,0,Normal
udp,ssh,REQ,0.2369,632,26,72680,858,2777.1824,2454050.05,28970.49,20,2,0.000375,0.009113,0.0692,0.0648,2639,117,350,1531,0.003879,0.001863,0.003101,115,33,0,127,25,16,0,0,7,0,1,Exploit
tcp,-,INT,4.9977,20,28,13600,20636,14.406600000000001,17416.03,33032.84,0,7,0.2499,0.1785,0.0124,0.0164,10339,7197315,7943374,4832,0.2173,0.0524,0.0022,544,737,2,3826,1,3,0,0,1,0,0,Normal
udp,ssl,INT,2.5343,71,9,37630,3375,47.3508,95029.82,10653.92,61,0,0.0357,0.2816,0.0072,0.0041,29864,7125779,1516921,25681,0.1161,0.0682,0.0008,424,375,0,1979,2,1,0,0,0,0,0,Normal
tcp,-,FIN,0.3414,53,17,29282,5219,307.54365,548915.5,122291.04,34,0,0.0064,0.0201,0.0027,0.0166,6471,1104649,1182508,63017,0.1413,0.0467,0.0615,442,307,0,3292,1,4,0,0,0,0,0,Normal
icmp,ssh,REQ,1.4765,495,17,67320,1445,346.7723,364761.12,7829.47,37,1,0.002983,0.086851,0.2585,0.0762,3312,506,133,2383,0.001799,0.002954,0.001279,136,85,1,57,64,30,0,0,6,1,1,Reconnaissance
udp,-,FIN,2.5944,42,4,5197,1628,26.5953,12821.26,5019.96,37,0,0.0618,0.6486,0.0187,0.0086,59957,5770391,962351,33673,0.26,0.0792,0.0955,99,407,0,4349,1,1,0,0,0,0,0,Normal
icmp,http,REQ,0.1921,540,9,52380,360,2857.2592,2180885.04,14988.9,4,2,0.000356,0.021349,0.1097,0.038,1166,755,238,3258,0.002585,0.001355,0.003556,97,40,1,5,45,46,0,0,1,1,1,DoS
tcp,dns,FIN,1.9238,65,38,7475,23066,80.3106,24867.68,95919.4,27,0,0.0296,0.0506,0.0106,0.017,46332,8396954,9382518,26328,0.2442,0.0868,0.0407,92,607,0,2513,2,2,0,0,1,0,0,Normal
udp,http,FIN,9.0259,44,42,6930,23100,14.29215,4913.86,20474.42,0,0,0.2051,0.2149,0.0105,0.0022,52888,8275115,1718940,20419,0.255,0.0063,0.068,126,550,0,3554,1,4,0,0,0,0,0,Normal
udp,ssl,INT,0.1612,74,8,49117,5304,762.95625,1949893.04,263201.32,64,0,0.0022,0.0202,0.0142,0.0111,5097,7761885,476927,16994,0.1328,0.0492,0.0856,531,663,0,2860,1,1,0,0,1,0,0,Normal
tcp,ssl,CON,8.1812,19,17,10711,13583,6.6004499999999995,8379.2,13282.14,2,0,0.4306,0.4812,0.0181,0.0099,22029,4705518,9107575,5482,0.2598,0.0961,0.01,451,799,2,3521,1,3,0,0,1,0,0,Normal
tcp,-,CON,0.0965,547,9,88614,693,5761.4592,7345984.82,57448.79,14,1,0.000176,0.010723,0.2737,0.0062,1187,445,799,239,0.005691,0.003389,0.003681,162,77,1,118,98,39,0,0,2,1,1,Analysis
tcp,ssl,INT,8.0973,36,37,3555,10101,13.52295,2809.81,9979.58,0,1,0.2249,0.2188,0.0032,0.0124,62928,3629544,7217429,54610,0.1558,0.0282,0.0341,79,273,0,3399,3,3,0,0,1,0,0,Normal
icmp,http,INT,1.2217,284,5,33512,240,236.5533,219442.86,1571.57,34,2,0.004302,0.244342,0.2482,0.0789,3647,742,255,3094,0.006643,0.002219,0.00091,118,48,1,46,50,52,0,0,1,0,1,Worm
udp,ssl,INT,6.2663,49,24,3858,9264,17.4744,3941.07,11827.04,25,0,0.1279,0.2611,0.0057,0.0027,1243,2228659,7507093,52903,0.0194,0.0211,0.0444,63,386,1,7,1,4,0,0,0,0,0,Normal
icmp,http,RST,0.4212,160,28,20160,1988,446.3462,382908.07,37758.99,4,4,0.002632,0.015043,0.2064,0.0407,2779,357,282,2001,0.003491,0.001996,0.003951,126,71,1,25,24,59,0,0,1,1,1,Shellcode
tcp,-,FIN,0.5552,42,55,22732,5775,262.07280000000003,262051.21,83214.88,0,13,0.0132,0.0101,0.0198,0.0033,62713,4971882,1734647,32478,0.1443,0.0977,0.0126,433,105,0,4657,4,4,0,0,1,0,0,Normal
tcp,dns,CON,0.6271,8,10,3930,7250,43.05705,40110.04,92492.93,0,1,0.0784,0.0627,0.0124,0.0186,13954,5043069,6135928,47084,0.1434,0.0746,0.0346,393,725,1,3618,2,3,0,0,0,0,0,Normal
tcp,dns,CON,7.8581,49,8,26031,3152,10.88055,21201.13,3208.93,40,0,0.1604,0.9823,0.0054,0.0027,44665,3629812,8498616,31007,0.1593,0.0511,0.0358,425,394,1,917,3,2,0,0,1,0,0,Normal
tcp,ssl,INT,3.6428,33,11,10106,6578,18.11805,17755.64,14446.08,21,0,0.1104,0.3312,0.0129,0.0163,4203,606400,6304422,56304,0.0129,0.0828,0.0124,245,598,0,3618,1,3,0,0,0,0,0,Normal
udp,http,CON,7.6549,75,38,21468,10944,22.142850000000003,17949.38,11437.44,35,0,0.1021,0.2014,0.0066,0.0119,6562,7759141,6620390,21251,0.1595,0.0427,0.0352,229,288,2,47,4,3,0,0,0,0,0,Normal
tcp,-,FIN,0.016,66,15,11220,4890,7603.874699999999,4493983.85,2448259.92,50,0,0.0002,0.0011,0.0101,0.0048,48228,9081135,7651491,3562,0.2292,0.0137,0.0705,136,326,1,1713,3,2,0,0,1,0,0,Normal
udp,http,CON,7.5753,26,19,10725,8911,8.9106,9061.02,9410.58,5,0,0.2914,0.3987,0.0113,0.0096,6221,7552658,9927569,64041,0.0093,0.0269,0.0071,330,469,1,2778,1,3,0,0,0,0,0,Normal
udp,ssl,FIN,1.9616,67,49,25292,15827,88.70339999999999,82520.61,64547.48,17,0,0.0293,0.04,0.0151,0.0173,54593,4138994,5025999,55075,0.2892,0.0148,0.0825,302,323,0,4910,2,1,0,0,1,0,0,Normal
tcp,ssh,INT,0.5386,305,14,19215,1386,592.3158,285425.64,20588.08,2,1,0.001766,0.038469,0.1575,0.0455,709,933,626,2639,0.005714,0.000191,0.000307,63,99,1,163,56,16,0,0,6,1,1,Shellcode
udp,-,INT,7.0632,40,20,17900,15340,12.7422,16219.34,17374.63,20,0,0.1766,0.3532,0.0125,0.0143,19904,8108903,7095619,5421,0.0131,0.0201,0.0092,358,767,0,1730,4,1,0,0,0,0,0,Normal
tcp,ftp,RST,1.1162,510,18,45900,1332,473.0269,328968.71,9546.54,37,8,0.002189,0.062012,0.1634,0.0206,3711,982,150,1861,0.006242,0.004479,0.000837,90,74,0,78,72,36,0,0,9,0,1,Exploit
udp,dns,INT,9.2655,61,44,22570,24420,16.9986,15589.9,21084.71,16,0,0.1519,0.2106,0.0104,0.0126,52259,9050360,5199886,23783,0.0134,0.0278,0.0735,296,555,0,163,2,1,0,0,1,0,0,Normal
udp,http,CON,1.1771,29,28,6162,15232,72.6342,33505.21,103519.54,0,0,0.0406,0.042,0.0149,0.0072,622,2085896,9736517,37708,0.1856,0.0366,0.0339,170,544,1,1563,2,2,0,0,0,0,0,Normal
icmp,ftp,INT,0.526,623,2,69776,32,1188.1723,1061195.65,486.68,43,9,0.000844,0.263009,0.4463,0.0877,3730,60,524,999,0.009088,0.002707,0.004114,112,16,1,82,69,42,0,0,0,0,1,Exploit
tcp,dns,FIN,8.0298,21,41,2178,23985,11.58195,1736.54,23896.08,0,19,0.3824,0.1958,0.0163,0.0026,50315,6288215,5160250,5309,0.0373,0.0782,0.0629,83,585,0,2519,1,4,0,0,0,0,0,Normal
udp,ftp,CON,0.9875,630,13,84420,1092,651.154,683924.32,8846.78,25,6,0.001567,0.07596,0.0816,0.0591,3141,834,814,2189,0.002073,0.00084,0.002443,134,84,1,179,65,38,0,0,0,0,1,Generic
udp,-,FIN,0.2253,28,9,17430,828,246.3849,495220.37,29406.37,19,0,0.008,0.025,0.009,0.0091,52285,2104617,2644339,47172,0.2307,0.0991,0.0612,498,92,0,3178,4,1,0,0,1,0,0,Normal
udp,ssl,FIN,1.0972,63,15,10158,1245,106.63395,59255.64,9077.55,48,0,0.0174,0.0731,0.015,0.0148,36131,3792795,488204,32972,0.204,0.0554,0.03,129,83,0,204,3,3,0,0,1,0,0,Normal
udp,ssl,INT,2.5339,13,14,6792,3626,15.98355,17156.44,11448.15,0,0,0.1949,0.181,0.0132,0.0024,15581,8922906,2102655,42664,0.2993,0.0407,0.0175,418,259,1,1734,3,3,0,0,0,0,0,Normal
tcp,ssl,CON,5.0569,60,55,40725,770,34.1118,51541.37,1218.14,4,0,0.0843,0.0919,0.0006,0.0092,61327,5262818,9754405,17256,0.2846,0.09,0.0039,543,14,1,1839,2,4,0,0,1,0,0,Normal
udp,dns,INT,5.5929,55,46,17531,598,27.08775,20061.06,855.37,8,0,0.1017,0.1216,0.0124,0.0191,8715,9800921,4423894,11939,0.2966,0.0914,0.0366,255,13,2,1347,1,2,0,0,0,0,0,Normal
tcp,dns,INT,3.1769,34,27,21760,12150,28.801949999999998,43836.8,30596.11,5,0,0.0934,0.1177,0.0145,0.0104,55512,6158343,3946961,43625,0.1767,0.0162,0.0704,512,450,1,2331,3,4,0,0,1,0,0,Normal
udp,http,CON,0.8756,262,6,41396,354,306.0844,378228.9,3234.44,41,7,0.003342,0.145929,0.297,0.0703,2956,325,395,1330,0.009225,0.000307,0.002191,158,59,1,60,95,11,0,0,5,1,1,Shellcode
udp,http,INT,5.4945,29,11,3951,1859,10.92,4602.39,2706.69,18,0,0.1895,0.4995,0.0157,0.0126,31488,4549460,7519078,10795,0.1691,0.0337,0.0259,109,169,0,2116,1,1,0,0,0,0,0,Normal
icmp,ssh,CON,0.0531,573,4,37818,204,10868.0111,5698529.56,30739.33,34,3,9.3e-05,0.013273,0.4157,0.045,2115,238,602,2188,0.005277,0.001136,0.004353,66,51,1,191,40,15,0,0,4,1,1,Reconnaissance
tcp,http,RST,0.425,215,28,34615,1260,571.6998,651502.46,23714.95,33,7,0.001977,0.01518,0.4096,0.0951,2955,347,889,1588,0.009085,0.002285,0.000107,161,45,0,5,26,37,1,3,6,1,1,Backdoor
tcp,http,RST,1.1913,402,2,47436,150,339.1231,318547.41,1007.3,19,7,0.002963,0.595654,0.2201,0.0012,2430,592,45,3698,0.001495,0.002312,0.00384,118,75,1,59,93,47,0,0,0,0,1,DoS
tcp,http,INT,5.7739,35,37,7525,25234,18.70485,8340.97,34962.8,0,1,0.165,0.1561,0.0197,0.0181,18090,1772413,2033223,23533,0.2261,0.0043,0.0704,172,682,0,463,2,3,0,0,1,0,0,Normal
tcp,-,FIN,4.1561,28,26,14105,19500,19.48935,21720.27,37535.03,2,0,0.1484,0.1599,0.0061,0.0017,23585,2541233,4296446,33224,0.1153,0.0383,0.0073,403,750,2,1796,2,4,0,0,0,0,0,Normal
tcp,http,INT,3.4407,24,10,4680,2840,14.822700000000001,8705.26,6603.35,12,0,0.1434,0.3441,0.0146,0.0159,2035,7321661,5677282,23460,0.0223,0.0242,0.0503,156,284,1,1877,4,2,0,0,0,0,0,Normal
tcp,-,FIN,4.2697,56,33,11970,9537,31.26645,17942.06,17868.99,22,0,0.0762,0.1294,0.0141,0.0126,40052,9695928,7372974,7241,0.1456,0.0495,0.0409,171,289,1,3413,1,1,0,0,0,0,0,Normal
tcp,-,REQ,0.9773,615,21,60885,483,650.7596,498383.59,3953.67,25,8,0.001589,0.046539,0.1786,0.098,590,601,843,2462,0.00809,0.004503,0.003574,99,23,1,152,79,42,0,0,5,1,1,Reconnaissance
udp,dns,CON,4.6976,72,27,14130,5184,31.6119,19250.66,8828.33,44,0,0.0652,0.174,0.0089,0.0117,11411,3396922,1923900,46707,0.1453,0.0889,0.0152,157,192,0,1874,4,4,0,0,0,0,0,Normal
udp,ssl,FIN,8.7755,12,47,8985,12079,10.084800000000001,6552.77,11011.53,0,34,0.7313,0.1867,0.0057,0.0123,36094,2084777,2741983,61530,0.152,0.0824,0.037,599,257,1,510,2,2,0,0,0,0,0,Normal
icmp,ftp,CON,0.0058,302,0,55568,0,52016.5073,76568298.79,0.0,33,8,1.9e-05,0.005806,0.1422,0.0041,2132,499,866,3925,0.006867,0.002637,0.000807,184,0,1,173,55,38,0,0,5,0,1,Exploit
udp,dns,FIN,7.1622,20,53,13475,32542,15.288599999999999,12040.99,36348.61,0,32,0.3581,0.1351,0.0144,0.0174,16836,8821642,6399771,41923,0.0646,0.0006,0.0414,539,614,1,4223,2,2,0,0,1,0,0,Normal
tcp,-,CON,0.2452,12,40,1320,10880,318.0834,34450.88,354948.42,0,27,0.0204,0.0061,0.0117,0.0098,2824,6710199,2943525,32156,0.0645,0.0657,0.0734,88,272,2,1151,3,4,0,0,1,0,0,Normal
udp,-,CON,4.9489,32,4,7600,3180,10.9116,9828.54,5140.58,28,0,0.1547,1.2372,0.0133,0.0159,59596,9604071,8097865,8031,0.1989,0.0111,0.0098,190,795,0,4203,4,1,0,0,1,0,0,Normal
udp,dns,INT,8.041,55,18,27843,9360,13.6176,22161.35,9312.24,37,0,0.1462,0.4467,0.0035,0.0173,61198,5060048,2916293,44195,0.2854,0.0209,0.0917,405,520,1,3851,1,2,0,0,1,0,0,Normal
udp,dns,CON,6.9944,73,34,41245,19346,22.947,37740.05,22127.5,37,0,0.0958,0.2057,0.0026,0.0151,44295,4493214,9689383,22220,0.1006,0.014,0.0574,452,569,1,3775,1,3,0,0,0,0,0,Normal
tcp,http,INT,1.5994,12,18,3090,10800,28.1349,12364.37,54019.09,0,5,0.1333,0.0889,0.0113,0.0177,27768,5127899,8902203,9120,0.1517,0.0424,0.039,206,600,2,2467,2,3,0,0,1,0,0,Normal
tcp,dns,INT,4.1229,75,56,40500,23240,47.66085,62868.66,45094.68,19,0,0.055,0.0736,0.005,0.0078,48829,7658600,7220973,13367,0.0025,0.0969,0.0007,432,415,0,3002,4,4,0,0,0,0,0,Normal
udp,http,FIN,9.94,63,14,21341,3710,11.61975,13740.82,2985.91,48,0,0.1578,0.71,0.0058,0.012,6738,8647040,5997501,64623,0.0426,0.0756,0.0927,271,265,0,1178,4,3,0,0,1,0,0,Normal
tcp,ssl,FIN,2.4732,14,53,1487,20140,40.6353,3849.23,65145.83,0,37,0.1767,0.0467,0.0121,0.0172,7981,3177944,5622386,53590,0.2674,0.012,0.016,85,380,1,62,4,2,0,0,0,0,0,Normal
tcp,dns,INT,7.0063,57,40,8051,14680,20.7669,7354.47,16761.94,16,0,0.1229,0.1752,0.0017,0.0177,15754,613552,7365671,59181,0.1213,0.0625,0.0448,113,367,2,1052,4,3,0,0,1,0,0,Normal
tcp,ssl,INT,1.0544,59,35,5973,12460,133.7208,36258.26,94533.97,24,0,0.0179,0.0301,0.0154,0.0058,37071,7855954,7382013,7689,0.1137,0.0157,0.0962,81,356,2,4513,4,2,0,0,1,0,0,Normal
udp,http,FIN,2.475,61,47,13801,22748,65.45474999999999,35688.21,73529.16,13,0,0.0406,0.0527,0.0056,0.0097,47449,680755,638483,55096,0.2418,0.0873,0.0945,181,484,0,3826,2,1,0,0,1,0,0,Normal
udp,http,FIN,2.5756,19,19,2731,7733,22.13055,6786.72,24019.1,0,0,0.1356,0.1356,0.0047,0.0155,22043,7080367,3219711,5629,0.292,0.0459,0.0527,115,407,1,150,2,4,0,0,1,0,0,Normal
udp,dns,CON,2.5215,37,21,22153,11592,34.503,56229.46,36777.74,14,0,0.0681,0.1201,0.0066,0.0193,64373,6624275,2673878,54180,0.1228,0.0546,0.046,479,552,1,3960,3,1,0,0,1,0,0,Normal
tcp,dns,FIN,0.6822,51,5,5801,270,123.1386,54427.27,3166.42,45,0,0.0134,0.1364,0.0141,0.0071,22675,9531281,3629758,17045,0.0555,0.0351,0.0351,91,54,0,1082,2,3,0,0,0,0,0,Normal
udp,http,INT,2.8282,71,8,4260,1144,41.89875,9639.91,3235.93,61,0,0.0398,0.3535,0.0069,0.0051,41203,2718365,5873335,23269,0.126,0.0662,0.0125,48,143,2,3498,4,4,0,0,0,0,0,Normal
icmp,-,REQ,1.0849,535,19,52430,361,510.648,386617.69,2662.01,31,9,0.002028,0.0571,0.1228,0.0922,1306,608,439,2946,0.003111,0.000689,0.001765,98,19,0,29,87,68,0,1,7,0,1,Backdoor
icmp,ftp,RST,0.6322,300,6,25500,534,484.05,322699.97,6757.72,49,2,0.002107,0.105361,0.4947,0.0649,543,435,214,336,0.007086,0.004992,0.000804,85,89,0,54,52,53,0,0,4,1,1,DoS
udp,http,CON,0.7154,10,8,6700,4864,37.73865,59934.66,54388.47,0,0,0.0715,0.0894,0.0195,0.0014,35516,2777334,4167328,60414,0.1163,0.0932,0.0727,536,608,0,1803,2,1,0,0,0,0,0,Normal
tcp,dns,CON,1.8903,11,59,5128,43129,55.5459,17364.19,182525.05,0,47,0.1718,0.032,0.0137,0.0046,24749,6425167,6435320,18098,0.0753,0.0169,0.0032,373,731,1,1231,1,4,0,0,1,0,0,Normal
tcp,-,INT,3.3984,42,33,30870,4554,33.1038,58135.68,10720.36,7,0,0.0809,0.103,0.0132,0.0145,24612,6390888,4233747,29010,0.2117,0.095,0.0355,588,138,0,230,3,2,0,0,1,0,0,Normal
udp,ssl,INT,0.2586,58,48,13557,31632,614.9172,335566.85,978669.62,9,0,0.0045,0.0054,0.0054,0.0084,22080,3154310,8694873,6652,0.1965,0.0952,0.0584,187,659,1,1479,4,2,0,0,0,0,0,Normal
udp,dns,INT,2.6894,57,29,20163,2088,47.96595,47983.77,6211.03,27,0,0.0472,0.0927,0.0021,0.0193,8469,7794292,9403119,26623,0.2022,0.0969,0.037,283,72,1,4297,2,3,0,0,0,0,0,Normal
tcp,dns,CON,1.5952,70,58,7875,45472,120.36269999999999,31595.22,228047.25,11,0,0.0228,0.0275,0.0031,0.0184,13713,8113411,1449730,32435,0.1825,0.0487,0.0602,90,784,1,4488,3,1,0,0,0,0,0,Normal
udp,dns,FIN,0.3535,4,27,1935,14256,131.53215,35029.97,322601.63,0,23,0.0884,0.0131,0.0055,0.0084,63777,8643608,6311054,55621,0.0163,0.0109,0.0881,387,528,1,2376,2,1,0,0,0,0,0,Normal
tcp,ssl,CON,0.1208,20,6,1400,4116,322.7946,74159.97,272537.9,14,0,0.006,0.0201,0.0115,0.0026,2810,3889119,2931796,58384,0.0547,0.0202,0.0558,56,686,1,953,2,3,0,0,0,0,0,Normal
icmp,ssh,REQ,0.5274,186,17,36828,1275,384.9035,558629.57,19339.98,11,6,0.002836,0.031024,0.1299,0.0958,731,78,974,599,0.009199,0.003713,0.001387,198,75,0,119,34,30,0,0,6,0,1,Analysis
tcp,-,CON,1.2197,9,48,2261,11616,70.1007,11865.46,76190.79,0,39,0.1355,0.0254,0.0159,0.0063,13796,9008327,8459724,27298,0.1457,0.0983,0.0942,201,242,0,133,4,3,0,0,0,0,0,Normal
udp,-,CON,7.7746,54,32,21532,15008,16.5924,17725.3,15443.01,20,0,0.144,0.243,0.0064,0.0058,7791,3889641,6002725,19274,0.2048,0.0244,0.0192,319,469,0,4165,4,3,0,0,1,0,0,Normal
udp,-,FIN,8.6917,48,46,21420,36248,16.2225,15772.36,33363.48,2,0,0.1811,0.1889,0.0127,0.0,30736,5790279,5724190,54221,0.1911,0.0271,0.0562,357,788,2,812,3,4,0,0,0,0,0,Normal
tcp,http,CON,4.3465,18,59,2857,13098,26.573249999999998,4207.54,24107.74,0,40,0.2415,0.0737,0.0167,0.0038,25426,8112632,5764951,58673,0.259,0.0,0.0897,127,222,2,139,4,3,0,0,1,0,0,Normal
udp,-,INT,5.8893,16,56,9140,44016,18.338250000000002,9932.57,59791.05,0,38,0.3681,0.1052,0.0193,0.0065,6351,6321962,6958067,39664,0.3,0.0846,0.0057,457,786,2,1063,2,4,0,0,0,0,0,Normal
tcp,http,INT,0.8587,70,24,34387,10416,164.20665000000002,256302.15,97042.65,44,0,0.0123,0.0358,0.0184,0.0064,37940,2618958,9546818,44267,0.2651,0.0669,0.0194,393,434,1,4012,3,4,0,0,0,0,0,Normal
tcp,dns,CON,3.7857,18,8,4410,4120,10.30185,7455.38,8706.39,10,0,0.2103,0.4732,0.018,0.0063,18760,7860973,5203357,7636,0.2643,0.0311,0.0576,196,515,0,4590,3,4,0,0,0,0,0,Normal
udp,dns,INT,1.7162,12,17,3210,3825,25.347,11970.75,17830.26,0,3,0.143,0.101,0.0082,0.008,14950,2355013,7275930,25931,0.0232,0.0443,0.0527,214,225,1,2034,1,3,0,0,1,0,0,Normal
tcp,ftp,RST,1.4182,738,21,95202,63,535.1923,537036.93,355.38,8,7,0.001922,0.067532,0.342,0.048,3202,984,479,975,0.000357,0.003439,0.004355,129,3,0,88,38,73,0,0,9,1,1,Reconnaissance
udp,-,INT,3.9162,1,12,353,8724,4.9794,578.12,17821.5,0,11,3.9162,0.3263,0.0128,0.0005,56225,2324071,9177979,14587,0.1333,0.0136,0.0718,283,727,0,2612,4,3,0,0,1,0,0,Normal
udp,ssh,CON,0.7703,463,15,88896,210,620.5684,923281.22,2181.08,40,4,0.001664,0.051351,0.4293,0.0749,3767,88,113,743,0.002055,0.004611,0.001076,192,14,0,54,52,49,0,0,0,0,1,Exploit
tcp,http,CON,8.8868,76,33,15010,16500,18.3981,10809.73,14853.48,43,0,0.1169,0.2693,0.0145,0.0059,28270,6785847,9721835,16456,0.2647,0.003,0.0968,158,500,2,2816,4,2,0,0,1,0,0,Normal
tcp,http,FIN,0.3435,7,31,647,8370,165.92415,12062.98,194917.19,0,23,0.0491,0.0111,0.0127,0.0188,7077,1436228,9553785,16982,0.2359,0.0166,0.0976,74,270,0,1722,4,4,0,0,0,0,0,Normal
tcp,dns,FIN,6.4754,12,19,6525,5719,7.1811,6449.04,7065.53,0,6,0.5396,0.3408,0.0198,0.0094,63239,4680596,2899797,5343,0.1958,0.0496,0.0435,435,301,2,4127,2,1,0,0,1,0,0,Normal
udp,-,CON,1.3642,726,5,41382,55,535.8321,242668.18,322.53,32,2,0.001879,0.272847,0.1845,0.0566,3919,493,520,346,0.000609,0.003742,0.002744,57,11,0,135,53,25,0,0,6,0,1,Shellcode
icmp,-,CON,0.7377,722,3,137902,102,982.7278,1495394.55,1106.08,32,1,0.001022,0.245914,0.1076,0.0355,2646,799,656,3940,0.009175,0.002931,0.002818,191,34,0,167,86,78,0,0,4,0,1,Shellcode
udp,http,INT,7.7296,68,15,44115,7935,16.107,36526.81,8212.63,53,0,0.1137,0.5153,0.0041,0.017,36311,8254478,9723874,25309,0.2684,0.0877,0.0107,519,529,1,1258,2,2,0,0,0,0,0,Normal
tcp,-,FIN,7.9367,8,8,5630,1008,3.0238499999999995,4539.91,1016.04,0,0,0.9921,0.9921,0.017,0.0007,21979,245932,1825760,40299,0.2606,0.0456,0.0585,563,126,0,1241,2,4,0,0,1,0,0,Normal
icmp,ssh,REQ,1.0619,257,4,42148,92,245.7915,317536.22,693.11,42,7,0.004132,0.265469,0.4599,0.0262,3246,261,172,931,0.007396,0.002099,0.000414,164,23,1,114,72,57,0,0,3,0,1,DoS
udp,-,INT,4.03,52,20,6110,15520,26.7987,9703.13,30808.64,31,0,0.0775,0.2015,0.0008,0.0005,25092,2624524,5078138,28281,0.0609,0.068,0.0282,94,776,1,1220,2,1,0,0,1,0,0,Normal
tcp,ssl,FIN,6.1204,65,7,13650,3255,17.646,14273.63,4254.64,58,0,0.0942,0.8743,0.0148,0.0126,32484,4703701,3237942,46430,0.219,0.0618,0.085,168,465,0,3507,1,2,0,0,0,0,0,Normal
tcp,http,INT,0.8181,354,27,59118,513,465.72,578108.93,5016.57,21,2,0.002311,0.0303,0.4389,0.0556,1555,569,20,2556,1.9e-05,0.004351,0.004269,167,19,1,30,33,34,1,3,5,1,1,Backdoor
udp,-,CON,0.1959,780,19,91260,665,4078.4458,3726647.96,27155.61,30,8,0.000251,0.010311,0.1081,0.0319,420,955,985,2502,0.003974,0.001263,0.001956,117,35,0,81,97,59,0,0,8,0,1,Worm
tcp,ssl,INT,8.241,40,19,4600,13832,10.738949999999999,3572.37,13427.46,19,0,0.206,0.4337,0.018,0.0002,22076,2236529,267201,43688,0.0306,0.0948,0.0865,92,728,1,21,1,2,0,0,0,0,0,Normal
tcp,ssl,FIN,6.7237,16,48,10340,8688,14.277899999999999,9842.27,10337.23,0,31,0.4202,0.1401,0.0121,0.0171,33924,6435750,2709097,14520,0.2963,0.0975,0.0428,517,181,1,1181,3,2,0,0,0,0,0,Normal
udp,http,INT,7.0881,52,2,10920,646,11.4276,9859.87,729.11,50,0,0.1363,3.5441,0.011,0.0149,15448,3158558,7928777,28088,0.2644,0.0637,0.0209,168,323,2,872,3,1,0,0,0,0,0,Normal
udp,ssh,CON,0.3123,416,4,32448,144,1344.6858,831092.68,3688.28,36,9,0.000751,0.078085,0.174,0.0898,651,965,456,2595,0.007993,0.00235,0.004315,78,36,1,161,72,28,1,1,4,1,1,Backdoor
tcp,ssl,CON,9.6772,78,38,26325,16150,17.9805,17410.07,13351.03,38,0,0.1241,0.2547,0.0152,0.0067,33679,788749,5998458,5209,0.0177,0.0977,0.0368,270,425,2,576,2,3,0,0,1,0,0,Normal
tcp,-,FIN,9.2212,39,16,21888,6624,8.94675,15192.03,5746.79,21,0,0.2364,0.5763,0.0098,0.0131,18595,3088845,2004320,43486,0.2494,0.0212,0.0576,449,414,2,2050,2,2,0,0,0,0,0,Normal
udp,ssl,FIN,2.8235,14,6,5722,2910,10.6251,12971.12,8245.07,7,0,0.2017,0.4706,0.0161,0.0093,60297,4677221,4617696,34385,0.0032,0.0685,0.0224,327,485,2,2858,2,3,0,0,1,0,0,Normal
udp,http,INT,9.8625,63,57,45675,45087,18.25095,29639.63,36572.58,4,0,0.1565,0.173,0.0199,0.0179,41434,5736747,1524210,30729,0.0387,0.0895,0.0319,580,791,2,2600,1,4,0,0,0,0,0,Normal
udp,-,FIN,2.4137,57,8,7410,2688,40.39485,19648.08,8909.25,47,0,0.0423,0.3017,0.0084,0.0021,10484,4870213,7418119,39462,0.1051,0.0,0.0646,104,336,0,3496,4,4,0,0,1,0,0,Normal
udp,dns,INT,6.3913,56,4,12530,2020,14.08155,12546.96,2528.42,52,0,0.1141,1.5978,0.0104,0.0038,1322,3693641,5952617,42118,0.0189,0.0732,0.0432,179,505,1,1456,3,2,0,0,0,0,0,Normal
udp,http,FIN,9.0169,34,21,12155,12516,9.149550000000001,8627.35,11104.47,12,0,0.2652,0.4294,0.0037,0.0175,12069,1733018,8199580,8650,0.0827,0.035,0.0672,286,596,1,2942,3,2,0,0,0,0,0,Normal
udp,-,FIN,5.0321,14,35,8627,4585,14.606250000000001,10972.82,7289.24,0,19,0.3594,0.1438,0.0198,0.0194,48420,4853464,8529574,21951,0.1029,0.0442,0.0022,493,131,0,3465,1,3,0,0,1,0,0,Normal
udp,ssl,INT,7.1645,36,59,23310,29028,19.88985,20822.74,32413.26,0,22,0.199,0.1214,0.0188,0.0007,64960,6620912,6206536,1567,0.2971,0.0468,0.0398,518,492,0,1596,3,1,0,0,0,0,0,Normal
tcp,dns,FIN,9.6641,69,41,27772,32718,17.07345,18392.12,27084.06,28,0,0.1401,0.2357,0.009,0.0123,49485,3030224,2974441,48459,0.214,0.0967,0.0075,322,798,2,2444,4,1,0,0,1,0,0,Normal
tcp,dns,FIN,8.0559,73,22,49457,396,17.6889,39291.56,393.25,49,0,0.1104,0.3662,0.0056,0.0144,21601,653641,2703140,39019,0.2452,0.0116,0.0555,542,18,1,548,4,3,0,0,1,0,0,Normal
tcp,http,REQ,1.2236,111,11,5550,594,99.7087,36287.45,3883.74,5,0,0.011023,0.111233,0.2361,0.0828,930,582,628,692,0.000954,0.002444,0.000417,50,54,0,113,39,42,0,0,1,1,1,Generic
tcp,-,CON,0.3804,57,12,9690,4452,272.08664999999996,163031.21,93629.38,44,0,0.0067,0.0317,0.0009,0.0117,56557,4386500,6546147,28474,0.1437,0.0016,0.0362,136,371,2,4653,3,4,0,0,0,0,0,Normal
tcp,-,RST,1.3955,260,24,10660,2328,203.515,61111.82,13346.0,1,5,0.005367,0.058145,0.1821,0.0298,2405,730,291,551,0.002017,0.003875,0.003172,41,97,1,78,35,30,0,0,7,1,1,Generic
udp,ssl,CON,7.5001,28,56,8785,6048,16.7997,7496.41,6451.09,0,27,0.2679,0.1339,0.0086,0.0181,27835,9116190,2477286,50036,0.0303,0.028,0.0306,251,108,0,3812,4,2,0,0,0,0,0,Normal
tcp,http,FIN,5.6894,63,9,15592,1674,18.98265,17539.99,2353.85,52,0,0.0903,0.6322,0.0124,0.0133,3914,1806521,8351585,50546,0.1203,0.0626,0.0903,198,186,2,4565,4,3,0,0,0,0,0,Normal
udp,ssl,FIN,2.2316,45,42,18450,10542,58.4775,52912.01,37791.22,3,0,0.0496,0.0531,0.0138,0.0001,38720,8642249,3484839,37608,0.0037,0.009,0.0857,328,251,0,2950,2,2,0,0,1,0,0,Normal
icmp,http,INT,0.5504,407,16,20350,1040,768.4812,295765.35,15115.28,26,4,0.001352,0.034402,0.4206,0.0092,1376,783,538,651,0.008104,0.002638,0.004197,50,65,1,94,66,24,0,0,7,1,1,Botnet
udp,dns,FIN,2.2411,47,6,8048,2442,35.472899999999996,22984.68,8716.97,41,0,0.0477,0.3735,0.012,0.007,49236,7620439,9171636,14881,0.2695,0.0432,0.0693,137,407,2,3872,4,2,0,0,1,0,0,Normal
udp,http,FIN,8.9972,47,31,6873,21111,13.0041,4889.52,18771.17,14,0,0.1914,0.2902,0.0139,0.0098,61657,2586078,1609172,49461,0.1453,0.0163,0.0249,117,681,2,558,4,4,0,0,1,0,0,Normal
tcp,ssl,INT,7.9324,57,19,13680,12730,14.3715,11037.29,12838.52,36,0,0.1392,0.4175,0.0198,0.015,52039,6883205,8938208,58936,0.1464,0.0276,0.0906,192,670,0,119,3,1,0,0,0,0,0,Normal
udp,dns,INT,7.7919,32,23,22160,184,10.587900000000001,18201.51,188.91,7,0,0.2435,0.3388,0.011,0.0112,46345,3857002,9243361,21802,0.296,0.0747,0.0718,554,8,2,4286,4,2,0,0,0,0,0,Normal
udp,-,FIN,0.4717,53,8,14442,5832,193.9935,195969.42,98917.57,43,0,0.0089,0.059,0.0154,0.0131,53810,9468677,4720317,60035,0.2808,0.0562,0.0791,218,729,0,2011,4,4,0,0,0,0,0,Normal
icmp,ssh,REQ,0.2636,753,20,141564,1480,2932.2636,4296020.31,44913.33,14,9,0.00035,0.013181,0.2167,0.0329,2117,857,763,129,0.000103,0.002653,0.001449,188,74,0,107,46,54,0,0,6,1,1,Generic
tcp,http,INT,6.9763,28,30,17815,6900,12.4707,16343.26,7912.47,0,2,0.2492,0.2325,0.0108,0.0187,44865,6102909,2320687,52128,0.1439,0.0733,0.0192,509,230,1,4154,2,4,0,0,1,0,0,Normal
icmp,ssh,REQ,0.4961,155,1,21545,66,314.4825,347462.83,1064.4,36,5,0.0032,0.496053,0.1399,0.0763,621,169,99,2142,0.004707,0.004843,0.001883,139,66,1,11,69,33,0,0,5,0,1,Worm
udp,http,CON,1.0777,708,21,99120,1974,676.455,735804.85,14653.74,14,0,0.001522,0.051318,0.2627,0.0745,1156,278,230,1813,0.003646,0.001028,0.001049,140,94,1,38,31,28,0,0,2,1,1,Generic
tcp,-,CON,8.8345,29,41,17110,29971,11.88525,12395.08,27140.05,0,11,0.3046,0.2155,0.0128,0.0061,51790,7580715,3607023,33553,0.0073,0.0091,0.0165,472,731,1,2608,3,2,0,0,1,0,0,Normal
udp,ssl,CON,7.7017,55,58,27156,14674,22.008000000000003,22566.36,15242.29,0,3,0.14,0.1328,0.0025,0.0172,64404,4659307,3345647,59180,0.2626,0.062,0.0117,395,253,1,1810,4,4,0,0,1,0,0,Normal
tcp,ftp,INT,1.1734,171,4,13167,312,149.1351,89767.42,2127.09,19,5,0.006862,0.293358,0.0356,0.0421,1202,263,480,22,0.009947,0.002748,0.002348,77,78,0,46,21,71,0,0,5,0,1,Worm
udp,-,FIN,1.1615,66,50,30442,28400,149.80185,167736.77,195603.36,14,0,0.0176,0.0232,0.012,0.0,23171,9157602,1159957,57024,0.2822,0.0325,0.0855,369,568,1,755,4,3,0,0,1,0,0,Normal
tcp,-,INT,1.1499,42,46,11025,29716,114.79079999999999,61360.86,206734.62,0,3,0.0274,0.025,0.0063,0.0026,40485,8197830,7262655,5567,0.0483,0.021,0.0861,210,646,1,3997,2,2,0,0,1,0,0,Normal
tcp,-,REQ,0.6646,338,25,38870,1475,546.2158,467909.83,17755.78,20,3,0.001966,0.026583,0.2859,0.0227,2986,823,544,1338,0.007875,7.7e-05,0.000758,115,59,0,6,99,24,0,0,4,0,1,Botnet
udp,ssh,RST,0.7959,640,17,32640,850,825.4552,328071.33,8543.52,46,0,0.001244,0.046819,0.1991,0.0827,1489,726,810,1544,0.004823,0.001032,0.00141,51,50,0,134,22,50,0,0,7,0,1,Shellcode
udp,dns,INT,1.6743,3,52,1050,34008,49.2756,4013.72,162498.2,0,48,0.5581,0.0322,0.0169,0.0003,37499,308389,4476807,52752,0.0994,0.0407,0.0277,280,654,1,698,2,4,0,0,0,0,0,Normal
udp,-,CON,1.4559,68,21,50575,2100,91.69829999999999,222328.81,11539.56,46,0,0.0214,0.0693,0.0168,0.018,10411,8781923,3021716,42291,0.2978,0.0456,0.0674,595,100,1,4571,4,2,0,0,0,0,0,Normal
udp,http,INT,9.017,26,38,5200,23142,10.64655,3690.8,20531.85,0,10,0.3468,0.2373,0.0085,0.0117,9249,7321700,2628041,43308,0.2093,0.0221,0.0458,160,609,2,3460,3,4,0,0,0,0,0,Normal
tcp,ssl,INT,3.7232,15,35,6862,21210,20.144099999999998,11796.39,45574.02,0,20,0.2482,0.1064,0.0149,0.0018,18146,5557753,8342815,24054,0.0786,0.0263,0.0695,366,606,0,4571,4,4,0,0,0,0,0,Normal
tcp,dns,CON,8.6045,38,0,9120,0,6.6244499999999995,6783.46,0.0,36,0,0.2264,8.6045,0.0144,0.0086,42659,3012195,9957069,25853,0.1561,0.0344,0.0611,192,0,1,4305,3,3,0,0,0,0,0,Normal
udp,http,CON,2.8134,70,33,37100,14718,54.9153,84395.37,41850.77,35,0,0.0402,0.0853,0.0182,0.0065,55751,1301896,9399856,63604,0.085,0.07,0.0487,424,446,1,4954,3,1,0,0,1,0,0,Normal
icmp,ftp,RST,0.5677,52,7,5876,672,103.9366,82811.07,9470.57,35,7,0.010916,0.081093,0.2172,0.0756,1801,61,379,3725,0.0013,0.000527,0.004698,113,96,1,88,58,16,0,0,1,1,1,DoS
icmp,ftp,CON,1.1438,765,4,145350,172,672.3186,1016608.64,1203.0,2,9,0.001495,0.285951,0.4562,0.0028,2266,404,150,2825,0.000269,0.001906,0.001908,190,43,0,139,98,74,0,0,6,1,1,Analysis
tcp,dns,CON,5.9934,47,46,22383,736,23.27565,23902.4,982.42,0,0,0.1275,0.1303,0.0016,0.0173,6915,9553911,5608648,64891,0.1608,0.0002,0.0993,381,16,2,1513,3,2,0,0,0,0,0,Normal
udp,http,CON,4.8912,38,2,2422,748,12.267000000000001,3169.8,1223.43,35,0,0.1287,2.4456,0.0176,0.0167,25269,2436822,5503787,17600,0.177,0.0886,0.0877,51,374,0,1443,1,2,0,0,0,0,0,Normal
tcp,ssl,CON,4.8117,9,33,4747,20526,13.0932,6314.65,34127.05,0,23,0.5346,0.1458,0.0125,0.0012,13896,6043137,7979640,60723,0.0939,0.0295,0.0321,422,622,2,63,4,1,0,0,0,0,0,Normal
tcp,http,FIN,7.9026,36,46,14085,30176,15.5646,11406.92,30548.03,0,8,0.2195,0.1718,0.007,0.0028,15959,2983788,5453692,8512,0.1236,0.0642,0.0579,313,656,1,16,3,3,0,0,0,0,0,Normal
tcp,dns,CON,3.0046,77,39,41868,21216,57.91199999999999,89184.55,56490.2,37,0,0.039,0.077,0.0193,0.0068,5218,1409102,6507939,15429,0.1788,0.0017,0.0655,435,544,0,3966,1,1,0,0,0,0,0,Normal
udp,ftp,RST,0.3271,406,10,51562,280,1271.7694,1261057.17,6847.99,7,8,0.000806,0.03271,0.2557,0.075,3730,177,812,3623,0.001021,0.000919,0.001557,127,28,0,128,82,62,0,0,3,1,1,Analysis
udp,http,CON,5.6528,78,4,45045,32,21.759,50999.0,45.29,72,0,0.0725,1.4132,0.0057,0.0154,9897,4587019,6315130,44628,0.0515,0.053,0.04,462,8,1,1346,2,1,0,0,0,0,0,Normal
udp,http,CON,2.3786,22,39,14987,18993,38.4681,40326.28,63879.65,0,17,0.1081,0.061,0.0101,0.01,54005,4131119,7959766,54533,0.1483,0.0152,0.0107,545,487,1,4935,1,2,0,0,0,0,0,Normal
tcp,-,FIN,5.9742,58,14,26317,2478,18.077849999999998,28193.42,3318.29,42,0,0.103,0.4267,0.0189,0.0161,15945,6490974,2614313,57667,0.2206,0.0162,0.0985,363,177,1,1985,4,2,0,0,1,0,0,Normal
tcp,-,CON,0.447,170,28,19720,672,442.9521,352929.88,12026.82,7,9,0.002629,0.015964,0.0278,0.0868,1200,967,155,3077,0.008911,0.003183,0.00458,116,24,0,38,36,30,0,0,2,0,1,Worm
icmp,ftp,CON,0.3883,363,27,59895,2376,1004.2497,1233836.66,48945.59,4,1,0.00107,0.014383,0.3914,0.068,3567,988,603,3292,0.002594,0.000763,0.000612,165,88,0,196,42,29,0,0,8,1,1,Worm
udp,dns,CON,5.7219,55,1,28737,382,14.680500000000002,32143.33,534.09,54,0,0.104,5.7219,0.0058,0.013,39561,2583281,6561169,22490,0.0362,0.0322,0.0156,418,382,0,2734,2,1,0,0,1,0,0,Normal
udp,ssl,FIN,9.264,2,45,1317,35280,7.610100000000001,910.19,30466.44,0,43,4.632,0.2059,0.0137,0.0013,6019,3020763,8142234,59718,0.2098,0.0678,0.0075,527,784,1,4538,4,1,0,0,0,0,0,Normal
icmp,ftp,CON,0.0646,191,7,14325,469,3065.0908,1774037.42,58081.92,41,7,0.000338,0.009228,0.4061,0.0172,1424,436,572,2407,0.004621,0.003168,0.004601,75,67,1,9,78,36,0,0,0,1,1,DoS
tcp,http,CON,3.0634,63,1,42446,526,31.33725,88676.71,1373.62,60,0,0.0486,3.0634,0.0109,0.0083,1359,2131906,6309994,50417,0.2383,0.0876,0.0469,539,526,0,1987,2,4,0,0,0,0,0,Normal
tcp,http,CON,0.3872,47,3,15745,2040,193.69844999999998,260248.17,42148.8,44,0,0.0082,0.1291,0.0156,0.0122,48867,2508632,2820894,31047,0.1205,0.0178,0.0107,268,680,2,2893,3,2,0,0,0,0,0,Normal
tcp,ftp,CON,0.0984,71,29,4402,1363,1016.6689,358030.13,110857.58,33,7,0.001385,0.003392,0.4905,0.0965,1787,27,873,3989,0.009091,0.004698,0.001062,62,47,0,20,89,61,0,0,2,0,1,Analysis
tcp,-,INT,5.0311,8,57,3050,969,19.3794,3879.87,1540.82,0,49,0.6289,0.0883,0.0012,0.0194,17453,219830,3579821,27426,0.152,0.0914,0.0754,305,17,0,1928,2,1,0,0,1,0,0,Normal
tcp,ftp,CON,1.2761,681,26,94659,884,554.0278,593422.57,5541.85,37,6,0.001874,0.049081,0.3774,0.0265,4084,132,580,3484,0.002539,0.002534,0.00235,139,34,0,0,34,26,0,0,3,0,1,Analysis
tcp,ssh,CON,1.2079,272,20,38352,1260,241.7455,254011.55,8345.19,32,6,0.004441,0.060394,0.0992,0.0304,855,366,580,48,0.001443,0.003283,0.003818,141,63,0,127,98,45,0,0,7,0,1,Exploit
udp,-,INT,0.5817,41,48,6355,10656,229.5165,69924.33,146560.51,0,7,0.0142,0.0121,0.008,0.0126,21708,2994570,8989798,44235,0.2774,0.0624,0.0974,124,222,1,1312,1,2,0,0,1,0,0,Normal
udp,http,FIN,3.9754,42,42,12495,12516,31.69485,20115.69,25186.87,0,0,0.0947,0.0947,0.0095,0.0099,1253,7473099,9315816,4604,0.2306,0.03,0.0904,238,298,2,1419,2,2,0,0,1,0,0,Normal
udp,-,FIN,8.8602,75,15,19031,6585,15.236699999999999,13746.88,5945.7,60,0,0.1181,0.5907,0.0058,0.0117,29910,8296375,6088388,31265,0.0792,0.0944,0.0936,203,439,2,281,2,2,0,0,0,0,0,Normal
tcp,-,FIN,2.1174,26,30,4810,5760,39.670649999999995,14538.33,21762.15,0,3,0.0814,0.0706,0.0029,0.002,49501,4856803,9364868,12719,0.2868,0.0071,0.0033,148,192,2,334,3,2,0,0,0,0,0,Normal
udp,dns,FIN,7.1709,31,16,9997,7600,9.83145,8922.76,8478.75,13,0,0.2313,0.4482,0.0016,0.0056,18728,7869624,8457285,10312,0.2967,0.0338,0.0347,258,475,1,3506,3,2,0,0,1,0,0,Normal
tcp,ssl,INT,6.9905,66,29,15097,22301,20.38485,13822.21,25521.54,36,0,0.1059,0.2411,0.0197,0.0073,30140,2729213,7886725,45304,0.0363,0.0633,0.0729,183,769,0,82,1,4,0,0,1,0,0,Normal
udp,ftp,INT,0.8925,160,18,20320,1656,199.4304,182131.47,14843.0,39,1,0.005578,0.049586,0.2779,0.0681,1916,144,316,1492,0.00332,0.004908,0.00213,127,92,1,129,64,39,0,4,5,1,1,Backdoor
udp,http,CON,0.5203,42,48,26355,24960,259.4733,324191.62,383789.73,0,5,0.0124,0.0108,0.0144,0.001,40212,5443971,7278407,39072,0.2889,0.0254,0.04,502,520,1,3680,3,1,0,0,1,0,0,Normal
tcp,http,INT,4.7394,72,55,16020,12705,40.194900000000004,21633.12,21445.76,16,0,0.0658,0.0862,0.0113,0.0143,52279,1285309,9278381,48294,0.1416,0.0521,0.0415,178,231,1,4382,4,1,0,0,0,0,0,Normal
udp,http,FIN,5.86,21,2,12600,894,5.88735,13761.11,1220.48,18,0,0.279,2.93,0.0027,0.0037,35131,6710469,1405616,48565,0.0214,0.0563,0.0909,480,447,1,3827,4,1,0,0,1,0,0,Normal
udp,http,CON,1.4783,64,52,47280,21476,117.70094999999999,204685.99,116218.18,11,0,0.0231,0.0284,0.0083,0.016,33534,1879593,2783017,29112,0.2513,0.0688,0.0892,591,413,2,4286,2,2,0,0,1,0,0,Normal
udp,ssl,CON,3.8043,69,57,39588,11115,49.680299999999995,66599.96,23373.39,12,0,0.0551,0.0667,0.0172,0.0002,31118,5393257,2004563,2298,0.2052,0.0796,0.0269,459,195,0,2885,3,1,0,0,0,0,0,Normal
udp,http,INT,2.4516,65,34,29900,13056,60.57315,78055.67,42604.3,31,0,0.0377,0.0721,0.0093,0.0106,17641,3065488,4928721,65398,0.0546,0.0089,0.0417,368,384,1,1404,3,2,0,0,0,0,0,Normal
udp,ssl,FIN,0.9418,22,42,2282,4494,101.93220000000001,15510.69,38173.63,0,20,0.0428,0.0224,0.0186,0.0053,40739,8479974,4794758,44878,0.1701,0.0114,0.0329,83,107,2,1932,3,3,0,0,0,0,0,Normal
tcp,dns,INT,0.465,79,11,23897,4862,290.33145,328921.94,83649.88,66,0,0.0059,0.0423,0.0041,0.0137,32345,7401866,6165005,50209,0.2905,0.0377,0.094,242,442,1,4763,3,3,0,0,0,0,0,Normal
udp,dns,CON,6.6801,79,7,47301,4039,19.31115,45318.0,4837.07,72,0,0.0846,0.9543,0.009,0.0168,6736,7109835,5585452,44968,0.2688,0.0252,0.0908,479,577,1,4884,4,4,0,0,0,0,0,Normal
udp,dns,INT,1.5652,20,17,4225,3349,35.4582,17275.52,17117.07,2,0,0.0783,0.0921,0.0157,0.0001,548,1192306,7604196,62297,0.0015,0.0962,0.011,169,197,2,2385,3,3,0,0,1,0,0,Normal
tcp,dns,CON,6.3287,48,46,24480,4646,22.27935,24755.62,5872.89,0,0,0.1318,0.1376,0.0172,0.0169,22792,4948621,8641533,11355,0.1386,0.0565,0.0914,408,101,2,105,2,1,0,0,1,0,0,Normal
tcp,dns,CON,2.0908,28,20,1540,1580,34.43595,4713.89,6045.41,7,0,0.0747,0.1045,0.014,0.0154,50416,7322600,9444399,13024,0.2612,0.0639,0.028,44,79,0,4113,3,3,0,0,0,0,0,Normal
udp,ssl,FIN,4.1799,54,58,29227,14036,40.19235,44751.34,26863.82,0,3,0.0774,0.0721,0.0196,0.0116,59946,6007718,683021,12975,0.0597,0.0231,0.07,433,242,2,2625,3,2,0,0,0,0,0,Normal
tcp,-,CON,0.2155,37,20,24003,1960,396.67650000000003,712737.18,72747.22,17,0,0.0058,0.0108,0.0103,0.0165,7925,3549001,5043742,51022,0.0051,0.0401,0.0726,519,98,0,3755,3,4,0,0,0,0,0,Normal
udp,-,FIN,7.8838,41,8,23575,1384,9.32295,19137.97,1404.4,33,0,0.1923,0.9855,0.0183,0.0031,22480,9219596,7330150,43567,0.0238,0.017,0.0625,460,173,0,2097,4,3,0,0,1,0,0,Normal
tcp,http,CON,4.8968,7,23,5232,12397,9.1896,6838.75,20253.22,0,16,0.6995,0.2129,0.0102,0.015,22442,3005983,2263660,15681,0.037,0.0479,0.0533,598,539,2,2626,3,4,0,0,1,0,0,Normal
udp,ssl,FIN,0.0611,17,53,8967,2809,1717.4312999999997,938731.61,367563.02,0,35,0.0036,0.0012,0.007,0.0077,17683,8603298,618661,27060,0.233,0.0243,0.0264,422,53,0,2348,2,4,0,0,1,0,0,Normal
tcp,-,FIN,6.0077,46,50,8740,2150,23.9694,9310.77,2863.01,0,2,0.1306,0.1202,0.0026,0.0064,45309,6781179,4648546,42311,0.2074,0.052,0.0438,152,43,2,160,3,3,0,0,1,0,0,Normal
tcp,dns,INT,3.2096,62,20,12245,12740,38.3226,24416.78,31754.77,41,0,0.0518,0.1605,0.013,0.016,23791,2174715,3835606,1649,0.1029,0.0475,0.0208,158,637,2,3268,4,4,0,0,0,0,0,Normal
tcp,-,FIN,7.7884,67,43,24036,12212,21.18525,19751.35,12543.74,23,0,0.1162,0.1811,0.0124,0.0075,31341,1027255,3597464,12147,0.1038,0.0593,0.0906,287,284,0,1169,2,3,0,0,0,0,0,Normal
tcp,-,INT,5.6224,69,20,6468,10500,23.7441,7363.35,14940.12,48,0,0.0815,0.2811,0.0002,0.0141,14481,4558613,8826512,18777,0.0466,0.0886,0.0634,75,525,0,3497,3,3,0,0,1,0,0,Normal
tcp,http,INT,2.7119,47,19,17213,6878,36.506249999999994,40624.4,20290.08,28,0,0.0577,0.1427,0.0177,0.0046,43680,4150582,1429090,63645,0.219,0.0355,0.0126,293,362,0,1037,2,4,0,0,1,0,0,Normal
udp,http,INT,0.467,3,3,401,2253,19.272000000000002,5498.96,38595.5,0,0,0.1557,0.1557,0.014,0.0041,33900,9002662,1763749,54873,0.2402,0.0554,0.0303,107,751,0,4901,1,3,0,0,0,0,0,Normal
tcp,-,CON,8.5204,68,56,26775,13440,21.82995,20111.77,12619.15,11,0,0.1253,0.1521,0.0057,0.0094,57153,7360920,9045086,19941,0.1898,0.0597,0.0428,315,240,0,1362,2,1,0,0,1,0,0,Normal
tcp,-,CON,1.4968,49,48,30196,14064,97.20675,129112.03,75167.93,1,0,0.0305,0.0312,0.0166,0.0141,33995,9504826,4833278,43988,0.1635,0.0929,0.0745,493,293,0,2077,4,1,0,0,1,0,0,Normal
tcp,-,CON,1.2407,668,28,42752,924,560.9757,275664.76,5957.95,17,9,0.001857,0.044311,0.3011,0.0335,3849,277,472,1535,0.00509,0.004359,0.001413,64,33,1,193,80,59,0,0,5,0,1,Worm
udp,dns,CON,8.3874,63,32,19136,24576,16.98975,14601.83,23440.75,29,0,0.1331,0.2621,0.0083,0.0154,57613,2005884,7742931,58037,0.1928,0.02,0.0006,243,768,0,4019,1,1,0,0,1,0,0,Normal
udp,http,FIN,2.6805,78,22,47190,3344,55.9605,112673.04,9980.36,55,0,0.0344,0.1218,0.001,0.0008,4073,4735456,3856584,17480,0.0104,0.0082,0.0066,484,152,0,3206,2,4,0,0,0,0,0,Normal
udp,-,INT,0.552,233,1,40309,86,423.9426,584229.11,1246.46,20,9,0.002369,0.551962,0.1422,0.0645,1523,324,843,1486,0.00823,0.00036,0.00114,173,86,1,157,53,78,0,0,9,1,1,DoS
tcp,http,INT,0.7012,56,35,14980,25655,194.6628,136723.17,292693.01,21,0,0.0125,0.02,0.0031,0.0122,24867,9668438,8924016,40217,0.0979,0.0842,0.0793,214,733,0,2826,2,1,0,0,1,0,0,Normal
tcp,dns,INT,9.4376,2,2,692,1242,0.6357,469.61,1052.81,0,0,4.7188,4.7188,0.014,0.0194,60556,4305747,321781,9189,0.0695,0.0716,0.0669,277,621,2,1523,1,4,0,0,1,0,0,Normal
icmp,http,CON,1.308,570,7,100320,665,441.1288,613574.23,4067.25,28,2,0.002295,0.186858,0.3099,0.02,4013,604,990,3011,0.002272,0.00156,0.004332,176,95,1,30,22,61,0,0,5,1,1,Shellcode
udp,-,FIN,5.402,1,53,701,6095,14.994599999999998,830.81,9026.36,0,51,5.402,0.1019,0.0043,0.0049,22965,1856699,2821073,63540,0.1817,0.0588,0.0069,561,115,1,4241,4,4,0,0,0,0,0,Normal
tcp,ssl,INT,2.9759,79,23,32192,17618,51.413399999999996,69233.94,47362.1,54,0,0.0377,0.1294,0.0071,0.0084,7458,1770825,8493953,56058,0.2335,0.0065,0.0981,326,766,2,2601,4,4,0,0,1,0,0,Normal
udp,dns,INT,5.5502,23,6,12305,1122,7.83765,14189.09,1617.24,17,0,0.2413,0.925,0.0138,0.0001,18921,5807147,5310934,54176,0.0909,0.0725,0.0648,428,187,2,4592,4,3,0,0,1,0,0,Normal
icmp,-,INT,1.3998,582,16,43068,240,427.2024,246137.18,1371.62,17,4,0.002405,0.087488,0.3248,0.0461,3308,547,677,1603,0.007664,0.003424,0.004166,74,15,0,193,42,30,0,0,9,0,1,Shellcode
udp,dns,CON,6.5267,67,41,26716,23985,24.8211,26197.66,29399.28,24,0,0.0974,0.1592,0.0088,0.0193,20247,8973955,3490580,41159,0.0482,0.0489,0.047,319,585,0,2434,2,4,0,0,1,0,0,Normal
udp,dns,CON,0.7225,55,23,31762,17595,161.93655,281354.37,194822.12,32,0,0.0131,0.0314,0.0108,0.0197,2253,6995548,7908652,59981,0.0547,0.0675,0.0802,462,765,2,3011,4,3,0,0,1,0,0,Normal
udp,http,FIN,8.2215,78,36,10920,7236,20.799,8500.61,7041.03,41,0,0.1054,0.2284,0.0027,0.0034,34253,6247780,5643298,16417,0.1887,0.0101,0.0198,112,201,0,3334,4,4,0,0,0,0,0,Normal
tcp,-,FIN,7.6568,19,17,11020,5032,7.05255,9211.19,5257.57,2,0,0.403,0.4504,0.0111,0.0066,55361,2808441,9174248,23866,0.241,0.0923,0.0683,464,296,1,478,1,2,0,0,0,0,0,Normal
udp,http,INT,9.4282,54,7,8235,532,9.70485,5590.02,451.41,46,0,0.1746,1.3469,0.0198,0.0118,16761,9116456,5514508,28041,0.1853,0.0579,0.0005,122,76,0,1523,2,4,0,0,1,0,0,Normal
tcp,dns,CON,3.8322,63,53,7560,32065,45.405,12625.71,66938.38,10,0,0.0608,0.0723,0.0115,0.0019,18325,5567818,3033317,56236,0.2242,0.0044,0.0483,96,605,2,2567,3,1,0,0,1,0,0,Normal
icmp,ftp,REQ,0.7524,94,20,6392,700,151.5149,67963.73,7442.84,24,3,0.008004,0.03762,0.3925,0.0177,1197,345,82,303,0.00036,0.00214,0.000579,68,35,0,154,49,53,0,0,7,0,1,Analysis
tcp,ssh,CON,1.4775,145,17,26390,1224,109.6458,142891.43,6627.48,22,8,0.01019,0.086911,0.445,0.0897,3862,691,287,3513,0.002273,0.003365,0.003269,182,72,1,153,89,35,0,0,9,0,1,Exploit
udp,-,INT,1.1732,790,24,134300,1152,693.8177,915771.15,7855.31,28,4,0.001485,0.048884,0.2505,0.0764,2793,195,357,2080,0.00017,0.003986,0.001899,170,48,0,10,60,29,1,0,2,1,1,Backdoor
tcp,-,INT,2.3743,72,36,8730,16704,68.23065,23531.98,56282.68,36,0,0.033,0.066,0.0148,0.0036,50459,1672444,4552224,11125,0.0195,0.0762,0.0923,97,464,1,2162,4,2,0,0,0,0,0,Normal
tcp,http,INT,7.2724,21,24,2493,2256,9.2817,2194.6,2481.71,0,1,0.3463,0.303,0.006,0.0076,32095,6733847,1901955,37497,0.0501,0.0952,0.0762,95,94,2,413,3,2,0,0,1,0,0,Normal
udp,dns,FIN,2.645,44,49,24035,31997,52.739999999999995,58155.47,96775.56,0,5,0.0601,0.054,0.0169,0.0152,11155,4217541,4696430,15635,0.0751,0.0535,0.095,437,653,0,3827,3,4,0,0,0,0,0,Normal
tcp,ssl,FIN,5.6059,54,8,24367,5840,16.5897,27819.27,8334.08,44,0,0.1038,0.7007,0.0142,0.0025,41733,7543618,319123,21608,0.0076,0.0214,0.0968,361,730,0,3798,3,1,0,0,1,0,0,Normal
tcp,http,CON,3.6078,45,54,32568,7992,41.16135,57775.49,17721.81,0,8,0.0802,0.0668,0.0126,0.0188,45351,3283892,5485443,6443,0.0692,0.097,0.0347,579,148,1,3874,2,1,0,0,1,0,0,Normal
tcp,http,FIN,3.8389,41,14,28956,8512,21.49065,48274.43,17738.48,27,0,0.0936,0.2742,0.0184,0.016,19827,6608953,6913185,7856,0.154,0.0333,0.0937,565,608,0,4772,3,1,0,0,0,0,0,Normal
udp,ssh,REQ,0.3959,300,4,59100,196,767.8527,1194212.97,3960.5,25,6,0.00132,0.098977,0.3552,0.0136,2298,81,744,2976,0.009339,0.004872,0.001384,197,49,1,180,58,23,0,0,9,0,1,Analysis
tcp,dns,FIN,6.9913,10,8,3950,4576,3.8619000000000003,3615.92,5236.22,1,0,0.6991,0.8739,0.005,0.0,34497,6577758,6951905,49899,0.2613,0.0367,0.0941,316,572,2,1539,3,2,0,0,1,0,0,Normal
tcp,ssl,CON,9.6691,78,6,57915,4080,13.03125,38334.09,3375.7,70,0,0.124,1.6115,0.015,0.014,8243,1977224,5942283,13575,0.2213,0.0284,0.098,594,680,0,4497,3,1,0,0,0,0,0,Normal
tcp,dns,FIN,5.39,62,21,9842,13902,23.09835,11686.8,20633.72,39,0,0.0869,0.2567,0.0049,0.0055,60031,4424730,6669880,47370,0.0733,0.0285,0.0698,127,662,1,3641,4,3,0,0,1,0,0,Normal
tcp,dns,CON,1.5172,26,32,5622,20384,57.3423,23717.29,107481.83,0,4,0.0584,0.0474,0.0177,0.0047,35433,6038728,5059000,4906,0.1124,0.0546,0.0117,173,637,1,1250,3,4,0,0,1,0,0,Normal
udp,http,RST,0.4043,303,14,46359,406,784.0824,917331.85,8033.75,22,6,0.001334,0.028878,0.0528,0.0571,3070,970,289,1811,0.009013,0.002415,0.0011,153,29,1,4,78,18,1,4,6,0,1,Backdoor
icmp,ftp,INT,0.9012,736,21,141312,1512,839.9861,1254426.61,13422.02,28,2,0.001224,0.042915,0.4178,0.014,80,668,545,831,0.005434,0.003152,0.003968,192,72,1,158,30,13,0,0,2,0,1,Shellcode
udp,-,FIN,3.176,55,12,10931,8376,31.64385,22027.91,21098.43,43,0,0.0577,0.2647,0.0161,0.0197,41934,7269210,7673744,14047,0.0252,0.0718,0.014,159,698,2,2558,2,3,0,0,0,0,0,Normal
udp,-,CON,4.8415,71,27,48901,18360,30.362249999999996,64642.16,30337.41,44,0,0.0682,0.1793,0.0117,0.0006,1779,9433017,4206267,40370,0.0636,0.0349,0.0846,551,680,1,3042,4,2,0,0,1,0,0,Normal
udp,-,CON,8.2192,15,19,10706,8227,6.204899999999999,8336.54,8007.56,0,2,0.5479,0.4326,0.019,0.0,2667,8475600,641067,21006,0.2042,0.0927,0.0377,571,433,2,2205,4,4,0,0,0,0,0,Normal
icmp,http,CON,0.8624,588,0,35868,0,681.7942,332715.58,0.0,7,0,0.001467,0.86243,0.1548,0.0989,1900,310,990,2201,0.000842,0.002584,0.003955,61,0,0,21,56,32,0,0,5,0,1,Shellcode
udp,http,REQ,0.0156,651,17,52731,714,42889.1661,27084893.62,366740.89,5,9,2.4e-05,0.000916,0.2184,0.0905,10,409,695,1140,0.000464,0.002958,0.00055,81,42,1,193,21,76,0,0,1,1,1,DoS
tcp,http,CON,2.7949,35,21,20650,6279,30.0552,47286.92,17973.04,14,0,0.0799,0.1331,0.0135,0.0027,17300,1916919,9445399,6222,0.1156,0.0542,0.0927,472,299,2,272,3,4,0,0,0,0,0,Normal
tcp,http,FIN,2.5271,46,40,7877,23160,51.0459,19949.86,73316.21,5,0,0.0549,0.0632,0.0176,0.0127,39816,6797926,6143520,18269,0.1712,0.0498,0.0257,137,579,1,974,1,1,0,0,0,0,0,Normal
udp,http,CON,8.8845,68,59,46495,21240,21.4419,33493.08,19125.52,9,0,0.1307,0.1506,0.0157,0.0153,21038,4821441,1297905,56373,0.2918,0.0417,0.0421,547,360,2,984,1,2,0,0,0,0,0,Normal
tcp,http,FIN,3.9735,75,31,36562,5952,40.0146,58889.43,11983.24,43,0,0.053,0.1282,0.0006,0.0156,10540,3208504,166543,8501,0.1173,0.0138,0.0201,390,192,1,902,3,1,0,0,1,0,0,Normal
udp,ssl,INT,8.7879,44,44,12540,31460,15.0207,9132.6,28639.51,0,0,0.1997,0.1997,0.001,0.009,28968,9975356,1681630,33243,0.095,0.0922,0.0143,228,715,2,1372,4,4,0,0,1,0,0,Normal
tcp,-,FIN,1.0891,25,58,10281,17980,114.3174,60418.34,132075.6,0,33,0.0436,0.0188,0.0131,0.0149,26748,8370905,9915896,16637,0.0536,0.0956,0.0722,329,310,1,77,1,2,0,0,0,0,0,Normal
udp,http,INT,0.3141,172,25,13072,450,627.1361,332910.56,11460.35,47,0,0.001826,0.012565,0.0614,0.0911,1218,547,92,2354,0.007449,0.001138,0.003939,76,18,1,47,95,74,0,4,9,1,1,Backdoor
tcp,-,FIN,8.9705,9,3,2272,1584,2.00655,1621.31,1412.63,5,0,0.9967,2.9902,0.0143,0.0163,17012,1595719,8148269,17497,0.078,0.0972,0.0221,202,528,0,238,3,3,0,0,1,0,0,Normal
icmp,ftp,REQ,0.6873,477,1,43884,46,695.4436,510775.68,535.4,32,2,0.001441,0.687331,0.2357,0.0835,1810,885,656,385,0.007948,0.002339,0.002935,92,46,0,186,71,30,0,0,4,0,1,Exploit
udp,-,CON,5.2194,75,40,20156,25280,33.04995,24715.6,38747.93,33,0,0.0696,0.1305,0.0022,0.0084,26729,2371256,4760081,21067,0.1427,0.0834,0.0856,215,632,0,542,1,4,0,0,0,0,0,Normal
tcp,-,CON,6.0036,36,59,17865,38704,23.7357,19044.47,51574.11,0,23,0.1668,0.1018,0.0086,0.0153,37070,8550078,8191309,38503,0.087,0.0625,0.0443,397,656,2,1954,1,4,0,0,1,0,0,Normal
tcp,ssl,CON,0.791,55,43,19662,24682,185.84745,159095.47,249637.27,11,0,0.0144,0.0184,0.0192,0.0014,31383,7317476,8528061,22183,0.2184,0.0925,0.0988,286,574,2,4487,2,4,0,0,0,0,0,Normal
udp,ssl,INT,7.5316,52,55,29640,18810,21.31005,25186.55,19979.71,0,1,0.1448,0.1369,0.0157,0.0139,35561,8301510,5328168,11594,0.2712,0.0664,0.0009,456,342,1,3863,1,1,0,0,1,0,0,Normal
tcp,http,FIN,5.7364,10,43,6362,3311,13.8588,7098.47,4617.49,0,33,0.5736,0.1334,0.0005,0.0173,30410,6501812,106172,35560,0.241,0.0591,0.0825,509,77,2,3893,3,4,0,0,1,0,0,Normal
tcp,dns,CON,7.2955,11,26,770,14768,7.6074,675.48,16194.02,0,15,0.6632,0.2806,0.0009,0.0151,60749,6401083,3379593,45415,0.2995,0.0401,0.0729,56,568,2,3323,2,2,0,0,1,0,0,Normal
udp,dns,CON,3.424,34,11,11942,979,19.71405,22322.72,2287.41,23,0,0.1007,0.3113,0.0081,0.0056,43624,7529263,7179204,62602,0.024,0.0592,0.0575,281,89,0,1835,1,2,0,0,1,0,0,Normal
tcp,ssl,INT,0.2552,24,34,13440,14042,340.9206,337064.65,440202.92,0,9,0.0106,0.0075,0.0065,0.0033,50555,9820507,3705031,45772,0.1038,0.0766,0.091,448,413,1,897,4,2,0,0,0,0,0,Normal
icmp,ssh,INT,0.9165,182,9,12376,459,208.4023,108028.76,4006.56,37,3,0.005036,0.101833,0.4829,0.0523,783,245,740,3148,0.003202,0.004396,0.002481,68,51,0,166,93,51,0,0,1,1,1,Worm
udp,ftp,REQ,0.9025,557,23,75752,1104,642.6447,671470.65,9785.93,44,7,0.00162,0.03924,0.2011,0.08,3937,605,274,1468,0.001673,0.000769,0.002489,136,48,1,10,34,74,0,0,3,0,1,Worm
tcp,ftp,INT,0.6805,682,24,85932,1920,1037.4288,1010179.41,22570.69,24,6,0.000998,0.028355,0.041,0.0921,2898,885,66,3156,0.004405,0.004461,0.00446,126,80,1,99,79,24,0,0,1,0,1,Exploit
tcp,-,CON,2.0371,11,51,2763,31467,45.65325,8682.96,123576.11,0,39,0.1852,0.0399,0.0144,0.0188,43891,2273914,2410633,24123,0.2667,0.0574,0.0764,201,617,0,2792,1,2,0,0,0,0,0,Normal
tcp,ssl,INT,1.3476,61,53,10370,8904,126.89099999999999,49248.56,52857.9,6,0,0.0221,0.0254,0.002,0.0011,17895,5952631,2282420,48209,0.2949,0.0572,0.0971,136,168,2,2271,4,3,0,0,0,0,0,Normal
icmp,http,CON,1.3453,338,23,37518,920,268.3502,223112.75,5471.07,26,3,0.00398,0.058489,0.0321,0.0679,2679,235,571,2025,0.00418,0.000123,0.002252,111,40,1,50,24,60,0,0,8,0,1,Reconnaissance
tcp,-,FIN,7.0413,25,59,12312,13511,17.8944,11191.09,15350.54,0,32,0.2817,0.1193,0.0081,0.0103,101,7123387,6990712,62155,0.1315,0.062,0.0474,394,229,2,1141,3,1,0,0,0,0,0,Normal
udp,dns,INT,4.2199,28,56,16835,16576,29.858849999999997,25532.58,31424.71,0,28,0.1507,0.0754,0.0048,0.0108,40181,6674501,6150307,39047,0.0856,0.0072,0.0314,481,296,2,3924,3,2,0,0,1,0,0,Normal
tcp,ssh,INT,0.5668,60,27,10140,1026,153.496,143121.79,14481.55,43,1,0.009446,0.020992,0.4954,0.0911,1581,342,339,497,0.003251,0.001581,0.003027,169,38,1,179,33,30,0,0,1,1,1,DoS
udp,-,FIN,8.3856,6,1,3615,408,1.2522,2759.03,389.24,5,0,1.3976,8.3856,0.0023,0.0192,44070,1344565,9579145,28274,0.0569,0.0693,0.0371,482,408,0,3912,4,3,0,0,0,0,0,Normal
tcp,dns,INT,2.4303,28,1,15225,525,17.8989,40093.47,1728.17,27,0,0.0868,2.4303,0.0167,0.0076,4764,6395556,4583047,35815,0.1824,0.0938,0.0212,435,525,0,3088,2,3,0,0,1,0,0,Normal
tcp,-,INT,0.393,188,16,8084,464,519.1396,164577.44,9446.31,7,0,0.00209,0.02456,0.4908,0.0451,895,692,210,1202,0.00118,0.001442,0.001873,43,29,1,164,43,26,1,3,7,1,1,Backdoor
tcp,-,REQ,0.3067,141,4,15792,232,472.731,411882.33,6050.96,28,0,0.002175,0.076682,0.3615,0.0208,1650,774,52,3973,0.003268,0.002491,0.001371,112,58,1,39,41,52,0,0,8,1,1,Reconnaissance
tcp,ssl,INT,0.4028,62,44,12090,21956,394.72664999999995,192090.35,436056.22,18,0,0.0065,0.0092,0.0057,0.0071,54549,6125398,1474404,4618,0.2246,0.0737,0.0514,156,499,0,4195,2,2,0,0,0,0,0,Normal
udp,-,FIN,9.652,63,20,23310,3780,12.8988,15456.25,3133.02,43,0,0.1532,0.4826,0.007,0.0074,13047,3346548,7300136,16555,0.221,0.0111,0.0368,296,189,2,4718,2,1,0,0,1,0,0,Normal
tcp,-,CON,5.5516,77,50,16266,32200,34.31415,18751.91,46400.65,27,0,0.0721,0.111,0.0055,0.0018,33051,4988273,2548150,1128,0.2071,0.0519,0.0922,169,644,0,1764,4,1,0,0,1,0,0,Normal
tcp,http,CON,7.328,53,15,22061,255,13.919250000000002,19267.48,278.38,38,0,0.1383,0.4885,0.0006,0.0073,10991,2572255,125457,44312,0.1789,0.0476,0.0438,333,17,1,4555,1,2,0,0,1,0,0,Normal
tcp,http,CON,8.5626,24,22,13590,8250,8.058300000000001,10157.62,7707.91,2,0,0.3568,0.3892,0.0167,0.01,56866,1547000,7733248,33341,0.0379,0.0671,0.0256,453,375,2,3170,2,1,0,0,1,0,0,Normal
tcp,ftp,RST,0.7739,479,14,87657,924,637.0265,906123.07,9551.52,30,3,0.001616,0.055279,0.0797,0.0153,3884,233,958,2279,0.001325,0.001338,0.002193,183,66,1,1,33,73,0,0,0,0,1,Reconnaissance
tcp,ssl,FIN,8.898,36,34,3105,25602,11.80035,2233.3,23018.1,2,0,0.2472,0.2617,0.0049,0.0187,22657,1303876,8745020,25404,0.2685,0.0452,0.0502,69,753,1,2073,2,4,0,0,0,0,0,Normal
udp,-,INT,3.5118,1,50,627,39050,21.78375,1143.58,88957.45,0,49,3.5118,0.0702,0.0186,0.0138,8389,4065064,9880196,27612,0.1602,0.0863,0.0362,502,781,0,2527,2,1,0,0,0,0,0,Normal
udp,http,FIN,0.5442,68,9,48450,2511,212.2272,569761.11,36910.99,59,0,0.008,0.0605,0.0038,0.0144,36230,5068971,4266794,61157,0.1583,0.0366,0.058,570,279,2,1880,2,4,0,0,0,0,0,Normal
udp,ssl,FIN,1.1185,18,5,1507,3205,30.8454,8626.0,22924.0,12,0,0.0621,0.2237,0.0152,0.0099,63599,8269192,5453422,49334,0.1706,0.0533,0.0111,67,641,1,509,1,3,0,0,1,0,0,Normal
tcp,dns,CON,2.7027,25,52,11125,17888,42.735,26344.0,52948.47,0,27,0.1081,0.052,0.0137,0.0082,18503,6678145,672096,6953,0.1602,0.0731,0.0747,356,344,1,4695,3,3,0,0,1,0,0,Normal
udp,ftp,RST,1.4528,92,24,12052,2328,79.8483,66367.73,12819.79,10,6,0.015791,0.060531,0.4413,0.0435,3577,708,299,3649,0.002709,0.002526,0.004399,131,97,1,95,31,61,0,0,0,1,1,Reconnaissance
udp,http,FIN,4.5973,53,37,4438,24494,29.365049999999997,6179.28,42623.31,15,0,0.0867,0.1243,0.0124,0.0076,8059,3037341,8848787,18287,0.2842,0.0236,0.0695,67,662,1,988,4,4,0,0,0,0,0,Normal
tcp,dns,CON,9.6742,77,55,33591,31845,20.466900000000003,22222.48,26334.05,21,0,0.1256,0.1759,0.0193,0.0035,43008,7529542,4090372,27738,0.1373,0.0798,0.0788,349,579,0,837,1,1,0,0,0,0,0,Normal
udp,dns,CON,6.3473,72,17,3600,8296,21.03255,3629.89,10456.11,54,0,0.0882,0.3734,0.0057,0.0198,53931,7843778,546065,19274,0.2162,0.0867,0.0791,40,488,1,4989,1,3,0,0,1,0,0,Normal
tcp,ssl,FIN,0.3194,19,48,4013,9552,314.69295,80436.15,239279.39,0,29,0.0168,0.0067,0.0073,0.0129,63355,9739618,2780806,33156,0.0215,0.0713,0.0721,169,199,0,1828,3,2,0,0,0,0,0,Normal
udp,ssl,FIN,4.3307,23,26,15295,2340,16.97205,22603.52,4322.67,0,3,0.1883,0.1666,0.0148,0.0045,59406,2010655,2197397,52792,0.0851,0.0814,0.0627,532,90,0,1791,1,3,0,0,0,0,0,Normal
udp,ssl,INT,7.0235,18,14,9180,2954,6.834149999999999,8365.03,3364.69,3,0,0.3902,0.5017,0.019,0.0176,57239,1540519,1159210,64134,0.0153,0.0735,0.0241,408,211,1,757,3,1,0,0,1,0,0,Normal
tcp,ftp,INT,1.4052,344,7,20984,245,249.7795,119461.5,1394.78,15,6,0.004085,0.200748,0.1457,0.0908,4092,434,95,382,0.005662,0.001939,0.002095,61,35,0,95,96,28,0,0,0,0,1,DoS
udp,dns,FIN,8.714,37,12,24790,8844,8.4348,18207.1,8119.38,24,0,0.2355,0.7262,0.0156,0.0006,60991,663012,7786675,55884,0.1302,0.0898,0.0718,536,737,2,556,4,1,0,0,1,0,0,Normal
udp,dns,CON,2.8579,56,9,29890,1413,34.11645,66936.8,3955.41,45,0,0.051,0.3175,0.0018,0.0043,62621,9364920,4066195,43379,0.2791,0.0336,0.0061,427,157,1,1908,2,1,0,0,1,0,0,Normal
tcp,http,REQ,0.6265,209,25,34903,2325,373.4781,445658.29,29686.72,21,2,0.002998,0.025062,0.023,0.0966,2801,81,930,2853,0.006366,0.000504,0.002473,167,93,0,54,46,55,0,0,3,0,1,Analysis
udp,ssl,INT,9.1035,14,40,2240,16520,8.8977,1574.78,14517.51,0,26,0.6502,0.2276,0.0016,0.0196,27717,2552704,9055495,55984,0.2468,0.0944,0.0369,128,413,0,1957,2,4,0,0,1,0,0,Normal
udp,ssl,CON,3.6233,52,44,20085,24728,39.7431,35477.32,54598.16,6,0,0.0697,0.0823,0.0013,0.0067,14672,1289331,2474570,36217,0.1481,0.0532,0.0316,309,562,0,1070,4,3,0,0,1,0,0,Normal
udp,ssl,FIN,9.4313,75,56,24375,19096,20.835,16540.72,16198.03,19,0,0.1258,0.1684,0.0131,0.0173,60564,5848589,6350471,45239,0.0465,0.0137,0.0994,260,341,0,1654,1,1,0,0,0,0,0,Normal
udp,dns,CON,1.8071,24,51,14310,15504,62.25555,50681.04,68637.22,0,26,0.0753,0.0354,0.011,0.0194,19265,1510812,6467227,2909,0.0426,0.0535,0.0594,477,304,2,3070,3,4,0,0,0,0,0,Normal
udp,ftp,INT,0.6514,475,25,19950,1225,767.5944,245016.15,15044.85,11,0,0.001371,0.026055,0.4344,0.0024,3836,776,980,3791,0.005689,0.00388,0.004911,42,49,1,96,25,68,0,0,2,0,1,Backdoor
udp,ssl,FIN,0.4753,31,13,2790,1560,138.86325,37568.83,26257.78,16,0,0.0153,0.0366,0.0147,0.0182,55228,6270905,6414280,17106,0.1983,0.0666,0.0024,72,120,0,4984,2,2,0,0,0,0,0,Normal
tcp,ssl,CON,7.3977,67,37,35175,4921,21.087600000000002,30431.09,5321.66,30,0,0.1104,0.1999,0.0198,0.0105,64739,1765250,7532417,54605,0.1496,0.0952,0.0815,420,133,2,1987,3,1,0,0,0,0,0,Normal
tcp,-,INT,0.6568,30,16,4125,12192,105.0513,40193.55,148496.91,14,0,0.0219,0.0411,0.0028,0.0178,1360,8209648,2519613,62537,0.0507,0.0331,0.0448,110,762,2,4961,1,4,0,0,0,0,0,Normal
tcp,http,RST,0.9528,771,2,131841,148,811.2508,1106919.7,1242.59,1,9,0.001236,0.476425,0.0633,0.0919,3412,832,991,1387,0.005593,0.003348,0.002627,171,74,0,109,52,51,0,0,6,1,1,Exploit
udp,-,CON,3.1967,32,3,5720,57,16.42335,11451.88,142.65,27,0,0.0999,1.0656,0.0056,0.0191,28744,9471548,3997582,8359,0.1074,0.0549,0.0518,143,19,0,2708,1,2,0,0,0,0,0,Normal
icmp,ssh,CON,0.8492,361,4,27797,320,429.7963,261853.11,3014.46,16,9,0.002352,0.21231,0.1152,0.0046,3217,893,87,1974,0.004064,0.003691,0.002652,77,80,0,76,90,38,0,0,9,1,1,DoS
udp,-,CON,4.474,47,23,26496,12788,23.469,37902.61,22866.37,23,0,0.0952,0.1945,0.0142,0.0153,64122,7590624,5564585,17562,0.1067,0.0023,0.0039,451,556,1,3666,1,3,0,0,0,0,0,Normal
udp,http,REQ,1.2477,629,15,88689,315,516.1647,568672.41,2019.77,18,3,0.001984,0.083178,0.487,0.0709,1946,140,940,2801,0.008243,0.004727,0.000698,141,21,1,27,30,12,0,0,3,0,1,Botnet
icmp,-,RST,1.3056,770,22,125510,330,606.5974,769030.75,2021.99,4,5,0.001696,0.059347,0.061,0.0343,3084,194,123,113,0.002216,0.004701,0.004533,163,15,1,165,49,47,0,0,9,1,1,Generic
tcp,-,CON,8.9082,39,45,26178,1080,14.144250000000001,18807.86,969.89,0,6,0.2284,0.198,0.0186,0.0176,12200,3690110,5305122,42488,0.1827,0.0355,0.034,537,24,2,1214,4,3,0,0,1,0,0,Normal
udp,ssl,INT,4.2564,74,55,29692,30305,45.460950000000004,44646.18,56958.93,18,0,0.0575,0.0774,0.0157,0.0144,63436,5617769,9817611,41078,0.2569,0.014,0.0291,321,551,1,3517,4,1,0,0,0,0,0,Normal
udp,dns,INT,0.344,16,28,5160,20328,191.86679999999998,96003.2,472759.94,0,12,0.0215,0.0123,0.0154,0.005,39078,1318479,559562,36660,0.118,0.0295,0.0077,258,726,2,4823,1,3,0,0,1,0,0,Normal
udp,dns,CON,8.2747,50,16,17375,12720,11.96415,13438.59,12297.76,33,0,0.1655,0.5172,0.0168,0.0047,15554,6048084,5436766,48570,0.2539,0.0809,0.0546,278,795,2,1356,4,2,0,0,1,0,0,Normal
tcp,http,CON,1.2759,48,16,5220,10928,75.24255000000001,26184.4,68520.86,32,0,0.0266,0.0797,0.0103,0.0182,53630,6032129,7986786,42316,0.0387,0.038,0.004,87,683,2,2789,2,3,0,0,0,0,0,Normal
udp,dns,INT,2.6816,34,58,24607,41006,51.4623,58729.68,122334.12,0,23,0.0789,0.0462,0.0016,0.0021,37976,9324707,5045452,39789,0.246,0.0405,0.0403,579,707,1,1845,2,4,0,0,0,0,0,Normal
tcp,ftp,RST,1.2356,53,19,9328,1387,58.2733,60397.04,8980.56,44,7,0.023312,0.065029,0.4579,0.0123,1205,809,448,2104,0.007279,0.002801,0.002217,176,73,0,122,57,69,0,0,7,0,1,DoS
icmp,ssh,REQ,0.5761,61,24,4758,1176,147.5322,66066.64,16329.21,14,4,0.009445,0.024006,0.1222,0.0017,2769,598,994,1322,0.004849,0.001915,0.001481,78,49,0,173,93,13,0,0,7,0,1,Backdoor
tcp,-,REQ,0.2013,591,5,47871,265,2960.563,1902350.5,10530.86,10,6,0.000341,0.040263,0.1098,0.068,3247,899,451,611,0.007253,0.003831,0.004035,81,53,1,60,24,55,0,0,4,0,1,Worm
udp,http,INT,0.1719,52,41,11050,6519,811.3393500000001,411311.23,303318.77,11,0,0.0033,0.0042,0.01,0.0023,36591,5755654,3239516,47449,0.2149,0.0832,0.0873,170,159,1,795,3,4,0,0,1,0,0,Normal
udp,http,CON,1.7794,30,45,16837,7380,63.22275,60559.0,33179.32,0,15,0.0593,0.0395,0.007,0.0122,4585,9154586,6541350,58076,0.2559,0.0505,0.0662,449,164,1,2801,2,2,0,0,1,0,0,Normal
tcp,ssl,FIN,2.3486,57,19,11257,722,48.54,30677.32,2459.36,38,0,0.0412,0.1236,0.0107,0.0089,64504,431612,2669780,13653,0.216,0.0012,0.0509,158,38,1,2052,3,4,0,0,1,0,0,Normal
udp,-,REQ,0.1876,591,16,106971,1280,3235.528,4561550.74,54582.88,39,6,0.000317,0.011725,0.1539,0.0484,3239,884,865,3472,0.007145,0.004433,0.002257,181,80,0,148,71,68,1,3,8,1,1,Backdoor
tcp,-,INT,9.348,50,27,36500,9693,12.3555,24989.24,8295.23,21,0,0.187,0.3462,0.0195,0.0159,20269,2354586,3246476,35783,0.0626,0.0545,0.0481,584,359,1,4652,1,2,0,0,0,0,0,Normal
udp,dns,CON,0.3337,38,21,18430,10857,265.17584999999997,353424.05,260249.93,16,0,0.0088,0.0159,0.0061,0.006,33345,7814500,9161521,46668,0.1991,0.0635,0.0174,388,517,2,1342,3,1,0,0,1,0,0,Normal
tcp,dns,CON,2.8602,54,10,31185,1370,33.56385,69779.33,3831.88,42,0,0.053,0.286,0.0092,0.0195,63245,4634838,9477054,25614,0.0253,0.0555,0.0779,462,137,1,704,3,1,0,0,0,0,0,Normal
tcp,http,INT,7.5969,63,41,4173,4674,20.53455,3516.15,4921.98,20,0,0.1206,0.1853,0.0145,0.0132,58868,1940827,3253952,239,0.0311,0.004,0.041,53,114,0,1440,4,2,0,0,1,0,0,Normal
tcp,-,INT,1.1528,79,13,8848,1014,79.8084,61403.92,7037.02,40,6,0.014592,0.088674,0.4552,0.0473,3605,126,203,2935,0.009386,8.8e-05,0.003744,112,78,1,114,32,17,1,1,6,0,1,Backdoor
udp,-,CON,4.5916,71,42,38340,27468,36.91485,53439.73,47857.41,27,0,0.0647,0.1093,0.0057,0.0159,9882,5185302,6521905,8182,0.0263,0.0463,0.0801,432,654,0,4,3,4,0,0,0,0,0,Normal
udp,http,CON,8.2148,54,13,34020,3757,12.234000000000002,26504.3,3658.75,39,0,0.1521,0.6319,0.0175,0.012,17838,6585061,5924911,17072,0.0031,0.063,0.0432,504,289,1,1680,4,2,0,0,1,0,0,Normal
udp,ssl,CON,2.8194,41,23,20910,15985,34.05015,47465.85,45357.58,18,0,0.0688,0.1226,0.0012,0.0156,14487,3206297,7598127,34918,0.2444,0.088,0.0619,408,695,1,867,3,4,0,0,0,0,0,Normal
udp,http,INT,1.5649,66,43,23347,25929,104.4798,95484.94,132553.22,22,0,0.0237,0.0364,0.0028,0.0082,13335,1584873,5791506,29694,0.1539,0.0886,0.0657,283,603,1,1901,4,4,0,0,1,0,0,Normal
tcp,-,CON,9.9164,25,50,14593,37550,11.3448,9418.75,30293.3,0,24,0.3967,0.1983,0.0036,0.0041,51968,6490836,993556,27546,0.0658,0.0783,0.0983,467,751,0,1180,1,4,0,0,0,0,0,Normal
tcp,dns,FIN,8.8134,3,25,378,13925,4.7655,275.04,12639.82,0,22,2.9378,0.3525,0.0046,0.0189,63639,2564303,3721159,27307,0.2849,0.0657,0.0046,101,557,1,1939,3,2,0,0,0,0,0,Normal
tcp,dns,FIN,8.0329,54,38,28890,28842,17.179499999999997,23017.45,28724.01,16,0,0.1488,0.2114,0.0002,0.0161,40207,896025,6487007,49022,0.0476,0.0206,0.0047,428,759,0,1599,4,2,0,0,0,0,0,Normal
udp,-,FIN,2.2426,4,51,555,33507,36.7884,1583.91,119531.62,0,45,0.5606,0.044,0.0112,0.0024,19850,6811226,4515265,17248,0.1933,0.0843,0.0994,111,657,2,1584,1,1,0,0,0,0,0,Normal
tcp,http,FIN,0.5615,71,14,42777,3738,227.0859,487613.09,53260.99,57,0,0.0079,0.0401,0.0062,0.0197,1446,1156154,1965990,12287,0.0507,0.0244,0.0241,482,267,0,4220,3,3,0,0,1,0,0,Normal
udp,ftp,REQ,1.2304,332,18,35524,630,284.4566,230972.22,4096.17,8,4,0.003706,0.068356,0.1487,0.0887,2923,814,345,1070,0.008615,0.00367,0.001332,107,35,1,175,81,58,0,0,3,1,1,Exploit
tcp,http,INT,1.7433,26,25,1690,7925,43.8822,6204.31,36367.7,1,0,0.0671,0.0697,0.013,0.0175,5145,4641019,5911857,58891,0.0094,0.0197,0.078,52,317,0,496,3,2,0,0,0,0,0,Normal
tcp,-,FIN,3.9582,16,29,2400,7917,17.0532,3880.55,16001.22,0,12,0.2474,0.1365,0.0079,0.014,24596,8286998,3953414,22017,0.0301,0.0506,0.0334,120,273,0,2680,2,1,0,0,1,0,0,Normal
udp,-,CON,2.2402,18,4,11610,2512,14.730599999999999,33167.82,8970.45,14,0,0.1245,0.5601,0.0091,0.0136,1696,3402740,3588418,2127,0.2901,0.0729,0.0694,516,628,2,3245,2,3,0,0,0,0,0,Normal
tcp,dns,INT,2.0,65,55,27218,26235,89.99955,87099.61,104939.53,8,0,0.0308,0.0364,0.0151,0.007,4356,7031393,518059,37928,0.0118,0.062,0.0227,335,477,1,4754,2,1,0,0,0,0,0,Normal
udp,-,CON,0.3639,26,7,11440,4599,136.0308,201204.57,101107.94,19,0,0.014,0.052,0.0185,0.0098,22797,2001700,8723267,61411,0.2532,0.0757,0.0952,352,657,0,4777,1,2,0,0,1,0,0,Normal
udp,http,CON,0.1527,44,25,30525,225,677.7783,1279331.03,11787.45,19,0,0.0035,0.0061,0.0109,0.0073,21529,5384438,7210962,31160,0.2901,0.0471,0.0908,555,9,2,2913,3,1,0,0,1,0,0,Normal
tcp,dns,INT,6.1425,2,18,407,14256,4.8839999999999995,424.58,18566.91,0,14,3.0713,0.3413,0.0106,0.0136,48495,7991190,5955963,17281,0.1745,0.0422,0.0134,163,792,2,2096,1,3,0,0,0,0,0,Normal
udp,http,CON,3.749,34,30,1742,23820,25.606650000000002,2974.64,50829.13,4,0,0.1103,0.125,0.0114,0.0063,4949,2552193,7439543,58562,0.1939,0.0428,0.0969,41,794,2,3115,4,3,0,0,1,0,0,Normal
tcp,ssl,INT,5.6282,71,56,45972,33488,33.8472,52276.44,47600.02,15,0,0.0793,0.1005,0.0187,0.0036,14519,3219063,9470180,15940,0.2303,0.028,0.0508,518,598,1,3084,2,2,0,0,1,0,0,Normal
icmp,-,INT,0.7496,584,24,28032,2016,811.0904,299164.3,21515.24,43,4,0.001284,0.031234,0.4251,0.053,67,428,861,3201,0.009108,0.003309,0.002481,48,84,0,105,45,33,0,0,7,0,1,Worm
icmp,ftp,CON,0.9449,231,0,14784,0,244.4696,125168.44,0.0,31,9,0.00409,0.944903,0.2972,0.0944,3543,967,907,3980,0.006241,0.003736,0.00105,64,0,1,151,37,55,0,0,2,0,1,Analysis
udp,-,INT,0.4378,668,27,98196,216,1587.4249,1794288.08,3946.86,27,7,0.000655,0.016215,0.2163,0.0788,525,463,620,3185,0.007965,0.002318,0.001727,147,8,1,41,57,53,0,0,1,0,1,Shellcode
udp,-,CON,5.9579,47,38,12631,2394,21.40005,13568.51,3214.55,8,0,0.1268,0.1568,0.0002,0.007,1238,9686453,954646,59499,0.2872,0.0883,0.001,215,63,1,4440,1,2,0,0,1,0,0,Normal
tcp,ssl,CON,8.8252,73,17,33580,5984,15.29715,24352.21,5424.49,56,0,0.1209,0.5191,0.0133,0.015,22286,8223561,1782790,61829,0.1689,0.0739,0.0832,368,352,0,3152,3,2,0,0,0,0,0,Normal
udp,dns,FIN,1.1058,28,45,12005,35100,99.02505,69482.16,253938.33,0,16,0.0395,0.0246,0.0049,0.0091,21926,1042792,6495597,61867,0.0044,0.061,0.0366,343,780,0,3013,3,2,0,0,1,0,0,Normal
tcp,-,RST,1.0939,758,27,55334,945,717.6164,404673.51,6911.06,32,8,0.001443,0.040515,0.1568,0.0878,1946,33,630,1622,0.002855,9.2e-05,0.003312,73,35,0,45,23,75,0,0,9,1,1,Shellcode
udp,-,FIN,3.8319,44,44,10395,9284,34.44795,17361.76,19382.7,0,0,0.0871,0.0871,0.0138,0.0057,53359,1652446,9723255,7006,0.1479,0.0507,0.0931,189,211,2,609,3,3,0,0,1,0,0,Normal
tcp,-,INT,0.7915,677,27,83271,324,889.4212,841624.94,3274.69,42,0,0.001169,0.029316,0.3513,0.0884,2719,899,413,2571,0.000302,0.002476,0.001613,123,12,1,59,54,68,0,0,6,1,1,Reconnaissance
tcp,-,FIN,7.674,44,29,19360,17429,14.26905,16146.02,18169.48,13,0,0.1744,0.2646,0.0113,0.0005,11824,4376664,5038286,54469,0.0843,0.054,0.0839,352,601,2,2682,2,4,0,0,1,0,0,Normal
icmp,ssh,INT,0.3072,529,13,93104,65,1764.1338,2424323.44,1692.53,11,7,0.000581,0.023633,0.207,0.0816,3051,117,460,3175,0.000725,0.004363,0.004933,176,5,0,51,39,75,0,0,7,0,1,Worm
udp,-,FIN,2.6694,21,30,4961,11130,28.65795,11894.75,33355.65,0,7,0.1271,0.089,0.0119,0.0093,5207,1504609,1923852,53930,0.0769,0.0989,0.0249,189,371,0,2611,3,3,0,0,0,0,0,Normal
udp,-,INT,4.2901,52,50,8775,37700,35.66385,13090.71,70301.98,1,0,0.0825,0.0858,0.0094,0.0008,14075,1262159,4371066,26925,0.2151,0.0755,0.0257,135,754,2,4391,4,3,0,0,0,0,0,Normal
udp,-,FIN,6.4959,8,30,3010,5790,8.77485,2965.57,7130.67,0,20,0.812,0.2165,0.0088,0.0147,19642,2997674,4041690,65378,0.2708,0.0992,0.0971,301,193,1,3217,4,1,0,0,1,0,0,Normal
tcp,dns,FIN,7.4118,24,50,2850,6300,14.97615,2460.94,6799.97,0,24,0.3088,0.1482,0.0015,0.0115,39150,1215390,4245624,2056,0.032,0.048,0.0564,95,126,1,4278,3,3,0,0,1,0,0,Normal
tcp,ftp,REQ,0.8772,573,29,103713,406,686.2621,945837.83,3702.62,46,0,0.001531,0.030249,0.1756,0.0525,3268,527,116,314,0.003728,0.003849,0.001908,181,14,1,197,31,27,0,0,0,1,1,Botnet
tcp,dns,FIN,1.7266,5,38,1200,12616,37.3566,4448.03,58454.59,0,32,0.3453,0.0454,0.0169,0.0085,49777,4997671,1160818,59665,0.132,0.0316,0.0612,192,332,0,2970,2,1,0,0,1,0,0,Normal
udp,http,FIN,1.961,49,30,29706,23310,60.4284,96950.64,95094.44,17,0,0.04,0.0654,0.0161,0.0107,1001,9696213,4329855,37095,0.2827,0.0999,0.0695,485,777,1,644,2,3,0,0,0,0,0,Normal
tcp,dns,FIN,8.8396,35,39,19425,19500,12.557099999999998,14063.96,17647.83,0,3,0.2526,0.2267,0.0165,0.0179,8957,4780323,9045187,37988,0.2815,0.0081,0.0351,444,500,0,3234,4,4,0,0,1,0,0,Normal
tcp,ftp,CON,0.6057,295,1,39530,88,488.6851,522100.6,1162.28,19,2,0.002053,0.605707,0.1662,0.0927,2555,660,325,3825,0.002609,0.004978,0.004547,134,88,0,171,54,62,0,0,0,1,1,Reconnaissance
udp,dns,INT,9.7176,26,12,6337,3792,5.865600000000001,4173.85,3121.75,14,0,0.3738,0.8098,0.0191,0.0109,878,5604344,6313844,60725,0.1834,0.0248,0.0615,195,316,1,4348,2,1,0,0,1,0,0,Normal
tcp,-,INT,9.1808,56,32,15750,8320,14.3778,10979.46,7249.93,23,0,0.1639,0.2869,0.005,0.0179,64007,647738,7733877,61585,0.0667,0.0119,0.099,225,260,1,4957,1,4,0,0,1,0,0,Normal
udp,ssl,CON,9.146,32,30,4160,2280,10.16835,2910.99,1994.31,2,0,0.2858,0.3049,0.0167,0.0079,63847,9958049,1091674,8719,0.163,0.0419,0.088,104,76,2,807,2,2,0,0,1,0,0,Normal
tcp,-,REQ,1.0486,688,20,108016,320,675.1658,824053.23,2441.28,18,6,0.001524,0.052432,0.1232,0.0261,3586,978,871,3536,0.001355,0.001986,0.004542,157,16,1,125,96,41,0,0,4,1,1,Analysis
icmp,-,INT,0.9815,602,1,108360,77,614.3641,883217.21,627.61,20,6,0.00163,0.981503,0.2936,0.0594,1978,504,831,1951,0.004335,0.000238,0.00287,180,77,1,101,78,55,0,0,1,0,1,Shellcode
tcp,dns,CON,1.7716,38,43,10117,20425,68.5821,36550.06,92233.13,0,3,0.0466,0.0412,0.0151,0.009,54064,3255119,3073631,2890,0.1133,0.0615,0.0944,213,475,2,2624,3,4,0,0,1,0,0,Normal
icmp,ftp,CON,0.537,209,13,21527,1001,413.4321,320719.05,14913.35,18,6,0.002569,0.041305,0.2914,0.0841,1313,317,497,1942,0.002381,0.001178,0.003005,103,77,0,16,49,36,0,0,5,0,1,DoS
icmp,-,REQ,0.3626,780,15,100620,345,2192.2651,2219730.41,7610.88,26,3,0.000465,0.024176,0.2306,0.003,1200,254,49,3436,0.008827,0.003693,0.002921,129,23,0,119,45,33,0,0,7,0,1,Shellcode
tcp,ftp,CON,0.708,770,20,66220,900,1115.8445,748265.56,10169.72,39,7,0.000919,0.035399,0.118,0.0725,2174,256,651,1053,0.004872,0.00068,0.002211,86,45,0,49,72,69,0,0,6,1,1,Worm
icmp,http,RST,0.0297,313,29,53210,2465,11513.8937,14331094.39,663900.54,19,9,9.5e-05,0.001024,0.2985,0.0431,3044,177,605,1886,0.004008,0.000502,0.003455,170,85,1,104,77,10,0,0,4,1,1,Exploit
udp,-,FIN,1.5778,43,41,18382,30422,79.85594999999999,74562.67,154246.27,0,0,0.0367,0.0385,0.0129,0.01,45850,401108,8895711,38994,0.213,0.0442,0.028,342,742,0,2980,4,4,0,0,1,0,0,Normal
tcp,ftp,CON,0.6317,408,18,79152,198,674.4123,1002461.7,2507.67,44,4,0.001548,0.035092,0.2112,0.0605,3430,215,689,4008,0.004509,0.004568,0.004719,194,11,1,174,30,69,0,0,5,0,1,Reconnaissance
udp,-,INT,7.5631,1,52,268,8684,10.51155,227.42,9185.61,0,51,7.5631,0.1454,0.0066,0.0139,53489,4409779,1848565,22781,0.1216,0.0432,0.0458,215,167,1,570,2,3,0,0,0,0,0,Normal
tcp,ssh,INT,1.0018,761,27,78383,2214,786.6093,625957.33,17680.74,8,8,0.001316,0.037103,0.153,0.0346,2733,52,848,1669,0.001223,0.002672,0.004064,103,82,0,13,77,61,0,0,4,0,1,Generic
icmp,-,CON,1.3213,593,3,53370,105,451.0685,323134.58,635.73,29,3,0.002228,0.440436,0.4993,0.0287,3012,591,43,1570,0.005367,0.00284,0.001448,90,35,1,149,21,57,0,0,6,0,1,DoS
udp,ssl,CON,2.1769,43,40,16985,20520,57.192,49935.75,75410.77,2,0,0.0506,0.0544,0.0005,0.01,54614,6175151,7407086,4092,0.0194,0.0837,0.0061,316,513,0,3409,1,4,0,0,0,0,0,Normal
tcp,dns,FIN,4.7352,43,35,3923,14105,24.708750000000002,5303.31,23830.24,7,0,0.1101,0.1353,0.0171,0.0104,38904,9465774,1091641,55615,0.0315,0.0654,0.0739,73,403,2,2388,3,1,0,0,0,0,0,Normal
tcp,ssl,CON,9.7478,12,11,7860,2739,3.53925,5160.55,2247.89,0,0,0.8123,0.8862,0.0057,0.0086,542,5658818,1573724,49951,0.0339,0.0776,0.074,524,249,2,2919,1,4,0,0,1,0,0,Normal
tcp,dns,INT,4.7984,60,28,32400,15344,27.5094,43214.66,25582.01,31,0,0.08,0.1714,0.0131,0.0048,27017,8367880,5814956,22478,0.0395,0.0808,0.089,432,548,0,721,3,4,0,0,1,0,0,Normal
tcp,http,REQ,1.2513,641,21,60895,189,529.0703,389338.22,1208.39,11,2,0.001952,0.059583,0.4995,0.0924,1125,258,116,500,0.006843,0.001383,0.001643,95,9,0,102,21,49,0,1,9,1,1,Backdoor
tcp,-,CON,3.153,46,7,30647,3633,25.214399999999998,62209.5,9218.01,39,0,0.0685,0.4504,0.0119,0.0081,22759,1050346,8823087,52396,0.1129,0.0854,0.0761,533,519,1,2085,2,2,0,0,0,0,0,Normal
udp,http,INT,0.513,87,17,8526,663,202.7428,132968.08,10339.88,43,9,0.005896,0.030174,0.4616,0.0814,1343,245,413,2181,0.002721,0.000237,0.000245,98,39,0,140,86,62,0,0,1,0,1,Generic
udp,-,REQ,1.4745,465,26,66030,1066,332.9919,358247.74,5783.61,45,9,0.003171,0.056712,0.188,0.0327,595,822,299,1669,0.005604,0.002175,0.000285,142,41,0,82,21,61,0,0,1,1,1,DoS
udp,dns,FIN,1.9911,26,2,16347,100,21.094350000000002,52546.89,401.8,24,0,0.0766,0.9955,0.0076,0.0096,28934,7032402,4719752,56936,0.2192,0.0126,0.0711,503,50,2,3915,1,2,0,0,1,0,0,Normal
tcp,http,RST,1.4327,419,22,42738,1342,307.8089,238641.93,7493.51,45,3,0.003419,0.065123,0.2016,0.0525,2199,720,349,64,0.008765,0.000854,0.004215,102,61,0,22,93,74,0,0,4,0,1,DoS
tcp,ftp,REQ,0.0031,165,14,26565,70,58511.2715,69468242.56,183052.02,18,3,1.9e-05,0.000219,0.0481,0.0596,399,285,263,852,0.004277,0.002049,0.003744,161,5,1,73,42,36,0,0,1,1,1,Worm
tcp,ssl,FIN,9.3848,64,10,11440,480,11.82765,7801.53,409.17,53,0,0.1466,0.9385,0.0064,0.0057,49788,5344762,8442070,46948,0.042,0.0241,0.0451,143,48,0,2570,4,1,0,0,0,0,0,Normal
udp,-,INT,8.5426,15,48,10331,11760,11.062199999999999,7740.04,11013.05,0,33,0.5695,0.178,0.0056,0.0147,39654,4222977,884357,27429,0.0785,0.0544,0.0013,551,245,2,1059,2,3,0,0,1,0,0,Normal
udp,ssl,FIN,8.6125,19,45,4013,5760,11.14665,2982.64,5350.36,0,24,0.4533,0.1914,0.0052,0.0147,25941,2290914,3783318,50910,0.125,0.0315,0.0362,169,128,1,1088,1,2,0,0,0,0,0,Normal
udp,ssl,FIN,9.6864,44,15,18095,9300,9.1365,11955.72,7680.87,28,0,0.2201,0.6458,0.0068,0.007,58930,9643488,6660537,35483,0.1244,0.0343,0.0677,329,620,0,964,3,3,0,0,0,0,0,Normal
tcp,dns,FIN,8.4763,16,8,8560,2056,4.2471,6463.21,1940.47,8,0,0.5298,1.0595,0.0001,0.0159,54402,2604820,319761,13769,0.0764,0.0766,0.0664,428,257,1,3837,3,3,0,0,1,0,0,Normal
udp,ftp,CON,1.0408,578,2,103462,100,557.2536,795235.45,768.63,26,6,0.001801,0.520409,0.2309,0.0031,873,628,667,874,0.007648,0.000291,0.002445,179,50,0,49,99,55,0,0,3,0,1,Analysis
udp,dns,FIN,2.0517,27,0,17718,0,19.740000000000002,55272.02,0.0,25,0,0.076,2.0517,0.0114,0.0039,49397,1089395,1716364,28956,0.0854,0.0089,0.059,525,0,2,1796,4,1,0,0,0,0,0,Normal
tcp,ssl,FIN,8.9298,68,5,24480,2055,12.262349999999998,17544.89,1841.03,61,0,0.1313,1.786,0.0,0.0016,49656,7029366,7323324,60715,0.0598,0.0551,0.0632,288,411,0,3443,2,3,0,0,0,0,0,Normal
udp,http,CON,3.7226,48,20,11580,6820,27.40005,19908.55,14656.34,27,0,0.0776,0.1861,0.018,0.0079,16888,3517760,898261,42834,0.0631,0.0042,0.0544,193,341,0,158,1,2,0,0,0,0,0,Normal
udp,-,INT,0.1462,65,0,9425,0,666.7029,412466.89,0.0,64,0,0.0022,0.1462,0.0124,0.0131,45310,7561771,995529,21598,0.2584,0.0224,0.073,116,0,2,2888,3,3,0,0,0,0,0,Normal
tcp,-,CON,1.2902,760,15,55480,1035,600.6628,343997.63,6417.4,25,0,0.001698,0.086016,0.1112,0.022,2341,400,404,3473,0.004234,0.001193,0.003842,73,69,0,54,43,34,0,0,1,1,1,Exploit
udp,http,INT,8.2217,15,30,7125,9420,8.20995,5546.3,9166.0,0,15,0.5481,0.2741,0.0065,0.013,59244,4809233,7601647,1031,0.148,0.0918,0.0009,380,314,0,3746,4,3,0,0,1,0,0,Normal
tcp,ssh,RST,1.04,520,16,66040,400,515.3961,508011.27,3076.99,36,3,0.002,0.064999,0.4818,0.0705,3037,334,34,96,0.005236,0.0017,0.002378,127,25,1,174,31,12,0,0,8,0,1,Reconnaissance
udp,-,FIN,8.9908,39,27,14235,19899,11.01135,10133.06,17706.16,12,0,0.2305,0.333,0.0046,0.0171,1474,8351648,3047658,58650,0.2479,0.0233,0.079,292,737,0,2778,1,1,0,0,1,0,0,Normal
udp,dns,INT,2.2036,63,2,12048,382,44.2449,34992.99,1386.8,59,0,0.035,1.1018,0.0178,0.0175,5168,8434251,2803509,15733,0.0424,0.0569,0.0168,153,191,2,318,3,4,0,0,1,0,0,Normal
udp,-,CON,2.2412,45,45,30712,17730,60.235800000000005,87703.36,63287.77,0,0,0.0498,0.0498,0.0071,0.017,45686,2877841,5734511,28754,0.2171,0.0902,0.098,546,394,1,4227,4,2,0,0,0,0,0,Normal
tcp,-,INT,1.1894,64,26,45680,1222,113.49855,245789.06,8218.98,36,0,0.0186,0.0457,0.0096,0.0114,34113,511296,9845586,61201,0.1255,0.0417,0.0566,571,47,2,4936,4,2,0,0,1,0,0,Normal
tcp,http,CON,4.537,63,42,8583,24234,34.71435,12108.37,42731.06,19,0,0.072,0.108,0.0194,0.0038,12200,8268815,1266186,24244,0.2732,0.0318,0.0524,109,577,0,3899,4,4,0,0,1,0,0,Normal
udp,http,INT,9.7551,49,29,8391,18328,11.9937,5505.2,15030.45,19,0,0.1991,0.3364,0.0044,0.0174,6231,1268056,972696,43250,0.2954,0.0318,0.0784,137,632,0,3950,4,3,0,0,0,0,0,Normal
tcp,dns,CON,0.6947,1,35,407,24885,77.7315,3754.15,286570.25,0,33,0.6947,0.0198,0.016,0.0064,62808,8434936,6848569,14149,0.2147,0.0378,0.0239,326,711,2,1103,1,3,0,0,0,0,0,Normal
tcp,http,CON,0.4339,460,7,23000,511,1076.2199,424035.25,9420.96,47,7,0.000943,0.061989,0.1265,0.0591,364,908,402,499,0.005256,0.004921,0.004636,50,73,1,15,23,64,0,0,7,1,1,Reconnaissance
tcp,dns,INT,1.1359,54,8,32535,2856,81.8766,183318.94,20115.22,44,0,0.021,0.142,0.0054,0.017,2698,8420287,9204819,54568,0.0801,0.0736,0.0034,482,357,1,3804,3,3,0,0,0,0,0,Normal
icmp,http,CON,0.2838,751,12,106642,540,2688.3734,3005960.82,15221.2,35,4,0.000378,0.023651,0.174,0.0799,1613,366,466,157,0.004615,0.001588,0.004469,142,45,1,179,67,65,0,0,5,0,1,Exploit
tcp,dns,INT,6.4936,33,29,20295,15689,14.321850000000001,20002.49,19328.59,2,0,0.1968,0.2239,0.0003,0.009,27897,355099,3902870,65372,0.1349,0.0154,0.0863,492,541,0,3865,2,1,0,0,1,0,0,Normal
udp,-,INT,2.0801,44,38,18755,19342,59.130449999999996,57703.56,74386.98,4,0,0.0473,0.0547,0.0104,0.0001,39161,6902224,8955493,17316,0.2718,0.0254,0.07,341,509,2,312,4,2,0,0,1,0,0,Normal
udp,dns,INT,0.1986,21,59,12127,16815,604.11825,390743.71,677216.6,0,38,0.0095,0.0034,0.0164,0.0082,49666,6762544,1118285,54012,0.0388,0.0272,0.0128,462,285,1,3824,2,3,0,0,1,0,0,Normal
udp,ssl,FIN,6.8805,9,55,4803,22220,13.95255,4468.3,25835.42,0,44,0.7645,0.1251,0.0146,0.0058,40404,6955790,3628363,12318,0.2057,0.0278,0.0483,427,404,2,3155,1,3,0,0,1,0,0,Normal
udp,-,INT,1.8385,29,47,8047,31161,62.005500000000005,28013.43,135589.68,0,18,0.0634,0.0391,0.0199,0.0077,28621,3980927,3398161,37084,0.0734,0.0604,0.0847,222,663,0,394,2,4,0,0,0,0,0,Normal
tcp,-,RST,0.9248,179,8,7339,192,202.2148,63488.96,1660.97,39,3,0.005166,0.115595,0.4273,0.0934,1568,452,45,1743,0.008778,0.0019,0.002221,41,24,0,188,27,43,0,0,6,0,1,Shellcode
udp,dns,INT,2.2175,23,35,11931,560,39.2331,34434.97,2020.28,0,11,0.0964,0.0634,0.0103,0.0028,18507,102327,536735,18622,0.2873,0.0107,0.0838,415,16,2,2931,2,2,0,0,1,0,0,Normal
tcp,ssl,FIN,4.002,14,12,8855,7536,9.745049999999999,14160.89,15064.44,1,0,0.2859,0.3335,0.0192,0.0033,26720,9857010,9996434,24278,0.1198,0.0269,0.0199,506,628,0,4002,2,2,0,0,0,0,0,Normal
tcp,dns,FIN,2.6553,17,4,12431,2360,11.86305,29962.49,7110.25,11,0,0.1562,0.6638,0.0119,0.0017,8516,957126,6384819,51524,0.1427,0.0867,0.0923,585,590,0,2803,3,4,0,0,1,0,0,Normal
udp,-,INT,5.9248,33,13,14850,3822,11.646,16041.08,5160.69,18,0,0.1795,0.4558,0.0021,0.0186,52416,3038742,8488211,24714,0.2001,0.0303,0.0664,360,294,0,49,2,2,0,0,1,0,0,Normal
udp,dns,FIN,7.3502,1,49,531,21658,10.2039,462.57,23572.79,0,46,7.3502,0.15,0.0077,0.0159,6962,8582171,1290266,26282,0.2281,0.0169,0.0852,425,442,1,1549,4,1,0,0,1,0,0,Normal
tcp,ssl,FIN,5.2237,16,9,9320,3951,7.17885,11418.66,6050.85,7,0,0.3265,0.5804,0.0114,0.0003,58394,7461609,7594817,11878,0.1681,0.002,0.0402,466,439,0,369,4,3,0,0,1,0,0,Normal
tcp,http,CON,4.3371,46,15,30647,1500,21.0969,45224.48,2766.81,29,0,0.0943,0.2891,0.0151,0.0126,41791,4016717,3840916,51862,0.1777,0.0904,0.0505,533,100,0,3885,3,1,0,0,0,0,0,Normal
tcp,-,INT,5.3635,22,5,5472,2365,7.551,6530.04,3527.54,16,0,0.2438,1.0727,0.0192,0.0009,63020,731031,3360218,9945,0.1081,0.0024,0.0039,199,473,0,2931,1,1,0,0,1,0,0,Normal
udp,ssh,RST,0.6003,688,28,83248,2772,1192.7822,1109460.71,36942.93,30,4,0.000872,0.021438,0.3263,0.0712,3453,492,313,7,0.005299,0.000549,0.002634,121,99,1,148,23,56,0,0,6,1,1,Botnet
tcp,ssl,CON,2.468,70,29,30537,12006,60.16905,79188.08,38916.58,40,0,0.0353,0.0851,0.0121,0.0047,62788,4642585,9633979,62610,0.1883,0.092,0.0718,349,414,2,4518,1,2,0,0,1,0,0,Normal
udp,-,CON,9.6065,41,43,30237,19608,13.11615,20144.73,16328.98,0,2,0.2343,0.2234,0.0049,0.0037,1620,4964069,2800429,8751,0.2955,0.0548,0.0787,590,456,2,4233,3,3,0,0,0,0,0,Normal
udp,http,INT,5.4548,73,42,4380,6636,31.62375,5138.99,9732.4,31,0,0.0747,0.1299,0.0149,0.0076,54624,3143192,370366,53612,0.2551,0.0419,0.0167,48,158,0,814,1,2,0,0,1,0,0,Normal
icmp,http,CON,1.1996,257,4,31868,288,217.5786,212530.1,1920.69,6,9,0.004668,0.299892,0.2897,0.0235,1913,135,662,3839,0.005465,0.004533,0.000447,124,72,0,38,84,20,0,2,8,1,1,Backdoor
udp,http,FIN,6.3905,30,19,12375,7657,11.50155,12393.46,9585.53,10,0,0.213,0.3363,0.0047,0.0009,32175,9702490,4966574,55677,0.2091,0.014,0.0857,330,403,1,1949,3,4,0,0,1,0,0,Normal
tcp,ssh,RST,1.3668,717,1,63813,64,525.3029,373494.79,374.59,4,0,0.001906,1.36683,0.2084,0.0403,276,993,39,987,0.007258,0.000859,0.001398,89,64,0,106,69,14,0,0,6,0,1,Generic
tcp,http,INT,8.5443,70,53,39112,18656,21.5934,29296.76,17467.57,15,0,0.1221,0.1612,0.0159,0.0018,64486,3838557,6539750,1586,0.1699,0.0362,0.0005,447,352,2,4943,3,4,0,0,1,0,0,Normal
udp,-,REQ,0.2134,644,5,66332,425,3041.0423,2486513.6,15931.5,1,2,0.000331,0.042683,0.3553,0.0922,76,157,144,1446,0.004423,0.00276,0.001867,103,85,1,182,23,18,0,0,5,1,1,DoS
udp,dns,INT,1.9341,78,13,42022,6344,70.57605,139054.99,26240.85,63,0,0.0248,0.1488,0.0028,0.0173,37388,9769023,9387549,22004,0.0189,0.0162,0.0519,431,488,1,401,4,2,0,0,1,0,0,Normal
udp,http,CON,1.0324,50,55,29062,11825,152.5629,180169.47,91634.58,0,4,0.0206,0.0188,0.0117,0.0062,41295,637097,3710802,30090,0.1524,0.036,0.0407,465,215,0,4193,4,2,0,0,1,0,0,Normal
icmp,ssh,REQ,0.9233,284,24,50552,1992,333.5786,438001.7,17259.44,3,2,0.003251,0.038472,0.2593,0.0942,2632,974,677,1789,0.004503,0.001986,0.000538,178,83,1,73,98,53,0,0,9,0,1,Analysis
udp,dns,INT,0.6951,53,8,6161,3128,131.64135000000002,56730.96,36002.12,44,0,0.0131,0.0869,0.0079,0.0048,63041,7648645,3675972,27839,0.2654,0.0565,0.0102,93,391,0,2513,2,3,0,0,0,0,0,Normal
udp,dns,INT,4.2187,19,25,3966,12575,15.6447,6017.03,23846.24,0,4,0.222,0.1687,0.0147,0.0157,29434,2354099,2865153,1779,0.0101,0.0287,0.0247,167,503,2,2404,1,2,0,0,1,0,0,Normal
udp,-,INT,3.9054,7,55,1163,8635,23.813100000000002,1907.09,17688.25,0,46,0.5579,0.071,0.0038,0.0171,1714,4045480,9558831,37022,0.1396,0.049,0.0948,133,157,1,1350,2,2,0,0,0,0,0,Normal
udp,ssl,FIN,1.4197,48,9,24480,3933,60.22455000000001,110356.68,22162.62,37,0,0.0296,0.1577,0.0199,0.0177,46813,3398263,2140313,38764,0.249,0.0595,0.0491,408,437,1,3215,4,2,0,0,1,0,0,Normal
udp,ssl,CON,8.7403,62,16,29915,10416,13.386300000000002,21905.06,9533.81,46,0,0.141,0.5463,0.016,0.0101,42713,109018,8693212,13039,0.114,0.0249,0.0418,386,651,2,3908,2,1,0,0,0,0,0,Normal
udp,-,FIN,8.4497,67,10,43801,5870,13.66905,33175.95,5557.57,56,0,0.1261,0.845,0.0197,0.0097,27624,5250554,9719679,20032,0.1454,0.0666,0.0386,523,587,2,2533,3,2,0,0,0,0,0,Normal
icmp,ftp,REQ,1.0899,675,16,68850,192,634.0304,505389.17,1409.36,21,8,0.001615,0.068116,0.2711,0.0483,45,741,798,173,0.002477,0.000695,0.004723,102,12,1,156,36,66,0,0,4,0,1,DoS
icmp,-,RST,0.9728,623,29,120239,1305,670.2229,988796.7,10731.79,43,6,0.001561,0.033545,0.1659,0.0799,1479,804,920,1789,0.006437,0.001512,0.001725,193,45,1,155,33,59,0,0,7,0,1,Botnet
icmp,-,RST,0.8634,183,11,35868,143,224.6819,332325.32,1324.93,45,0,0.004718,0.078495,0.4972,0.0088,1701,237,923,1496,0.007375,0.0044,0.004115,196,13,1,180,50,21,0,0,3,0,1,Worm
tcp,http,FIN,2.6862,64,35,38880,22785,55.28235,92633.0,67857.6,27,0,0.042,0.0767,0.0175,0.0068,22262,593888,6896046,46220,0.0716,0.0275,0.0251,486,651,1,2881,4,4,0,0,1,0,0,Normal
udp,dns,CON,5.733,48,54,24960,40500,26.687399999999997,27863.77,56514.55,0,5,0.1194,0.1062,0.0159,0.0107,48515,2419345,9137533,15132,0.1056,0.0887,0.0401,416,750,2,3861,2,2,0,0,1,0,0,Normal
tcp,http,INT,2.2676,27,7,13061,1974,22.491,36864.0,6964.26,20,0,0.084,0.3239,0.0045,0.0013,63457,3594094,3899228,8491,0.2042,0.0923,0.0284,387,282,2,3505,3,1,0,0,0,0,0,Normal
tcp,dns,FIN,5.9318,39,39,26130,24687,19.724249999999998,28192.54,33294.55,0,0,0.1521,0.1521,0.0138,0.0042,51654,8896951,1269216,58120,0.1844,0.0956,0.0733,536,633,0,3814,3,4,0,0,1,0,0,Normal
tcp,dns,FIN,8.9284,61,16,7167,6432,12.9363,5137.77,5763.19,44,0,0.1464,0.558,0.0193,0.0106,62804,4865771,4711444,55910,0.0095,0.0463,0.056,94,402,2,3625,3,3,0,0,1,0,0,Normal
tcp,-,RST,0.4362,775,19,40300,513,1820.1765,739074.18,9408.07,18,4,0.000563,0.022959,0.0615,0.0415,2496,136,17,1796,0.0095,0.000294,0.000782,52,27,0,89,42,48,0,0,5,1,1,Analysis
udp,ssl,FIN,8.0524,31,1,8060,26,5.961,6406.04,25.83,29,0,0.2598,8.0524,0.0145,0.0141,7384,2632755,2781516,21024,0.1924,0.0589,0.0621,208,26,0,3945,3,1,0,0,0,0,0,Normal
udp,-,CON,9.3205,7,23,3885,9614,4.82805,2667.68,8251.95,0,14,1.3315,0.4052,0.0197,0.0176,49125,6674344,3769849,16630,0.2093,0.0837,0.0953,444,418,1,3034,3,2,0,0,1,0,0,Normal
tcp,ssl,INT,0.2243,29,13,17182,5135,280.85220000000004,490234.09,183133.43,14,0,0.0077,0.0173,0.0068,0.0061,5931,8903791,4636617,27012,0.1567,0.0104,0.0485,474,395,2,3141,2,1,0,0,0,0,0,Normal
icmp,-,INT,0.1986,64,28,5120,1288,463.1499,206202.4,51872.79,32,9,0.003104,0.007094,0.2791,0.0622,2270,219,423,1873,0.00903,0.003067,0.00219,80,46,0,191,32,58,0,0,3,0,1,Worm
icmp,-,RST,0.6763,125,0,12750,0,184.8243,150816.61,0.0,2,7,0.005411,0.676318,0.2012,0.0241,267,410,886,770,0.003226,0.003502,0.001558,102,0,1,26,92,57,0,0,1,1,1,Exploit
tcp,ssl,FIN,2.8546,39,1,1998,501,21.01845,4481.12,1404.03,37,0,0.0732,2.8546,0.0162,0.0035,4991,5258728,914571,18748,0.277,0.0054,0.0046,41,501,2,3180,1,2,0,0,0,0,0,Normal
tcp,ssl,CON,2.21,4,51,770,22287,37.33065,2229.89,80677.77,0,45,0.5525,0.0433,0.0168,0.0155,58276,7913700,3513232,5996,0.1801,0.0842,0.0396,154,437,2,2071,1,4,0,0,0,0,0,Normal
udp,ssl,INT,4.8119,38,16,4085,192,16.83345,5433.24,319.21,20,0,0.1266,0.3007,0.0125,0.0194,64622,1741306,5434814,65521,0.1886,0.0737,0.0506,86,12,1,3388,4,4,0,0,1,0,0,Normal
udp,-,FIN,4.5783,56,11,28420,6358,21.9513,39728.01,11109.72,45,0,0.0818,0.4162,0.0015,0.0096,7906,3411439,8770611,32570,0.285,0.0204,0.079,406,578,1,1659,2,3,0,0,1,0,0,Normal
tcp,ssl,CON,2.3598,4,32,585,7904,22.88355,1586.6,26795.83,0,28,0.5899,0.0737,0.0035,0.0195,47860,9467923,2163253,2779,0.1614,0.081,0.0179,117,247,2,2973,1,1,0,0,0,0,0,Normal
udp,http,FIN,2.1244,27,7,2970,1407,24.00705,8947.56,5298.49,20,0,0.0787,0.3035,0.0052,0.0003,16353,5875171,4708872,9479,0.1771,0.0361,0.0302,88,201,0,1925,1,3,0,0,0,0,0,Normal
udp,http,INT,8.2981,30,19,20662,4731,8.8575,15936.15,4561.04,9,0,0.2766,0.4367,0.0072,0.01,19097,8365623,7410716,9934,0.0994,0.0916,0.0963,551,249,2,3195,1,2,0,0,0,0,0,Normal
tcp,ssl,FIN,9.4787,56,47,11760,7191,16.2996,7940.31,6069.17,8,0,0.1693,0.2017,0.0036,0.014,51124,9608947,4069591,46924,0.0592,0.037,0.0889,168,153,0,3364,2,1,0,0,0,0,0,Normal
udp,http,INT,0.0061,260,11,28600,495,44320.6493,37419057.43,647637.53,44,9,2.4e-05,0.000556,0.127,0.023,2132,188,688,3606,0.005518,0.00325,0.001522,110,45,1,78,63,52,0,0,5,0,1,Worm
tcp,http,CON,7.1055,11,36,1608,12636,9.9219,1449.02,14226.76,0,24,0.646,0.1974,0.0066,0.0135,16777,1561760,2839120,30840,0.0371,0.0432,0.047,117,351,1,4864,3,2,0,0,0,0,0,Normal
udp,-,REQ,1.2289,404,23,40400,552,347.4722,263004.73,3593.53,8,8,0.003042,0.053429,0.324,0.0247,2210,281,243,2699,0.009826,0.00016,0.00119,100,24,1,54,60,39,0,4,5,0,1,Backdoor
tcp,ssl,CON,8.8275,74,39,40052,8931,19.20135,29038.25,8093.77,33,0,0.1193,0.2263,0.0092,0.0108,17996,2171391,2860168,41823,0.2118,0.0861,0.0705,433,229,2,3486,3,3,0,0,0,0,0,Normal
udp,http,CON,2.9261,76,21,25745,16149,49.72485,56309.66,44151.52,53,0,0.0385,0.1393,0.0136,0.0147,60637,5506500,2164977,52945,0.2286,0.0763,0.0532,271,769,1,2218,3,1,0,0,0,0,0,Normal
icmp,ssh,CON,0.1214,177,25,33807,2350,1663.6846,2227492.45,154837.97,27,5,0.000686,0.004857,0.0715,0.0077,674,499,813,3166,0.008609,0.003599,0.000882,191,94,0,160,24,49,0,0,8,1,1,Reconnaissance
tcp,-,FIN,6.4223,2,13,1417,793,3.5034,1412.58,987.81,0,9,3.2111,0.494,0.0002,0.0024,5729,5324352,8242387,13472,0.1374,0.0848,0.074,567,61,2,3566,2,3,0,0,1,0,0,Normal
tcp,ssl,INT,3.1512,19,37,8431,11470,26.6565,17123.63,29119.06,0,18,0.1659,0.0852,0.0028,0.0049,56921,1872176,892614,46148,0.2717,0.0873,0.0605,355,310,1,3098,4,4,0,0,0,0,0,Normal
tcp,http,CON,9.6647,41,40,28495,1840,12.5715,18869.55,1523.07,0,0,0.2357,0.2416,0.002,0.0128,21755,897063,5323828,14784,0.0116,0.0187,0.0604,556,46,2,743,2,4,0,0,0,0,0,Normal
tcp,ftp,REQ,1.0989,309,23,56238,1518,302.1131,409403.29,11050.79,26,1,0.003556,0.047779,0.0589,0.0777,2624,917,905,1794,0.006052,0.00389,0.000345,182,66,0,124,65,37,0,0,5,1,1,Generic
udp,ssl,CON,9.1682,77,48,54670,18672,20.45115,38163.31,16292.88,27,0,0.1191,0.191,0.0148,0.0187,46774,530283,903276,58509,0.2865,0.0661,0.0587,568,389,1,606,4,1,0,0,1,0,0,Normal
tcp,ssl,FIN,4.6274,20,30,1950,21780,16.2078,2696.98,37654.0,0,9,0.2314,0.1542,0.0039,0.0183,64475,6384653,2509784,51069,0.2457,0.0833,0.0422,78,726,1,1240,3,4,0,0,0,0,0,Normal
udp,ftp,INT,0.0019,738,8,120294,680,397082.9214,512243355.96,2895618.09,37,5,3e-06,0.000235,0.3478,0.0313,866,22,597,2235,0.004971,0.003284,0.002097,163,85,0,57,89,41,0,0,4,1,1,Worm
udp,-,FIN,7.4718,47,44,24557,33880,18.26865,21034.72,36274.88,2,0,0.159,0.1698,0.0111,0.0168,13112,6392453,5983942,56005,0.0422,0.0551,0.0826,418,770,2,612,1,4,0,0,1,0,0,Normal
udp,dns,CON,0.0791,77,14,6833,588,1725.5244,552875.72,59464.23,63,0,0.001,0.0057,0.0077,0.0089,39415,3118347,5629719,47498,0.0834,0.0032,0.0411,71,42,1,2872,2,2,0,0,1,0,0,Normal
tcp,-,INT,4.4123,66,5,24750,2910,24.13725,35899.81,5276.18,60,0,0.0669,0.8825,0.0175,0.0058,49234,8528913,6823845,26009,0.2804,0.0326,0.0947,300,582,2,1863,4,4,0,0,0,0,0,Normal
udp,dns,INT,2.0835,66,51,48757,23613,84.23415,149772.77,90667.7,15,0,0.0316,0.0409,0.0181,0.0051,47503,1560511,7732067,4924,0.0142,0.0363,0.0216,591,463,2,863,2,4,0,0,1,0,0,Normal
tcp,http,CON,8.6172,18,34,8797,5440,9.05175,6533.93,5050.38,0,15,0.4787,0.2534,0.0144,0.0101,44962,2452010,9419897,58891,0.0858,0.0255,0.0318,391,160,0,4484,2,3,0,0,1,0,0,Normal
udp,dns,CON,2.5942,45,39,21881,14235,48.57075,53982.97,43898.75,6,0,0.0576,0.0665,0.0078,0.0165,1313,6484708,4830368,50763,0.1146,0.0312,0.0902,389,365,2,230,1,2,0,0,1,0,0,Normal
udp,ssl,INT,8.9889,8,19,2390,11514,4.5055499999999995,1701.66,10247.33,0,11,1.1236,0.4731,0.0118,0.019,11617,293218,9640308,24466,0.2401,0.0497,0.0355,239,606,1,3302,3,1,0,0,0,0,0,Normal
udp,ssl,CON,1.4659,20,40,6950,6760,61.39665,30343.6,36892.58,0,20,0.0733,0.0366,0.0066,0.0116,18693,7236695,3189004,50350,0.257,0.0822,0.0007,278,169,0,2776,3,2,0,0,0,0,0,Normal
tcp,http,RST,0.5345,682,14,112530,1274,1302.0609,1684148.46,19066.96,30,5,0.000784,0.038181,0.2193,0.0305,1590,169,950,523,0.001952,0.004909,0.004682,165,91,0,168,70,28,0,0,9,0,1,Worm
tcp,dns,CON,4.6935,75,34,19781,11424,34.83555,26973.54,19472.09,40,0,0.0626,0.138,0.0172,0.0124,59219,5555671,966801,45470,0.1101,0.0202,0.0838,211,336,0,3336,4,1,0,0,1,0,0,Normal
udp,ssh,INT,1.2272,149,2,6407,100,123.0457,41767.09,651.9,2,5,0.008236,0.613593,0.1014,0.0886,1965,670,160,3175,0.001005,0.002689,0.004443,43,50,1,120,66,53,0,0,4,0,1,Analysis
tcp,http,INT,0.1078,39,45,15892,1665,1168.6716000000001,943396.22,123545.28,0,6,0.0028,0.0024,0.0131,0.0053,822,3877779,7848719,36484,0.0583,0.0862,0.0901,326,37,0,3044,2,1,0,0,0,0,0,Normal
tcp,-,CON,3.6904,47,5,9635,940,21.1356,16709.1,2037.7,41,0,0.0785,0.7381,0.0002,0.0089,28963,4710828,5268962,19933,0.2259,0.0397,0.0599,164,188,2,532,3,2,0,0,0,0,0,Normal
udp,ssl,INT,4.3905,16,58,1540,45298,25.28205,2244.86,82538.67,0,40,0.2744,0.0757,0.0111,0.0015,39052,5978769,4536065,48349,0.2112,0.0115,0.0441,77,781,1,4606,3,2,0,0,1,0,0,Normal
tcp,-,INT,7.7932,38,17,12017,3808,10.58625,9869.17,3909.07,21,0,0.2051,0.4584,0.0068,0.0115,46604,6291886,1146947,20525,0.2824,0.0149,0.035,253,224,2,648,3,3,0,0,0,0,0,Normal
tcp,-,FIN,5.5085,16,14,2020,8078,8.16915,2346.91,11731.65,2,0,0.3443,0.3935,0.0091,0.0056,12957,2905920,6963473,8380,0.2456,0.0889,0.0739,101,577,0,2482,4,2,0,0,1,0,0,Normal
udp,http,FIN,0.9595,33,52,11715,17160,132.88275,78141.32,143075.65,0,18,0.0291,0.0185,0.0168,0.0156,36539,832130,7664179,31456,0.2958,0.0502,0.07,284,330,1,664,4,3,0,0,1,0,0,Normal
udp,ssl,INT,3.403,44,32,30250,19040,33.49995,56891.06,44760.57,12,0,0.0773,0.1063,0.018,0.0121,33291,5942106,4483885,8769,0.0912,0.0264,0.0051,550,595,1,1946,1,3,0,0,0,0,0,Normal
tcp,-,FIN,5.1798,16,13,3760,3770,8.3979,4645.7,5822.57,3,0,0.3237,0.3984,0.0098,0.0049,31256,3348509,5797002,30145,0.1534,0.0781,0.0427,188,290,0,2443,3,4,0,0,1,0,0,Normal
icmp,ssh,REQ,0.1399,206,11,11330,363,1551.3473,647991.34,20760.89,36,5,0.000679,0.012716,0.3772,0.0482,2267,978,594,3479,0.001458,0.004202,0.001634,55,33,0,84,87,63,0,0,1,0,1,DoS
udp,http,FIN,8.5951,53,32,9473,10752,14.833950000000002,7054.23,10007.53,21,0,0.1622,0.2686,0.018,0.0126,39488,3110133,7810819,49489,0.2607,0.0456,0.0704,143,336,1,270,1,1,0,0,1,0,0,Normal
tcp,ssl,INT,8.1583,35,11,4637,3014,8.4576,3638.0,2955.5,22,0,0.2331,0.7417,0.0101,0.0041,41763,4156411,334792,47128,0.0491,0.0577,0.0029,106,274,0,1988,2,3,0,0,0,0,0,Normal
icmp,ssh,RST,0.3599,413,5,76818,35,1161.5917,1707773.25,778.1,27,1,0.000871,0.07197,0.1354,0.0244,2331,485,119,3800,0.00384,0.004063,0.002579,186,7,0,63,91,20,0,0,1,1,1,DoS
icmp,ssh,REQ,1.0082,293,25,28128,2350,315.402,223185.58,18646.41,17,8,0.003441,0.040329,0.0458,0.0767,2867,584,276,1918,0.00779,0.003462,0.004146,96,94,1,88,61,26,0,0,8,1,1,Exploit
udp,ssl,INT,3.0416,40,20,2250,5920,29.589750000000002,4734.36,15570.78,18,0,0.076,0.1521,0.0116,0.0138,64009,6059864,1620801,43484,0.2725,0.0732,0.0692,45,296,0,1997,2,1,0,0,1,0,0,Normal
udp,dns,INT,2.7087,56,31,29540,7192,48.1785,69796.45,21241.37,23,0,0.0484,0.0874,0.0052,0.0058,48323,4647116,5941623,39010,0.1557,0.0295,0.0345,422,232,2,631,4,4,0,0,1,0,0,Normal
udp,http,INT,0.1331,69,21,28117,14763,1013.9284500000001,1351544.07,887029.65,47,0,0.0019,0.0063,0.0008,0.0135,63453,9072779,2707458,46837,0.2291,0.0441,0.0128,326,703,1,6,1,4,0,0,1,0,0,Normal
tcp,-,INT,2.4898,20,50,7175,4500,42.1719,18443.2,14458.95,0,28,0.1245,0.0498,0.0151,0.0154,60438,5331775,2349779,41628,0.0679,0.0684,0.0901,287,90,2,3192,3,4,0,0,1,0,0,Normal
udp,http,INT,1.316,684,24,84132,1824,537.974,511421.83,11087.74,34,7,0.001924,0.054835,0.1249,0.0121,3885,876,264,2968,0.002257,0.00115,0.004698,123,76,0,160,66,46,0,2,7,1,1,Backdoor
udp,dns,CON,8.6317,49,49,6063,2940,17.030250000000002,4496.0,2724.85,0,0,0.1762,0.1762,0.0086,0.0152,11038,2908292,2148512,47760,0.1484,0.0763,0.0752,99,60,0,1133,4,4,0,0,0,0,0,Normal
tcp,-,REQ,1.3175,679,17,84875,731,528.2599,515356.99,4438.6,20,5,0.00194,0.077502,0.4054,0.0574,1676,43,59,197,0.005594,0.004078,0.000436,125,43,0,35,41,30,0,0,6,0,1,Analysis
udp,ssl,INT,9.9341,23,57,9487,9006,12.07965,6112.28,7252.6,0,32,0.4319,0.1743,0.0083,0.0145,9704,5825969,7121268,44135,0.2454,0.0778,0.0748,330,158,2,4524,3,1,0,0,1,0,0,Normal
tcp,-,CON,5.862,51,16,24862,2848,17.14425,27144.2,3886.71,35,0,0.1149,0.3664,0.0142,0.0104,421,8437239,7637205,51931,0.0302,0.0756,0.0936,390,178,1,3698,2,4,0,0,1,0,0,Normal
tcp,ssl,CON,9.6455,15,13,4668,10335,4.35435,3097.81,8571.86,2,0,0.643,0.742,0.001,0.0134,29144,3876459,440532,14933,0.245,0.0085,0.0974,249,795,0,334,4,3,0,0,1,0,0,Normal
udp,http,FIN,5.2053,77,38,54092,27550,33.1395,66507.88,42341.64,38,0,0.0676,0.137,0.0019,0.0127,5050,1340961,5839063,2180,0.1562,0.0675,0.0892,562,725,0,4002,1,1,0,0,1,0,0,Normal
tcp,-,FIN,9.2566,68,12,24650,9288,12.963750000000001,17042.97,8027.14,55,0,0.1361,0.7714,0.0096,0.0082,64712,9044596,6045626,29234,0.0066,0.0001,0.0816,290,774,1,3016,3,3,0,0,1,0,0,Normal
icmp,ssh,RST,1.0902,161,26,22862,286,171.5207,167756.43,2098.61,32,2,0.006772,0.041933,0.0672,0.0616,1229,809,857,92,0.005213,0.004258,0.00053,142,11,0,55,66,43,0,0,0,1,1,Reconnaissance
udp,dns,INT,6.5399,67,19,12395,7619,19.725,12129.79,9319.98,48,0,0.0976,0.3442,0.012,0.0084,43267,3026214,6569554,27529,0.2138,0.081,0.0866,148,401,1,764,2,1,0,0,0,0,0,Normal
tcp,http,REQ,0.3269,127,2,8382,198,394.5835,205110.03,4845.12,25,7,0.002574,0.163463,0.2082,0.0677,994,18,95,3952,0.009644,0.001568,0.002896,66,99,0,97,64,75,0,0,5,0,1,Generic
icmp,ssh,CON,0.4549,307,28,16578,2548,736.3726,291524.42,44806.62,46,2,0.001482,0.016248,0.1038,0.0002,3697,738,91,999,0.009718,0.001936,0.001977,54,91,0,187,81,52,0,0,1,0,1,Shellcode
tcp,-,CON,0.0853,5,32,293,21920,650.4448500000001,22033.09,2055171.5,0,25,0.0171,0.0027,0.0012,0.0076,9492,6023344,760762,62016,0.2054,0.0415,0.0635,47,685,2,308,3,1,0,0,0,0,0,Normal
tcp,http,CON,2.36,54,17,6007,9248,45.12795,16291.84,31349.77,37,0,0.0437,0.1388,0.0045,0.0186,3878,9003430,3908655,32165,0.2495,0.0539,0.04,89,544,1,780,4,1,0,0,1,0,0,Normal
tcp,-,CON,4.1534,7,22,1776,15906,10.47315,2737.0,30636.7,0,13,0.5933,0.1888,0.0152,0.0073,62755,395934,8381219,3752,0.108,0.0623,0.0908,203,723,2,4230,3,4,0,0,0,0,0,Normal
tcp,http,CON,9.1648,12,29,1950,14210,6.7104,1361.73,12403.93,0,16,0.7637,0.316,0.0043,0.016,32115,5505989,6064671,7860,0.1017,0.0739,0.0695,130,490,1,1099,3,1,0,0,0,0,0,Normal
icmp,http,CON,1.4401,536,18,62176,1692,384.6944,345397.2,9399.32,45,0,0.002687,0.080006,0.4789,0.0933,2406,832,1,1467,0.006042,0.001023,0.001914,116,94,1,117,32,45,0,0,3,0,1,Generic
tcp,ssl,CON,6.0521,38,6,6222,2568,10.9053,6580.21,3394.53,32,0,0.1593,1.0087,0.008,0.0096,12046,1584359,4295333,62405,0.0014,0.045,0.0763,131,428,2,156,4,4,0,0,0,0,0,Normal
tcp,ftp,RST,0.2789,532,29,78204,1363,2011.1733,2242877.62,39090.61,11,2,0.000524,0.009619,0.2109,0.0415,828,138,840,846,0.000626,0.001245,0.004811,147,47,0,22,83,78,0,0,1,1,1,Worm
tcp,-,CON,5.3253,78,38,54210,12084,32.6745,65150.7,18153.5,39,0,0.0683,0.1401,0.0047,0.0037,7494,8387371,9879108,1258,0.0087,0.0846,0.0888,556,318,0,3202,3,1,0,0,1,0,0,Normal
tcp,-,FIN,5.1004,48,19,6600,5320,19.70445,8281.77,8344.51,29,0,0.1063,0.2684,0.0184,0.0006,40819,7904380,8614387,63710,0.0415,0.025,0.0778,110,280,2,2213,3,1,0,0,0,0,0,Normal
tcp,http,INT,2.679,37,33,8186,8052,39.19425,19556.79,24045.09,3,0,0.0724,0.0812,0.003,0.0027,40436,3604023,6728393,64196,0.0833,0.0182,0.0285,177,244,0,1720,3,2,0,0,1,0,0,Normal
udp,http,FIN,3.4067,53,12,14641,2316,28.61985,27505.57,5438.65,39,0,0.0643,0.2839,0.0016,0.015,330,2652461,1200891,10979,0.2596,0.0008,0.0696,221,193,0,1784,1,3,0,0,1,0,0,Normal
udp,dns,INT,4.7865,25,56,4531,35224,25.383899999999997,6058.72,58872.34,0,29,0.1915,0.0855,0.0125,0.0139,31563,4417846,5153914,23300,0.0451,0.0746,0.0615,145,629,2,4926,3,2,0,0,0,0,0,Normal
tcp,dns,FIN,9.7037,63,39,4410,12714,15.76725,2908.58,10481.79,22,0,0.154,0.2488,0.0115,0.0165,33811,1303793,3784743,50903,0.1121,0.0439,0.0891,56,326,1,168,3,1,0,0,0,0,0,Normal
tcp,ssl,INT,9.4688,55,25,40356,16125,12.673200000000001,27276.89,13623.66,29,0,0.1722,0.3788,0.0152,0.0157,35393,3065563,7248527,39828,0.2225,0.0665,0.0724,587,645,1,3837,4,4,0,0,0,0,0,Normal
udp,dns,CON,5.6773,57,28,8478,17780,22.45785,9558.06,25054.15,27,0,0.0996,0.2028,0.0188,0.0163,58299,7940696,5115437,29717,0.0947,0.0031,0.0705,119,635,2,2822,3,2,0,0,0,0,0,Normal
tcp,-,CON,7.8138,18,9,12082,4977,5.1831,9896.35,5095.61,7,0,0.4341,0.8682,0.0197,0.0162,46982,8492871,712034,44326,0.1852,0.0429,0.087,537,553,1,1031,3,4,0,0,0,0,0,Normal
tcp,http,FIN,2.3753,38,36,14772,9936,46.7301,39802.31,33463.85,2,0,0.0625,0.066,0.0067,0.0004,17770,2081750,6261614,5910,0.2986,0.0306,0.0128,311,276,1,3369,3,2,0,0,0,0,0,Normal
icmp,ftp,REQ,0.4293,239,19,31070,152,601.029,579037.82,2832.76,43,7,0.001796,0.022593,0.0689,0.0154,13,123,710,1835,0.002212,0.000204,0.001669,130,8,1,125,72,38,0,0,7,1,1,Botnet
icmp,http,RST,0.7202,366,7,21594,357,517.9137,239867.63,3965.58,3,8,0.001968,0.102885,0.157,0.0221,2931,940,916,3686,0.002669,0.004775,0.004972,59,51,0,43,92,61,0,0,4,0,1,DoS
udp,http,CON,0.9768,356,3,63368,279,367.5337,518994.44,2285.06,6,1,0.002744,0.325594,0.2338,0.0542,85,775,363,3915,0.009715,0.002051,0.000599,178,93,1,187,33,79,0,0,5,1,1,Shellcode
tcp,http,FIN,9.441,34,47,2210,1081,12.869399999999999,1498.15,916.0,0,11,0.2777,0.2009,0.0145,0.0058,58245,3009324,5211185,45011,0.1937,0.0146,0.0561,52,23,0,718,4,3,0,0,0,0,0,Normal
udp,http,INT,3.2131,36,14,22455,8960,23.34225,44727.52,22308.98,20,0,0.0893,0.2295,0.012,0.0122,378,5308685,9403463,28891,0.1625,0.0625,0.0832,499,640,1,3869,4,4,0,0,0,0,0,Normal
udp,http,FIN,7.6521,42,59,9502,32450,19.7985,7947.65,33925.46,0,16,0.1822,0.1297,0.006,0.0057,37478,1972325,2060998,12088,0.1728,0.0526,0.0628,181,550,1,1594,1,1,0,0,0,0,0,Normal
tcp,ssl,CON,6.7828,60,53,23100,18868,24.9897,21796.38,22254.01,6,0,0.113,0.128,0.0057,0.0069,36599,3663668,9462400,40442,0.2543,0.0212,0.0857,308,356,2,467,4,3,0,0,1,0,0,Normal
udp,http,CON,1.4148,49,8,15925,4584,60.43260000000001,72038.48,25920.28,40,0,0.0289,0.1768,0.0108,0.0183,34785,8735187,7511783,50762,0.2572,0.0329,0.0498,260,573,0,4804,1,4,0,0,0,0,0,Normal
udp,http,CON,3.8274,74,47,22015,12878,47.420700000000004,36812.03,26917.17,25,0,0.0517,0.0814,0.0116,0.0129,50630,5544562,8527220,51117,0.1531,0.0057,0.0756,238,274,1,2428,2,4,0,0,0,0,0,Normal
udp,-,CON,3.7883,69,6,22942,4212,29.696999999999996,38759.81,8894.86,63,0,0.0549,0.6314,0.0156,0.0193,54227,1409722,5449741,54370,0.0621,0.0058,0.0289,266,702,1,4459,4,3,0,0,0,0,0,Normal
udp,ssl,INT,5.5776,75,38,11531,27246,30.3894,13231.48,39079.11,35,0,0.0744,0.1468,0.0173,0.0172,12005,6766169,4106698,39823,0.2065,0.0909,0.0153,123,717,1,4753,1,4,0,0,0,0,0,Normal
udp,ssh,RST,1.3429,788,4,55948,320,589.7783,333302.16,1906.35,42,6,0.001704,0.335719,0.4797,0.0928,2257,994,215,4016,0.008076,0.003793,0.002591,71,80,1,18,39,42,0,0,6,0,1,Reconnaissance
udp,ssl,INT,9.5661,73,10,18706,2640,13.014599999999998,12514.99,2207.79,61,0,0.131,0.9566,0.0124,0.0059,50052,6576722,6152416,13681,0.1518,0.0831,0.0763,205,264,1,3980,4,3,0,0,0,0,0,Normal
tcp,dns,INT,0.9452,79,32,45227,10304,176.1465,306226.13,87207.84,46,0,0.012,0.0295,0.0059,0.0059,55729,4454949,3013439,65269,0.1592,0.0611,0.0089,458,322,1,3853,1,3,0,0,1,0,0,Normal
tcp,http,REQ,1.03,538,9,105448,81,531.0915,819049.82,629.15,34,5,0.001914,0.114439,0.045,0.0129,2746,731,629,524,0.001235,0.002836,0.002294,196,9,1,190,25,77,0,0,4,0,1,Exploit
udp,-,INT,5.1108,20,15,1475,3585,10.272300000000001,1847.07,5611.64,4,0,0.2555,0.3407,0.0022,0.0025,33749,5702931,8442060,33003,0.1764,0.0587,0.0708,59,239,1,334,4,3,0,0,1,0,0,Normal
tcp,-,FIN,6.2984,2,6,1300,4140,1.9053,1320.98,5258.51,0,4,3.1492,1.0497,0.0189,0.0137,35691,2051427,8960757,23933,0.1379,0.0899,0.0007,520,690,2,2481,1,3,0,0,1,0,0,Normal
tcp,dns,FIN,0.4613,73,44,18980,4444,380.44395,263323.55,77068.62,28,0,0.0063,0.0105,0.0161,0.0084,621,2118574,5703869,54754,0.2596,0.0076,0.062,208,101,1,3745,1,3,0,0,1,0,0,Normal
icmp,ftp,CON,0.7447,643,13,34722,845,880.9102,373011.77,9077.67,16,0,0.001158,0.057283,0.3633,0.0789,1842,541,715,2000,0.009941,0.000937,0.003991,54,65,1,84,65,48,0,0,1,0,1,DoS
tcp,-,CON,0.1256,253,3,16951,255,2038.1212,1079630.99,16241.28,46,0,0.000496,0.041869,0.3693,0.0181,3412,114,932,2915,0.004543,0.003368,0.004262,67,85,0,26,69,13,0,0,5,1,1,Botnet
tcp,http,INT,1.2566,270,11,15930,880,223.6109,101412.74,5602.21,40,8,0.004654,0.114241,0.3114,0.0383,489,450,213,1616,0.006682,0.004867,0.002687,59,80,1,9,35,56,0,0,6,0,1,Shellcode
tcp,-,FIN,3.6566,41,11,13632,6754,21.33105,23860.13,14776.39,28,0,0.0892,0.3324,0.0154,0.0198,40998,525381,6550164,3732,0.2378,0.0967,0.066,266,614,2,4898,1,1,0,0,1,0,0,Normal
tcp,http,RST,1.1749,521,17,82318,357,457.9248,560527.19,2430.92,42,1,0.002255,0.06911,0.3427,0.0894,2011,718,488,3057,0.008378,0.003454,0.004793,158,21,0,115,51,10,0,3,3,1,1,Backdoor
udp,ssl,INT,4.8384,70,48,5600,2400,36.5826,7407.46,3968.28,20,0,0.0691,0.1008,0.0021,0.0164,924,5588103,4936509,34697,0.2962,0.0157,0.0853,64,50,1,2954,2,2,0,0,1,0,0,Normal
tcp,http,FIN,8.6515,79,35,19947,19215,19.765349999999998,14756.28,17768.01,43,0,0.1095,0.2472,0.0019,0.0183,32535,1729885,2033502,33465,0.199,0.0894,0.0414,202,549,0,1733,2,2,0,0,0,0,0,Normal
icmp,-,RST,0.7159,125,28,18250,1708,213.7124,203934.69,19086.05,20,7,0.005727,0.025568,0.2133,0.0327,3978,847,956,1304,0.007041,0.004449,0.002097,146,61,0,135,77,79,0,0,9,0,1,Botnet
tcp,-,CON,4.1681,29,47,21206,16309,27.350849999999998,32561.99,31302.88,0,16,0.1437,0.0887,0.0099,0.0028,60354,7033829,971903,19212,0.0332,0.0339,0.0309,585,347,0,843,1,4,0,0,1,0,0,Normal
icmp,ftp,REQ,1.2988,286,1,15444,5,220.9678,95125.49,30.8,14,2,0.004541,1.298832,0.0335,0.0715,2032,338,499,665,0.009062,0.000854,0.003547,54,5,0,83,53,22,0,0,4,0,1,DoS
tcp,-,CON,0.4755,30,42,7612,4158,227.12505,102458.61,69954.5,0,10,0.0159,0.0113,0.0116,0.0069,57544,7413057,7327247,57105,0.1506,0.036,0.056,203,99,1,3403,2,1,0,0,1,0,0,Normal
udp,http,CON,2.7581,26,28,10140,13048,29.3682,23529.35,37846.52,0,2,0.1061,0.0985,0.012,0.0009,52475,2961435,1759231,1938,0.1902,0.0793,0.0266,312,466,2,2159,2,4,0,0,1,0,0,Normal
udp,http,CON,2.54,1,31,323,15128,18.8973,815.74,47646.54,0,30,2.54,0.0819,0.018,0.0082,50092,3598707,1199192,5303,0.1165,0.0565,0.0055,259,488,2,1139,1,2,0,0,0,0,0,Normal
tcp,-,CON,0.4817,266,4,26334,208,560.4647,437311.9,3454.12,8,4,0.001811,0.120436,0.2895,0.0744,2926,619,67,3034,0.007159,0.003685,0.001785,99,52,1,128,68,57,0,4,6,0,1,Backdoor
tcp,ssh,RST,0.0358,750,19,68250,1197,21463.6626,15239479.54,267277.03,7,6,4.8e-05,0.001886,0.2047,0.0063,2594,864,663,407,0.004812,0.003293,0.004896,91,63,0,120,37,12,0,0,0,1,1,Generic
udp,ssl,CON,0.6856,47,26,21972,8892,159.70305,205096.67,103750.12,21,0,0.0146,0.0264,0.0118,0.0107,18234,2211906,7722797,64996,0.2102,0.0826,0.054,374,342,0,26,2,1,0,0,0,0,0,Normal
udp,ssl,FIN,8.0686,48,57,3480,38304,19.5201,2760.34,37978.42,0,7,0.1681,0.1416,0.018,0.0175,59546,6625977,7080369,46011,0.0728,0.0541,0.0648,58,672,2,3595,1,2,0,0,0,0,0,Normal
udp,dns,INT,2.0185,44,34,6270,4420,57.964200000000005,19880.26,17518.09,8,0,0.0459,0.0594,0.016,0.009,46353,9900334,8600304,17744,0.1063,0.0831,0.0494,114,130,2,820,4,4,0,0,0,0,0,Normal
icmp,-,REQ,0.6889,602,11,39130,583,889.7912,454388.64,6769.96,43,0,0.001144,0.06263,0.4874,0.0362,3555,878,413,2890,0.00484,0.004152,0.004709,65,53,1,12,39,11,0,0,9,1,1,Worm
tcp,dns,INT,7.0841,62,3,26040,120,13.76325,23525.36,135.51,57,0,0.1143,2.3614,0.0129,0.0107,34774,6758331,8008617,54329,0.2851,0.0133,0.0758,336,40,1,2383,1,4,0,0,0,0,0,Normal
tcp,http,REQ,0.0753,460,21,74980,1743,6384.6873,7962143.14,185089.56,48,2,0.000164,0.003587,0.4305,0.0401,1704,598,546,1638,0.006767,0.003795,0.003829,163,83,0,108,22,23,0,0,2,0,1,Worm
tcp,-,FIN,2.334,22,56,5225,8176,50.12865,14327.36,28024.04,0,33,0.1061,0.0417,0.0093,0.0162,18673,7982168,8346766,985,0.1926,0.0358,0.0767,190,146,1,2654,3,4,0,0,0,0,0,Normal
tcp,-,CON,5.0154,41,8,10916,5328,14.6547,13929.8,8498.56,31,0,0.1223,0.6269,0.0004,0.0037,4110,2101826,4778442,42691,0.0345,0.0837,0.0174,213,666,1,2555,1,4,0,0,0,0,0,Normal
tcp,dns,CON,1.9443,47,26,15392,624,56.3184,50667.05,2567.5,19,0,0.0414,0.0748,0.0093,0.0009,14484,445823,9337805,64055,0.1514,0.0809,0.0149,262,24,0,3592,1,1,0,0,0,0,0,Normal
tcp,ssl,FIN,3.1248,76,45,21090,34425,58.08284999999999,43194.46,88132.36,30,0,0.0411,0.0694,0.0025,0.0165,49662,3185223,8857003,1935,0.2045,0.0436,0.0282,222,765,2,4707,4,4,0,0,1,0,0,Normal
icmp,http,REQ,1.1601,244,2,45628,166,212.0468,314642.9,1144.71,23,2,0.004755,0.580061,0.1454,0.0277,2157,813,866,435,0.001437,0.002452,0.003302,187,83,1,75,73,31,0,0,3,1,1,Generic
tcp,ftp,REQ,1.326,550,20,26950,300,429.88,162600.22,1810.02,36,6,0.002411,0.066298,0.305,0.0707,2720,843,539,2515,0.007194,0.004248,0.003737,49,15,0,148,47,27,0,0,4,1,1,Analysis
tcp,ftp,CON,0.9461,500,11,86000,176,540.1175,727203.15,1488.23,40,8,0.001892,0.086008,0.2025,0.0516,426,170,925,2858,0.004981,0.002058,0.003802,172,16,0,172,42,53,0,0,2,0,1,Botnet
tcp,http,FIN,1.0131,76,13,49875,9334,131.76825,315059.19,73703.32,61,0,0.0133,0.0779,0.0076,0.0111,58683,4336763,9044255,63339,0.2215,0.0727,0.007,525,718,0,3441,4,4,0,0,0,0,0,Normal
tcp,-,INT,9.8347,1,27,390,6723,4.27065,253.8,5468.79,0,26,9.8347,0.3642,0.0059,0.0111,9320,6747230,4353503,38459,0.1386,0.0555,0.0386,312,249,1,620,4,1,0,0,0,0,0,Normal
udp,http,FIN,9.5652,12,10,8910,7710,3.4499999999999997,5961.61,6448.38,1,0,0.7971,0.9565,0.0102,0.0058,17292,7058453,481055,279,0.0938,0.0738,0.0748,594,771,0,2554,2,4,0,0,0,0,0,Normal
udp,ssl,CON,9.6271,7,54,4235,13230,9.504449999999999,2815.38,10993.94,0,47,1.3753,0.1783,0.017,0.0184,41208,4411962,4105911,44422,0.1117,0.0768,0.004,484,245,0,3760,4,2,0,0,0,0,0,Normal
udp,http,CON,7.8058,26,24,1560,4416,9.60825,1279.05,4525.87,2,0,0.3002,0.3252,0.0045,0.0135,27762,5102332,6868855,27741,0.1366,0.0866,0.0722,48,184,1,2827,4,2,0,0,1,0,0,Normal
udp,ssh,REQ,1.0973,519,12,57609,540,483.9201,420009.81,3936.98,13,5,0.002114,0.091441,0.2978,0.0964,3489,366,894,628,0.007863,0.001264,0.000626,111,45,1,3,84,79,0,0,6,0,1,Generic
icmp,ssh,CON,0.9214,509,7,45810,98,560.0105,397737.72,850.87,41,1,0.00181,0.13163,0.1975,0.0768,3084,435,104,729,0.00935,0.003738,0.003177,90,14,0,188,25,75,1,4,2,1,1,Backdoor
udp,dns,CON,0.5188,77,34,29837,20740,320.91330000000005,368057.67,319795.39,43,0,0.0067,0.0153,0.0145,0.016,46259,9577463,9811819,6770,0.2715,0.0823,0.0316,310,610,0,2035,3,3,0,0,1,0,0,Normal
tcp,ssl,FIN,8.9861,52,28,30355,11704,13.3539,21619.15,10419.64,23,0,0.1728,0.3209,0.0179,0.0015,56097,8816398,7912644,15353,0.2913,0.0983,0.0542,467,418,2,3856,3,2,0,0,0,0,0,Normal
tcp,ssl,FIN,2.0786,54,8,26730,2696,44.74125,82300.72,10376.11,46,0,0.0385,0.2598,0.0121,0.0181,62507,4311488,4309660,34996,0.1019,0.061,0.0622,396,337,0,808,1,4,0,0,1,0,0,Normal
tcp,dns,FIN,1.3486,39,24,14235,18840,70.0725,67554.36,111760.11,13,0,0.0346,0.0562,0.0181,0.0178,25096,6095810,4473059,3362,0.1826,0.0722,0.0573,292,785,0,4978,1,2,0,0,1,0,0,Normal
udp,dns,INT,6.1353,19,47,10165,35673,16.13625,10603.61,46515.3,0,28,0.3229,0.1305,0.0198,0.0018,25546,193107,6131402,56179,0.1217,0.096,0.0014,428,759,0,2073,3,3,0,0,0,0,0,Normal
tcp,dns,CON,4.3254,10,3,3150,582,4.50825,4660.89,1076.44,7,0,0.4325,1.4418,0.0082,0.0025,50385,5995817,6880811,48875,0.0338,0.0662,0.059,252,194,1,4102,4,2,0,0,0,0,0,Normal
tcp,ssh,REQ,0.3384,600,20,117000,580,1831.9579,2765665.52,13710.14,22,2,0.000564,0.016922,0.0726,0.0841,2803,410,31,902,0.008513,0.003916,0.000837,195,29,0,142,53,47,0,0,4,1,1,Reconnaissance
tcp,dns,INT,8.353,28,28,15365,12012,10.0563,11772.52,11504.35,0,0,0.2983,0.2983,0.0165,0.0194,32177,6276523,8763703,47691,0.2139,0.0594,0.0101,439,429,2,4286,2,2,0,0,0,0,0,Normal
tcp,ssh,CON,0.4374,279,10,25389,420,660.7046,464349.57,7681.55,23,9,0.001568,0.043741,0.4257,0.0072,2884,599,846,2024,0.007254,0.004776,0.002957,91,42,0,112,74,65,0,0,0,0,1,Shellcode
tcp,-,INT,0.118,34,22,3740,7766,711.67455,202793.37,526368.09,12,0,0.0035,0.0054,0.007,0.0174,29948,8803782,3862257,44714,0.1925,0.0767,0.0178,88,353,0,1074,4,2,0,0,0,0,0,Normal
tcp,ssl,INT,7.0215,15,9,3318,2925,5.12715,3024.99,3332.62,4,0,0.4681,0.7802,0.0074,0.0062,50348,6581190,4719787,57293,0.1042,0.0379,0.0248,177,325,1,3713,1,3,0,0,1,0,0,Normal
udp,http,CON,0.0856,181,10,11222,180,2230.8669,1048577.52,16819.1,26,2,0.000473,0.008562,0.1581,0.0006,3033,266,332,1566,0.005834,0.004546,0.004504,62,18,0,24,90,45,0,0,0,0,1,Botnet
icmp,ftp,INT,1.0867,61,12,5856,360,67.1775,43111.41,2650.29,17,8,0.017814,0.090556,0.17,0.0225,122,546,496,1133,0.000505,0.001393,0.003459,96,30,1,149,72,45,0,0,0,1,1,DoS
udp,dns,FIN,5.4444,30,22,19350,11550,14.32665,22746.23,16971.51,8,0,0.1815,0.2475,0.0112,0.0068,9095,7389996,1338095,33507,0.2074,0.0542,0.0099,516,525,0,4172,3,1,0,0,1,0,0,Normal
icmp,-,INT,0.1175,501,14,90681,560,4384.0475,6175530.98,38136.96,5,3,0.000234,0.008391,0.3209,0.0517,829,544,906,3281,0.007721,0.003795,0.002306,181,40,0,175,68,47,0,0,0,1,1,Generic
udp,http,FIN,6.5374,55,38,25850,24396,21.3387,25306.66,29854.02,15,0,0.1189,0.172,0.0136,0.0149,44616,7908605,2435603,45665,0.1425,0.0227,0.0046,376,642,0,377,4,1,0,0,0,0,0,Normal
tcp,ssl,CON,0.6637,3,9,1425,1260,27.1218,13741.71,15188.21,0,5,0.2212,0.0737,0.0025,0.01,40553,3800281,4893733,461,0.0342,0.0722,0.0723,380,140,1,465,1,1,0,0,0,0,0,Normal
tcp,dns,CON,3.382,43,4,22628,1908,20.8458,42822.28,4513.34,38,0,0.0787,0.8455,0.0191,0.0138,43505,739729,9760693,41075,0.2044,0.0308,0.0064,421,477,1,2635,4,1,0,0,1,0,0,Normal
udp,dns,INT,4.1052,5,4,2018,1700,3.2886,3147.27,3312.91,0,0,0.821,1.0263,0.0009,0.0001,63560,6174282,6290019,25513,0.1066,0.0147,0.0464,323,425,1,4034,1,3,0,0,0,0,0,Normal
udp,dns,FIN,6.5585,6,9,442,261,3.43065,431.8,318.36,0,2,1.0931,0.7287,0.0041,0.0149,39518,5508451,7782119,9840,0.1043,0.0786,0.0211,59,29,2,1289,2,4,0,0,1,0,0,Normal
tcp,-,CON,0.9857,53,8,8904,640,61.888,72268.94,5194.53,45,5,0.018597,0.123206,0.0976,0.0123,4022,736,222,2543,0.00617,0.00028,0.002556,168,80,0,1,79,24,0,0,9,0,1,Exploit
tcp,dns,FIN,8.7546,64,34,8880,23188,16.791150000000002,6491.67,21189.31,29,0,0.1368,0.2575,0.0016,0.0043,38290,7972847,6195165,5889,0.232,0.0904,0.0377,111,682,2,3883,2,2,0,0,0,0,0,Normal
icmp,http,REQ,0.4681,420,10,63420,20,918.685,1083962.85,341.84,25,8,0.001114,0.046806,0.4714,0.0142,2929,830,905,3134,0.009615,0.000198,0.001125,151,2,1,31,56,75,0,0,3,0,1,Exploit
udp,-,INT,7.6357,73,50,24272,7700,24.16275,20344.36,8067.34,21,0,0.1046,0.1527,0.0151,0.0191,5104,3157876,1791409,62558,0.1304,0.0865,0.0129,266,154,0,3237,3,2,0,0,1,0,0,Normal
tcp,http,CON,2.8069,28,34,19845,18428,33.1329,45248.84,52522.4,0,4,0.1002,0.0826,0.0032,0.0053,5276,2252537,7204965,9465,0.1952,0.0941,0.0069,567,542,1,1163,2,1,0,0,1,0,0,Normal
udp,http,CON,1.6692,41,37,12453,25419,70.09469999999999,47750.66,121828.15,4,0,0.0407,0.0451,0.0195,0.0181,44230,6828683,3682712,44132,0.1163,0.0215,0.0822,243,687,1,197,1,4,0,0,0,0,0,Normal
tcp,http,FIN,8.4369,32,36,7240,23832,12.089699999999999,5492.07,22597.9,0,2,0.2637,0.2344,0.0134,0.0108,37812,9409947,2322438,45247,0.1638,0.0709,0.0913,181,662,2,2961,2,3,0,0,1,0,0,Normal
udp,http,INT,1.6438,32,20,2440,40,47.44995,9499.71,194.67,12,0,0.0514,0.0822,0.0101,0.0104,24263,286591,6972905,28393,0.2938,0.06,0.015,61,2,0,140,1,3,0,0,1,0,0,Normal
udp,dns,FIN,8.2927,64,54,14960,39528,21.3441,11545.57,38132.79,10,0,0.1296,0.1536,0.0076,0.016,27379,6349717,7719509,29110,0.0837,0.045,0.0898,187,732,0,2034,3,1,0,0,1,0,0,Normal
tcp,http,RST,1.0102,684,16,115596,1008,692.9417,915443.3,7982.69,26,5,0.001477,0.063137,0.0925,0.0475,1584,959,449,4055,0.001163,0.004855,0.000678,169,63,1,87,31,10,0,0,0,0,1,Exploit
icmp,ssh,RST,0.8198,609,4,120582,160,747.7877,1176766.48,1561.45,38,7,0.001346,0.204938,0.1102,0.0507,1825,69,854,1473,0.007511,0.000292,0.004892,198,40,0,137,29,75,0,0,5,1,1,DoS
tcp,dns,INT,4.403,10,30,1887,8580,13.6269,2743.56,15589.26,0,19,0.4403,0.1468,0.0186,0.0098,22159,6803238,174198,10369,0.266,0.0913,0.0967,151,286,0,2729,1,2,0,0,1,0,0,Normal
udp,dns,INT,3.5456,62,13,30612,429,31.7292,55256.78,967.95,47,0,0.0572,0.2727,0.0186,0.0059,20875,1727189,2916509,14855,0.2244,0.0204,0.0696,395,33,1,3261,4,2,0,0,1,0,0,Normal
tcp,dns,CON,4.7437,54,26,35977,17628,25.29675,48539.33,29728.7,26,0,0.0878,0.1824,0.0147,0.0043,51500,5823096,1844157,40618,0.0168,0.0059,0.0511,533,678,2,2175,4,1,0,0,0,0,0,Normal
tcp,dns,INT,3.0619,43,30,26068,6990,35.76165,54488.28,18262.91,11,0,0.0712,0.1021,0.0003,0.0178,48567,5101413,8819159,29799,0.2265,0.0549,0.0896,485,233,0,2180,4,3,0,0,1,0,0,Normal
tcp,-,CON,1.3594,467,16,35492,944,355.2933,208862.42,5555.23,18,2,0.002911,0.084965,0.4008,0.0319,2875,124,545,1039,0.005964,0.001311,0.001533,76,59,1,185,62,49,0,0,6,0,1,Generic
tcp,http,RST,0.3077,591,26,69147,2158,2005.0148,1797611.1,56101.42,23,0,0.000521,0.011836,0.2228,0.0247,12,178,664,325,0.007731,0.003131,0.004851,117,83,1,153,69,76,0,0,1,0,1,Exploit
tcp,dns,INT,4.6122,37,43,10591,21070,26.017799999999998,14696.56,36546.26,0,4,0.1247,0.1073,0.011,0.009,16879,1624530,7311841,56115,0.0267,0.0686,0.0319,229,490,2,3507,3,2,0,0,0,0,0,Normal
udp,-,CON,4.4434,40,3,27400,1857,14.516100000000002,39465.6,3343.41,37,0,0.1111,1.4811,0.0079,0.0001,40249,1739858,1602972,62092,0.0236,0.0687,0.0912,548,619,1,1320,4,1,0,0,1,0,0,Normal
udp,ssl,CON,1.4113,57,37,13252,20239,99.90615,60096.73,114723.42,19,0,0.0248,0.0381,0.0089,0.0059,15667,129193,6015580,44650,0.0712,0.0257,0.0481,186,547,2,1003,2,1,0,0,0,0,0,Normal
udp,ssh,REQ,0.8144,142,12,26270,1152,189.0873,258042.82,11315.77,7,2,0.005735,0.06787,0.2261,0.0173,1635,190,321,3190,0.008881,0.001844,0.003838,185,96,0,83,53,35,0,3,8,1,1,Backdoor
tcp,-,INT,9.8507,4,40,2460,30560,6.700050000000001,1598.27,24818.59,0,36,2.4627,0.2463,0.0086,0.0183,16884,4871222,8737126,2909,0.2598,0.052,0.0978,492,764,1,3441,3,4,0,0,1,0,0,Normal
tcp,http,FIN,2.4142,26,18,1495,2610,27.3387,3963.29,8648.99,7,0,0.0929,0.1341,0.0063,0.0001,44708,6187669,4732190,55010,0.2283,0.0063,0.0745,46,145,0,4186,2,3,0,0,1,0,0,Normal
udp,dns,CON,1.6428,34,52,15512,28392,78.5253,60434.03,138262.92,0,16,0.0483,0.0316,0.0178,0.003,33389,1391771,4814317,26044,0.0807,0.0792,0.0009,365,546,0,374,2,3,0,0,0,0,0,Normal
udp,ftp,CON,0.3457,629,2,118881,142,1825.0996,2750803.97,3285.76,12,7,0.00055,0.172867,0.3233,0.0979,275,10,242,2064,0.006785,6.2e-05,0.004977,189,71,1,158,44,66,0,0,7,0,1,Botnet
icmp,http,RST,0.2425,776,6,70616,150,3224.2262,2329227.17,4947.66,16,5,0.000313,0.040423,0.2451,0.003,2909,84,833,1461,0.00202,0.004979,0.003653,91,25,0,184,58,55,0,0,5,0,1,DoS
udp,ssl,INT,8.413,34,6,7862,3408,7.1319,5981.25,3240.72,27,0,0.2474,1.4022,0.0136,0.0099,54565,9354855,5174634,61418,0.229,0.0283,0.0516,185,568,2,25,1,3,0,0,0,0,0,Normal
tcp,ssl,INT,1.9124,30,4,3300,964,26.6682,11043.75,4032.64,24,0,0.0637,0.4781,0.0174,0.0199,9799,7654952,4955199,47894,0.0284,0.0119,0.0774,88,241,1,2247,2,4,0,0,1,0,0,Normal
tcp,ssl,INT,7.9517,10,22,2362,9262,6.03645,1901.47,9318.2,0,11,0.7952,0.3614,0.0008,0.0166,60282,4580579,6718887,26903,0.0841,0.0666,0.0663,189,421,2,1176,2,4,0,0,1,0,0,Normal
tcp,-,CON,2.2925,9,3,967,399,7.8515999999999995,2700.93,1392.34,4,0,0.2547,0.7642,0.0041,0.0054,16787,1113415,8688759,48305,0.0796,0.0592,0.0686,86,133,2,1137,4,3,0,0,1,0,0,Normal
udp,http,FIN,9.7517,31,23,20421,13455,8.306249999999999,13402.35,11038.05,6,0,0.3146,0.424,0.0126,0.0176,6840,8652604,2262573,30456,0.1427,0.0837,0.0091,527,585,2,2248,4,4,0,0,0,0,0,Normal
tcp,ssh,RST,0.134,219,20,16863,20,1783.0832,1006464.68,1193.7,46,4,0.000612,0.006702,0.4634,0.0454,3673,366,803,1941,0.002111,0.00404,0.002021,77,1,0,109,99,64,0,0,7,0,1,Shellcode
tcp,-,INT,1.3279,352,29,69344,2146,286.9233,417772.34,12928.87,0,4,0.003772,0.045789,0.1777,0.0283,131,931,895,3334,0.008281,0.004489,0.001297,197,74,0,47,84,26,1,1,4,1,1,Backdoor
tcp,ftp,RST,1.4431,666,8,52614,712,467.0604,291678.52,3947.15,13,5,0.002167,0.180384,0.0983,0.0989,36,67,320,998,0.009464,0.003637,0.004931,79,89,0,113,28,60,0,0,9,0,1,Analysis
icmp,-,INT,0.2583,395,16,57670,1168,1591.359,1786348.88,36179.22,22,6,0.000654,0.016142,0.0744,0.016,2952,527,955,3600,0.008776,0.001774,0.003851,146,73,1,79,34,43,0,0,4,1,1,Botnet
tcp,-,FIN,7.8237,63,37,10001,21275,19.1724,8181.28,21754.36,24,0,0.1242,0.2115,0.0051,0.002,30160,6037996,8755053,29401,0.2378,0.0091,0.0089,127,575,0,2002,2,2,0,0,0,0,0,Normal
udp,dns,FIN,8.8429,27,9,7762,774,6.10665,5618.08,700.22,17,0,0.3275,0.9825,0.0126,0.0082,38476,1651788,8159138,8559,0.1516,0.0158,0.0472,230,86,0,286,1,2,0,0,1,0,0,Normal
udp,dns,INT,1.2309,40,44,12300,8052,102.3648,63953.63,52332.79,0,3,0.0308,0.028,0.0047,0.0179,31098,7515082,4377884,21789,0.0964,0.0146,0.0651,246,183,2,3543,4,1,0,0,0,0,0,Normal
udp,http,FIN,7.6422,52,8,30355,632,11.776800000000001,25421.05,661.59,44,0,0.147,0.9553,0.0128,0.0109,57761,7720827,8700782,38658,0.1586,0.0434,0.0855,467,79,2,301,2,3,0,0,1,0,0,Normal
icmp,-,CON,1.0707,741,28,107445,2436,718.2483,802831.63,18201.85,27,8,0.001445,0.038238,0.2816,0.0604,724,191,479,3554,0.009689,0.001611,0.004911,145,87,1,33,77,24,0,0,8,0,1,Worm
udp,ftp,REQ,1.3104,326,28,20864,2128,270.1438,127373.55,12991.32,34,9,0.00402,0.0468,0.348,0.0321,1985,392,972,1664,0.003627,0.001528,0.001853,64,76,1,75,74,15,0,0,7,0,1,Botnet
udp,ssh,REQ,0.2219,307,26,16271,1898,1500.6091,586580.43,68424.17,41,5,0.000723,0.008535,0.4797,0.0835,2148,226,512,1097,0.001808,0.000794,0.00226,53,73,1,153,28,54,0,0,4,0,1,Shellcode
udp,-,REQ,0.2294,328,17,19680,1258,1503.7569,686236.18,43866.11,12,6,0.000699,0.013496,0.2156,0.0095,271,515,677,4024,0.008685,0.003952,0.002566,60,74,0,19,60,23,0,0,3,0,1,DoS
tcp,-,INT,0.6674,384,18,54912,1476,602.3378,658220.31,17692.55,28,7,0.001738,0.037078,0.0384,0.0181,1248,934,614,2617,0.004449,0.003168,0.002359,143,82,1,75,68,67,0,0,1,1,1,Botnet
tcp,-,CON,0.1279,7,51,5136,28407,680.3688,257069.93,1777217.21,0,43,0.0183,0.0025,0.0066,0.0093,6254,4687556,2561040,3495,0.2436,0.0633,0.0758,587,557,1,4918,4,3,0,0,1,0,0,Normal
udp,-,CON,1.2888,553,3,84056,249,431.3967,521747.97,1545.58,44,0,0.002331,0.429612,0.2896,0.0111,1538,451,357,722,0.005193,0.002352,0.003746,152,83,0,75,92,43,0,0,9,0,1,Reconnaissance
udp,ssl,CON,6.2203,28,56,20860,14112,20.256149999999998,21462.55,18149.54,0,26,0.2222,0.1111,0.018,0.0091,6306,7998164,6930553,47562,0.163,0.0293,0.0712,596,252,1,81,4,1,0,0,1,0,0,Normal
udp,-,FIN,2.2849,38,35,2137,11200,47.9238,5987.2,39214.41,2,0,0.0601,0.0653,0.0031,0.017,43141,5073354,1205086,49708,0.098,0.0034,0.0857,45,320,1,4092,1,4,0,0,1,0,0,Normal
tcp,http,CON,2.7798,77,45,23485,27090,65.83305,54070.84,77963.55,30,0,0.0361,0.0618,0.0106,0.0091,53422,6764693,3244817,52948,0.0192,0.0782,0.0498,244,602,1,1930,1,2,0,0,1,0,0,Normal
tcp,http,INT,5.7557,44,11,12485,6479,14.333549999999999,13882.52,9005.29,33,0,0.1308,0.5232,0.0119,0.0119,57589,1659212,3355405,62039,0.1705,0.0068,0.0855,227,589,1,4650,2,2,0,0,0,0,0,Normal
tcp,http,CON,3.808,9,52,4252,24544,24.028650000000003,7147.12,51563.49,0,42,0.4231,0.0732,0.0137,0.0009,40635,389271,6620276,38931,0.1288,0.022,0.0413,378,472,1,4804,1,2,0,0,0,0,0,Normal
udp,-,CON,8.0652,45,6,5625,1686,9.48525,4463.64,1672.38,37,0,0.1792,1.3442,0.0008,0.0185,35084,246655,8825550,42623,0.1805,0.0911,0.0917,100,281,2,35,1,4,0,0,1,0,0,Normal
tcp,ssl,CON,1.089,51,23,35190,5175,101.9244,206801.93,38015.06,26,0,0.0214,0.0473,0.0191,0.0021,9329,7158266,2208600,54184,0.0722,0.0365,0.0306,552,225,0,3043,4,2,0,0,0,0,0,Normal
icmp,ssh,INT,1.1876,481,27,55315,1377,427.7583,372621.24,9275.96,35,5,0.002469,0.043985,0.4,0.0825,3577,231,361,3298,0.008884,0.000315,0.003927,115,51,1,177,97,67,0,0,7,1,1,Generic
tcp,-,FIN,4.8956,28,35,20790,10535,19.30305,27178.7,17215.47,0,6,0.1748,0.1399,0.0084,0.0188,40416,1661503,528594,15124,0.2875,0.0529,0.0226,594,301,2,1834,2,3,0,0,1,0,0,Normal
tcp,ssl,CON,6.6176,41,6,18347,972,10.6533,17744.09,1175.04,34,0,0.1614,1.1029,0.0153,0.0119,48900,8641152,9662715,61178,0.0041,0.0825,0.0092,358,162,1,2213,1,1,0,0,0,0,0,Normal
icmp,-,RST,0.6862,337,1,25275,27,492.5771,294671.87,314.78,18,9,0.002036,0.686187,0.3052,0.016,2985,12,439,3530,0.007512,0.001248,0.000147,75,27,0,197,42,34,0,0,1,1,1,Botnet
tcp,ssl,INT,2.3745,15,58,4556,5800,46.11465,12280.41,19540.85,0,42,0.1583,0.0409,0.0099,0.0168,47900,7146517,8009116,3260,0.2185,0.0645,0.0761,243,100,1,3581,1,1,0,0,0,0,0,Normal
tcp,ssl,CON,4.4638,52,57,29965,41496,36.627750000000006,42962.15,74368.31,0,5,0.0858,0.0783,0.0035,0.0195,52329,1009466,6639076,16023,0.1058,0.084,0.0384,461,728,1,2426,4,4,0,0,1,0,0,Normal
tcp,ssl,FIN,9.6077,29,57,10875,35454,13.42665,7244.16,29521.21,0,27,0.3313,0.1686,0.0184,0.0064,8685,5287829,4564078,6549,0.0245,0.0619,0.0375,300,622,2,4148,4,4,0,0,0,0,0,Normal
tcp,ssl,FIN,6.3399,13,56,5411,8512,16.32525,5462.57,10740.92,0,43,0.4877,0.1132,0.0078,0.0166,20638,9936480,254155,8177,0.1146,0.0471,0.0546,333,152,2,2555,2,2,0,0,0,0,0,Normal
udp,ssh,RST,0.9273,790,18,97170,1728,871.3808,838337.35,14908.38,16,9,0.001174,0.051515,0.067,0.0799,1964,475,334,401,0.000505,0.003081,0.001822,123,96,1,116,68,49,0,0,3,0,1,Analysis
tcp,ftp,CON,1.1373,642,16,34026,1136,578.5602,239344.55,7990.81,25,7,0.001772,0.071082,0.3081,0.0498,1114,773,824,3781,0.002974,0.001063,0.003995,53,71,0,133,46,23,0,0,2,1,1,Reconnaissance
udp,-,INT,0.1758,652,11,46292,759,3771.3192,2106569.01,34539.14,7,7,0.00027,0.015982,0.1855,0.0714,2861,218,789,2867,0.001763,0.001175,0.002668,71,69,0,2,91,49,0,0,7,1,1,Shellcode
udp,http,CON,4.5107,13,40,3477,17800,17.62455,4934.0,31569.11,0,27,0.347,0.1128,0.002,0.003,20880,9534714,3087682,4150,0.1832,0.0458,0.011,214,445,1,3412,3,2,0,0,1,0,0,Normal
udp,http,CON,5.9359,64,54,21600,33912,29.81865,23288.91,45704.49,8,0,0.0927,0.1099,0.0071,0.0108,5432,1233606,386287,31592,0.1717,0.0877,0.0863,270,628,0,1772,3,2,0,0,0,0,0,Normal
tcp,-,INT,8.5413,4,37,2890,7585,7.2003,2165.48,7104.31,0,31,2.1353,0.2308,0.0132,0.0079,54944,1305157,1716660,22309,0.1879,0.0154,0.0191,578,205,2,3816,2,4,0,0,0,0,0,Normal
udp,ssl,CON,6.2812,13,8,731,4704,5.014950000000001,745.08,5991.18,5,0,0.4832,0.7852,0.0108,0.0122,44157,714140,8215221,56353,0.2236,0.0475,0.0341,45,588,0,1501,4,1,0,0,1,0,0,Normal
icmp,ssh,REQ,1.4815,771,8,111024,296,525.8336,599539.42,1598.43,47,8,0.001921,0.185182,0.0658,0.0561,1636,126,443,3482,0.00868,3e-06,0.000819,144,37,1,186,48,66,0,0,5,1,1,Analysis
tcp,ssl,INT,0.7627,56,45,17220,30195,198.6315,144493.57,316709.01,9,0,0.0136,0.0169,0.0104,0.0199,31887,4094248,2573326,48741,0.1143,0.0481,0.0354,246,671,2,2816,3,3,0,0,0,0,0,Normal
tcp,ssl,CON,1.5555,19,51,2850,19839,67.50404999999999,11726.41,102035.19,0,32,0.0819,0.0305,0.0111,0.0168,40057,4606915,4441893,9900,0.0938,0.0806,0.0565,120,389,0,255,4,2,0,0,0,0,0,Normal
udp,ssl,FIN,9.8322,73,50,6113,7250,18.76485,3979.57,5898.97,23,0,0.1347,0.1966,0.0191,0.0039,34078,4718613,1516809,39342,0.067,0.0873,0.0632,67,145,1,39,1,2,0,0,0,0,0,Normal
tcp,ssh,INT,1.0316,289,5,34391,455,284.9826,266689.42,3528.36,46,9,0.00357,0.206328,0.2765,0.0659,1679,837,598,3377,0.007758,0.003342,0.004164,119,91,0,171,33,25,0,0,5,1,1,Worm
icmp,-,REQ,0.1783,766,6,115666,168,4330.3104,5190359.35,7538.78,29,8,0.000233,0.029713,0.3449,0.0518,3255,139,498,2986,0.003857,0.003536,0.004761,151,28,1,184,82,20,0,0,0,1,1,Analysis
tcp,http,CON,1.1592,44,18,18095,576,80.23094999999999,99907.33,3975.31,25,0,0.0263,0.0644,0.001,0.0019,24770,852241,2306373,54534,0.1578,0.01,0.0073,329,32,0,436,3,3,0,0,0,0,0,Normal
tcp,-,INT,7.6455,18,4,9180,1416,4.31625,7684.56,1481.66,14,0,0.4247,1.9114,0.0123,0.0119,38894,4355562,8911918,10627,0.0246,0.0602,0.0278,408,354,2,2467,3,3,0,0,0,0,0,Normal
udp,ssl,INT,5.9188,45,23,21993,2806,17.2332,23781.89,3792.67,22,0,0.1315,0.2573,0.0041,0.0152,47633,9565986,3493540,28125,0.2102,0.0561,0.0203,391,122,0,1089,2,2,0,0,0,0,0,Normal
udp,dns,INT,8.1421,14,46,5302,34822,11.053650000000001,4167.97,34214.3,0,30,0.5816,0.177,0.0152,0.0054,34503,3656159,5798509,8010,0.1455,0.0809,0.0142,303,757,1,3867,3,3,0,0,0,0,0,Normal
udp,http,INT,6.3435,34,36,17552,15552,16.5522,17708.72,19613.02,0,1,0.1866,0.1762,0.0025,0.0024,37603,9510198,4607104,28058,0.0998,0.0434,0.0662,413,432,0,1326,2,2,0,0,0,0,0,Normal
udp,ssl,INT,5.4498,11,50,2062,28050,16.7895,2422.1,41175.63,0,38,0.4954,0.109,0.0182,0.0147,44528,1969292,2234467,57567,0.2314,0.0965,0.0811,150,561,1,4597,3,4,0,0,0,0,0,Normal
tcp,ssl,CON,3.3592,30,13,7800,1963,19.200899999999997,14860.58,4674.89,15,0,0.112,0.2584,0.0101,0.0089,16558,9322304,9170516,21438,0.1059,0.0768,0.0139,208,151,0,3868,2,1,0,0,0,0,0,Normal
udp,ssl,INT,5.0822,45,31,28743,6479,22.431150000000002,36196.7,10198.67,12,0,0.1129,0.1639,0.0055,0.0073,65268,9284242,8799651,53165,0.2984,0.0462,0.0091,511,209,0,717,4,1,0,0,0,0,0,Normal
icmp,http,CON,1.2722,284,28,12496,672,245.2395,78577.26,4225.67,8,4,0.00448,0.045437,0.2841,0.0064,1635,355,223,1366,0.009527,0.002924,4.8e-05,44,24,0,6,40,76,0,0,4,1,1,Reconnaissance
udp,-,INT,9.6923,48,43,18600,24424,14.08335,12281.91,20159.5,5,0,0.2019,0.2254,0.0016,0.0152,28131,8218506,2232355,42845,0.1053,0.0207,0.0253,310,568,0,1703,3,3,0,0,1,0,0,Normal
tcp,http,CON,3.1459,13,58,3428,0,33.8535,6975.4,0.0,0,44,0.242,0.0542,0.0082,0.0086,9482,5746576,1309187,54508,0.2135,0.0972,0.0605,211,0,2,4306,4,4,0,0,0,0,0,Normal
tcp,http,INT,7.1508,68,4,16235,604,15.1032,14530.35,675.73,63,0,0.1052,1.7877,0.0006,0.0072,12074,4967921,8686490,63602,0.0871,0.0259,0.0998,191,151,0,2620,1,3,0,0,0,0,0,Normal
udp,ssl,INT,5.3548,4,17,2865,4896,5.88255,3424.19,7314.49,0,11,1.3387,0.315,0.0149,0.0119,11388,4336427,9458010,27099,0.1221,0.0247,0.0081,573,288,1,3858,3,1,0,0,1,0,0,Normal
tcp,dns,CON,6.5956,71,2,47392,766,16.60185,45986.7,929.1,68,0,0.0929,3.2978,0.017,0.0127,29298,4894361,9137580,23257,0.1902,0.0541,0.0955,534,383,1,1751,2,3,0,0,1,0,0,Normal
udp,-,INT,6.406,32,11,13800,1309,10.068750000000001,13787.1,1634.72,21,0,0.2002,0.5824,0.0197,0.0147,64833,8376752,7683464,44284,0.2309,0.0535,0.0396,345,119,2,442,2,2,0,0,0,0,0,Normal
tcp,-,FIN,6.3992,6,25,3660,6250,7.2666,3660.48,7813.51,0,18,1.0665,0.256,0.0153,0.0091,39541,5751547,9486109,6007,0.0432,0.0215,0.046,488,250,2,1215,4,3,0,0,0,0,0,Normal
tcp,dns,FIN,3.4936,71,28,22720,14168,42.5064,41621.41,32443.45,43,0,0.0492,0.1248,0.0137,0.0098,12535,8238518,4472651,51650,0.2145,0.0077,0.078,256,506,1,1348,1,4,0,0,1,0,0,Normal
udp,-,CON,2.8625,66,12,3382,660,40.873799999999996,7562.71,1844.56,54,0,0.0434,0.2385,0.0103,0.0147,24982,8698805,9293086,51216,0.1492,0.0524,0.0317,41,55,2,848,1,2,0,0,1,0,0,Normal
udp,-,REQ,0.7756,195,4,24570,184,256.5753,253429.35,1897.88,11,5,0.003977,0.1939,0.2832,0.0582,529,727,574,3241,0.003806,0.001015,0.004118,126,46,0,162,28,10,0,0,9,1,1,Generic
tcp,-,CON,9.0095,78,14,27202,3066,15.3171,19323.51,2722.45,64,0,0.1155,0.6435,0.0173,0.0083,11629,8318612,5379852,34044,0.2985,0.0793,0.0957,279,219,1,4765,3,1,0,0,0,0,0,Normal
tcp,ftp,INT,0.017,135,14,9720,1344,8785.6608,4585053.59,633982.72,47,6,0.000126,0.001211,0.3874,0.0169,227,499,829,647,0.001022,0.0036,0.003713,72,96,0,50,94,74,0,0,1,0,1,Analysis
tcp,-,INT,8.127,64,44,11600,18744,19.9335,9134.97,18451.07,20,0,0.127,0.1847,0.0188,0.0154,37806,8010270,9258618,47518,0.018,0.0171,0.0179,145,426,0,1994,2,2,0,0,0,0,0,Normal
tcp,http,INT,4.0539,11,49,838,31654,22.20075,1324.15,62465.85,0,37,0.3685,0.0827,0.0129,0.005,57539,8701791,8715111,39111,0.2541,0.0861,0.0229,61,646,2,3420,2,1,0,0,0,0,0,Normal
tcp,ssl,FIN,6.3171,73,31,44256,837,24.6951,44837.32,1059.99,40,0,0.0865,0.2038,0.0032,0.0183,40401,162945,3995234,30835,0.1546,0.0992,0.0478,485,27,0,127,2,1,0,0,1,0,0,Normal
tcp,http,INT,5.2464,69,7,10177,3451,21.72915,12415.31,5262.25,60,0,0.076,0.7495,0.0107,0.0174,23463,3704268,2322384,34009,0.2682,0.084,0.0665,118,493,0,803,1,3,0,0,1,0,0,Normal
tcp,-,FIN,5.0017,21,37,7297,28638,17.39415,9337.65,45805.35,0,15,0.2382,0.1352,0.0095,0.0122,64067,6088268,7203947,32110,0.2018,0.0506,0.0544,278,774,1,818,2,4,0,0,1,0,0,Normal
udp,http,INT,8.5193,50,56,32375,44632,18.663449999999997,24321.17,41911.29,0,4,0.1704,0.1521,0.0177,0.0063,51665,858307,8003461,11936,0.0615,0.0093,0.0056,518,797,1,4600,1,3,0,0,0,0,0,Normal
udp,dns,CON,7.3465,72,2,18270,586,15.109200000000001,15916.16,638.13,70,0,0.102,3.6732,0.0034,0.0187,42053,8952368,6530914,13021,0.1229,0.0818,0.0307,203,293,1,43,2,2,0,0,1,0,0,Normal
udp,ssl,CON,0.2097,78,32,11797,25440,786.7242,360004.98,970388.51,46,0,0.0027,0.0066,0.003,0.0078,13667,6582635,9498351,46400,0.2434,0.0528,0.0079,121,795,1,2281,3,1,0,0,0,0,0,Normal
icmp,ftp,CON,0.9121,651,17,120435,1411,732.3593,1056307.73,12375.56,12,0,0.001401,0.053654,0.2463,0.0377,3006,653,234,3405,0.002605,0.00274,0.004285,185,83,0,133,74,70,0,0,4,1,1,Botnet
udp,ftp,REQ,1.4378,599,13,105424,780,425.6608,586599.49,4340.07,47,2,0.0024,0.110597,0.2298,0.0206,3428,167,142,164,0.00484,0.000571,0.00044,176,60,0,8,72,24,0,0,2,0,1,Worm
udp,ssl,CON,5.3487,22,2,2585,478,6.73065,3093.08,714.94,18,0,0.2431,2.6744,0.0121,0.005,10199,8267802,332037,21208,0.1805,0.0535,0.0865,94,239,1,2046,2,2,0,0,0,0,0,Normal
udp,ssl,CON,8.2386,14,33,5495,5115,8.55735,4268.71,4966.89,0,19,0.5885,0.2497,0.0124,0.0039,35729,7189273,1631118,56639,0.0602,0.0018,0.0123,314,155,0,1484,3,2,0,0,0,0,0,Normal
udp,http,CON,4.8928,54,42,5130,27300,29.43105,6710.28,44637.13,10,0,0.0906,0.1165,0.0102,0.0082,21437,8521194,8129983,43669,0.1584,0.0569,0.0947,76,650,1,3358,4,3,0,0,1,0,0,Normal
tcp,-,INT,2.8242,31,14,4727,9884,23.90085,10713.28,27998.42,16,0,0.0911,0.2017,0.018,0.0145,12506,5482953,5866017,35928,0.077,0.081,0.0625,122,706,2,4676,4,3,0,0,0,0,0,Normal
icmp,http,RST,1.0136,154,26,10626,2522,177.5925,83871.03,19906.15,40,9,0.006582,0.038983,0.4475,0.0633,2522,406,5,22,0.008631,0.002595,0.002387,69,97,0,30,67,54,0,0,7,0,1,Generic
tcp,ssl,FIN,5.2389,11,29,6971,9715,11.4528,8516.26,14835.12,0,18,0.4763,0.1807,0.0124,0.0016,30161,3188782,9559833,8456,0.1259,0.066,0.0846,507,335,0,4356,2,4,0,0,0,0,0,Normal
udp,http,CON,2.4719,69,18,6727,2178,52.794,17418.37,7048.91,51,0,0.0358,0.1373,0.0004,0.0038,45047,8545117,8480283,37790,0.0928,0.085,0.0673,78,121,2,2697,3,1,0,0,0,0,0,Normal
tcp,http,INT,3.1284,23,5,3910,3120,13.425450000000001,7999.05,7978.59,18,0,0.136,0.6257,0.0034,0.0196,6580,6233314,7779584,40572,0.0139,0.073,0.0276,136,624,2,2335,2,4,0,0,0,0,0,Normal
udp,dns,CON,6.9733,61,37,6252,12950,21.08025,5738.43,14856.58,23,0,0.1143,0.1885,0.0004,0.0153,45899,7851332,704903,25493,0.2877,0.0315,0.0051,82,350,2,4968,2,1,0,0,1,0,0,Normal
icmp,-,REQ,1.4867,122,21,13298,1995,96.1871,71557.84,10735.29,12,5,0.012186,0.070795,0.1802,0.0849,1284,823,952,658,0.008365,0.004253,0.004868,109,95,0,108,32,28,0,0,1,0,1,Worm
tcp,-,FIN,6.797,11,19,1718,7334,6.620550000000001,1618.35,8631.98,0,6,0.6179,0.3577,0.0057,0.0027,40541,7179507,5757864,64911,0.1679,0.0462,0.0429,125,386,2,4193,1,3,0,0,1,0,0,Normal
tcp,-,INT,1.3158,743,28,43837,2660,585.9593,266528.64,16172.78,16,4,0.001771,0.046993,0.332,0.0808,1522,272,423,2805,0.002888,0.001795,8.9e-05,59,95,1,159,44,65,0,0,7,1,1,Exploit
icmp,http,RST,0.1269,185,22,30340,1826,1630.6605,1912047.88,115075.79,12,0,0.000686,0.00577,0.3074,0.0753,1602,150,881,2927,0.009899,0.002817,0.002365,164,83,1,88,36,12,0,0,9,0,1,Generic
tcp,-,INT,7.3498,75,8,24187,5720,16.9392,21061.66,6225.98,67,0,0.098,0.9187,0.01,0.0139,44108,3090693,3482922,10867,0.1689,0.0618,0.0689,258,715,0,1917,1,3,0,0,0,0,0,Normal
tcp,-,INT,0.7829,70,0,28350,0,134.1123,231745.96,0.0,70,0,0.0112,0.7829,0.0124,0.016,5835,337763,4751222,27997,0.2559,0.0261,0.063,324,0,1,3733,1,1,0,0,0,0,0,Normal
udp,ssl,FIN,4.55,46,4,7015,1292,16.483349999999998,9867.16,2271.63,40,0,0.0989,1.1375,0.0077,0.0149,3854,1861941,1883021,50562,0.297,0.0958,0.021,122,323,0,931,3,3,0,0,1,0,0,Normal
tcp,http,CON,3.1294,64,6,35280,2934,33.5523,72151.0,7500.39,58,0,0.0489,0.5216,0.0174,0.0078,35011,4837877,4876223,47507,0.1715,0.0114,0.0966,441,489,0,2242,1,4,0,0,0,0,0,Normal
tcp,ssh,RST,0.8559,318,19,30528,741,393.7353,285340.11,6926.0,7,2,0.002692,0.045048,0.165,0.0457,1299,33,395,2202,0.00358,0.004259,0.00414,96,39,0,92,37,33,0,0,5,0,1,Generic
udp,ssl,CON,8.7211,73,51,24820,27795,21.3276,18214.23,25496.8,22,0,0.1195,0.171,0.0057,0.0153,44713,7352502,6143392,60594,0.259,0.0568,0.0912,272,545,0,1542,1,1,0,0,1,0,0,Normal
icmp,ssh,CON,1.2895,358,28,60502,112,299.3322,375340.89,694.82,38,6,0.003602,0.046055,0.1167,0.0546,2806,337,589,2526,0.00613,0.004194,0.004922,169,4,1,156,56,47,0,0,5,0,1,DoS
udp,dns,INT,3.7394,27,57,5467,43890,33.69525,9357.66,93897.47,0,30,0.1385,0.0656,0.0075,0.0094,65490,3982465,6705818,48782,0.1616,0.0967,0.0857,162,770,0,3969,3,3,0,0,1,0,0,Normal
udp,-,CON,0.3451,264,6,12408,276,782.4597,287666.95,6398.78,25,2,0.001307,0.057511,0.4352,0.029,86,208,985,2699,0.006308,0.004701,0.003145,47,46,1,38,63,69,1,4,4,1,1,Backdoor
udp,ftp,REQ,1.4198,790,29,113760,1856,576.8513,641002.26,10457.98,30,9,0.001797,0.048958,0.3188,0.065,2236,315,948,2707,0.006498,0.001392,0.003511,144,64,0,158,66,12,0,0,4,1,1,DoS
udp,-,INT,0.6295,360,3,26640,237,576.6057,338529.52,3011.69,9,8,0.001749,0.209849,0.2534,0.0267,700,631,30,1832,0.0049,0.004309,0.004358,74,79,0,157,54,10,0,0,1,1,1,Botnet
tcp,http,INT,2.6074,69,15,17767,75,48.32325,43610.53,230.11,54,0,0.0378,0.1738,0.0013,0.019,33021,4432958,4265961,36256,0.1401,0.0592,0.0638,206,5,1,3470,2,1,0,0,1,0,0,Normal
icmp,ftp,REQ,0.8613,146,10,27740,370,181.128,257666.24,3436.79,49,1,0.005899,0.086127,0.0477,0.0865,3914,25,151,1370,0.005906,0.004132,0.001355,190,37,1,74,66,10,1,3,3,0,1,Backdoor
udp,ssh,CON,0.0314,419,20,60336,1220,13961.3745,15350769.75,310394.11,45,2,7.5e-05,0.001572,0.3515,0.0289,1163,609,722,1066,0.002854,0.002443,0.002761,144,61,0,143,69,24,0,0,5,1,1,Generic
udp,ftp,CON,0.3567,625,27,123750,405,1828.1169,2775821.61,9084.51,48,8,0.000571,0.013209,0.2653,0.0416,1788,275,246,3811,0.004156,0.001166,0.000105,198,15,0,185,60,14,0,0,2,0,1,Botnet
udp,ssl,FIN,1.2779,60,3,30450,441,73.95060000000001,152502.42,2760.82,56,0,0.0213,0.426,0.0044,0.0053,56924,8479515,7047993,49487,0.1776,0.053,0.0458,406,147,0,2424,4,3,0,0,0,0,0,Normal
udp,http,INT,4.1006,40,7,17350,1624,17.1924,27078.65,3168.28,33,0,0.1025,0.5858,0.0081,0.0164,36141,6696667,4183889,59559,0.0584,0.0979,0.0877,347,232,2,4059,4,2,0,0,1,0,0,Normal
udp,-,CON,7.7654,75,35,33843,14350,21.24795,27892.82,14783.45,39,0,0.1035,0.2219,0.0036,0.0033,3683,5309428,6400475,13949,0.1253,0.0079,0.0327,361,410,1,2186,3,4,0,0,0,0,0,Normal
udp,-,FIN,8.5224,75,16,55218,8368,16.01655,41467.16,7855.06,57,0,0.1136,0.5327,0.004,0.0085,22079,5592678,7546219,63719,0.024,0.0718,0.069,589,523,1,3906,1,3,0,0,1,0,0,Normal
icmp,ftp,CON,1.2724,584,12,67744,216,468.4232,425944.42,1358.11,22,1,0.002179,0.106029,0.3318,0.0053,676,708,327,1280,0.002818,0.004929,0.000658,116,18,0,110,88,72,0,0,3,0,1,Analysis
udp,ssh,CON,1.013,409,3,20450,12,406.7253,161505.47,94.77,27,5,0.002477,0.337656,0.3859,0.056,1332,37,713,457,5.9e-05,0.003935,0.002135,50,4,0,1,34,11,0,0,9,0,1,Worm
udp,ssl,INT,8.058,57,32,35126,7104,16.56735,27898.69,7052.85,24,0,0.1414,0.2518,0.0157,0.0155,17994,6420787,4609544,21276,0.251,0.0958,0.012,493,222,0,2062,4,2,0,0,0,0,0,Normal
tcp,ssl,CON,1.0951,50,25,35625,4425,102.73049999999999,208200.36,32325.85,24,0,0.0219,0.0438,0.0117,0.0004,8849,7205586,917033,7420,0.2454,0.0483,0.0472,570,177,1,1657,1,2,0,0,1,0,0,Normal
udp,dns,CON,9.0858,23,50,4312,34150,12.051749999999998,3037.7,30068.87,0,26,0.395,0.1817,0.0157,0.0056,28547,6250055,2329890,53720,0.2543,0.0894,0.0576,150,683,2,757,1,3,0,0,1,0,0,Normal
tcp,-,CON,5.4802,32,54,12680,27054,23.5395,14808.33,39493.74,0,21,0.1713,0.1015,0.0192,0.012,29952,2930165,9140348,32659,0.2507,0.0279,0.0249,317,501,2,4137,2,1,0,0,1,0,0,Normal
udp,-,FIN,0.9147,22,43,13392,9331,106.5885,93701.66,81606.33,0,21,0.0416,0.0213,0.0003,0.0015,59223,4439181,4874304,8938,0.1125,0.0266,0.0378,487,217,2,1860,1,3,0,0,1,0,0,Normal
tcp,http,FIN,8.3767,43,4,10535,2008,8.4162,8049.0,1917.7,38,0,0.1948,2.0942,0.0037,0.0161,46473,641123,8665524,40974,0.1718,0.0915,0.0821,196,502,0,577,1,4,0,0,0,0,0,Normal
tcp,dns,FIN,3.1399,55,16,32243,9648,33.91875,65722.66,24581.98,39,0,0.0571,0.1962,0.0194,0.0097,10390,837192,791585,56525,0.1248,0.0775,0.001,469,603,1,839,3,4,0,0,1,0,0,Normal
icmp,http,INT,1.1387,54,26,7506,650,70.2542,52732.77,4566.52,35,5,0.021087,0.043797,0.0411,0.0174,1234,298,20,3677,0.003788,0.00086,0.003661,139,25,0,64,75,43,1,3,2,0,1,Backdoor
tcp,dns,FIN,5.3691,32,31,16000,1736,17.600550000000002,19071.92,2586.63,0,0,0.1678,0.1732,0.0093,0.0066,32253,1338819,3365438,9549,0.2721,0.0328,0.0827,400,56,2,4974,4,2,0,0,1,0,0,Normal
udp,ftp,REQ,0.6705,199,12,25870,192,314.6995,308674.01,2290.89,13,1,0.003369,0.055873,0.301,0.0998,360,81,63,3641,0.005951,0.000661,0.00135,130,16,1,26,52,22,1,4,8,0,1,Backdoor
tcp,dns,CON,2.9776,73,37,39602,13653,55.4145,85122.01,36682.37,34,0,0.0408,0.0805,0.0142,0.001,52358,8747427,2117117,25706,0.2254,0.041,0.0838,434,369,0,3735,2,4,0,0,0,0,0,Normal
tcp,-,INT,4.8921,76,24,53770,1656,30.661649999999998,70343.48,2708.03,52,0,0.0644,0.2038,0.0043,0.0032,29035,1314566,1437131,20022,0.2689,0.0563,0.0245,566,69,1,960,3,4,0,0,0,0,0,Normal
udp,-,FIN,3.4375,1,19,312,3040,8.7273,581.82,7074.89,0,17,3.4375,0.1809,0.0062,0.0089,32474,2197526,9429991,42065,0.197,0.0671,0.0584,250,160,1,4055,2,1,0,0,0,0,0,Normal
udp,ssl,CON,0.2998,37,26,23726,19838,315.19245,506469.26,529336.56,11,0,0.0081,0.0115,0.0045,0.0054,52330,2039986,1354308,63043,0.1645,0.0277,0.014,513,763,1,3884,4,3,0,0,0,0,0,Normal
udp,http,CON,1.3331,15,6,3768,3558,23.6286,18092.73,21351.22,9,0,0.0889,0.2222,0.0195,0.0009,36322,7969152,3259078,29918,0.2607,0.0825,0.003,201,593,0,1519,2,3,0,0,0,0,0,Normal
tcp,dns,INT,1.7368,5,4,2506,3176,7.77315,9235.62,14629.59,1,0,0.3474,0.4342,0.017,0.0108,36919,2434157,7767270,19828,0.278,0.0564,0.0803,401,794,1,4499,2,1,0,0,1,0,0,Normal
icmp,-,RST,0.8305,224,7,34720,21,278.154,334459.09,202.29,27,6,0.003707,0.118639,0.3375,0.0661,1128,639,458,3761,0.003136,0.000106,0.004239,155,3,0,169,84,43,0,0,1,0,1,Shellcode
tcp,dns,FIN,6.3867,23,6,8337,2070,6.81105,8354.84,2592.88,17,0,0.2777,1.0645,0.0089,0.0139,63607,4379845,2966671,48240,0.2643,0.0005,0.0453,290,345,1,2152,1,4,0,0,1,0,0,Normal
udp,-,CON,0.6306,297,14,51381,756,493.1571,651804.64,9590.4,5,4,0.002123,0.045045,0.0667,0.0379,2065,926,794,628,0.007522,0.00177,0.004987,173,54,0,5,44,61,0,0,8,0,1,Reconnaissance
udp,ftp,REQ,0.7504,449,21,33226,231,626.3358,354223.57,2462.7,41,7,0.001671,0.035733,0.1771,0.0364,1814,145,344,2019,0.009199,0.004306,0.002375,74,11,1,46,69,10,0,0,5,1,1,Botnet
udp,-,FIN,5.0031,34,49,11390,28126,24.8844,14570.09,44973.48,0,14,0.1472,0.1021,0.0168,0.009,37114,2384556,3665933,38580,0.0261,0.0894,0.0737,268,574,0,391,1,2,0,0,1,0,0,Normal
udp,http,FIN,6.3319,28,32,4655,14944,14.2137,4705.05,18880.86,0,3,0.2261,0.1979,0.0136,0.0161,36311,3290029,5457433,16631,0.2026,0.0824,0.0164,133,467,1,4621,4,2,0,0,1,0,0,Normal
udp,-,CON,8.2426,57,5,41325,2610,11.28285,32086.99,2533.18,51,0,0.1446,1.6485,0.0044,0.0002,34054,4145634,7896856,65294,0.0918,0.0331,0.0184,580,522,2,1980,4,2,0,0,0,0,0,Normal
tcp,http,REQ,1.2171,541,29,100626,1160,468.3263,661414.81,7624.68,42,1,0.00225,0.041969,0.2508,0.0605,3112,277,379,2606,0.006121,0.001301,0.001113,186,40,1,33,26,28,0,0,1,1,1,Generic
tcp,ssl,FIN,0.6012,69,34,37260,782,256.98585,396646.32,10405.84,35,0,0.0087,0.0177,0.0176,0.0036,21266,4918154,7060089,48188,0.0765,0.0509,0.0339,432,23,1,2649,4,4,0,0,1,0,0,Normal
udp,-,RST,0.9631,447,13,51405,78,477.6383,427008.6,647.93,16,7,0.002155,0.074082,0.1275,0.0974,2955,63,73,782,0.004045,0.000133,0.00451,115,6,1,151,26,50,0,0,2,1,1,DoS
icmp,http,REQ,0.5745,131,4,16899,4,234.9825,235316.71,55.7,28,1,0.004386,0.143628,0.2831,0.0845,1126,205,367,2918,0.006201,0.003717,0.000825,129,1,1,30,35,43,0,0,8,0,1,Generic
udp,ssl,INT,5.9722,70,0,48475,0,17.5815,51947.37,0.0,68,0,0.0853,5.9722,0.0114,0.0005,52158,8598005,1809488,983,0.284,0.0336,0.0042,554,0,0,1324,4,1,0,0,0,0,0,Normal
icmp,http,REQ,0.8996,704,23,109824,759,808.0936,976594.97,6749.3,26,1,0.001278,0.039115,0.2415,0.0532,1113,669,835,2362,0.007817,0.001666,0.002584,156,33,0,79,71,58,0,0,5,1,1,DoS
udp,http,CON,6.5366,54,3,25515,1101,13.08015,24981.71,1347.49,51,0,0.121,2.1789,0.0095,0.0116,18422,340487,3956573,15016,0.1479,0.0129,0.0422,378,367,0,342,3,2,0,0,0,0,0,Normal
udp,dns,CON,4.9198,56,22,34580,12078,23.7813,44983.65,19639.7,34,0,0.0879,0.2236,0.0063,0.0132,32803,555593,9958970,56880,0.2035,0.084,0.0474,494,549,1,2423,3,4,0,0,0,0,0,Normal
udp,ftp,CON,0.0974,749,6,109354,330,7753.1197,8983678.46,27110.25,37,9,0.00013,0.01623,0.4609,0.0876,2442,325,554,2339,0.003188,0.001656,0.001476,146,55,0,160,46,65,0,0,4,1,1,Worm
tcp,-,INT,9.1236,11,18,4537,6732,4.7679,3182.97,5902.96,0,6,0.8294,0.5069,0.0042,0.0162,37192,8374006,3273749,52137,0.2345,0.0648,0.0357,330,374,2,178,3,3,0,0,1,0,0,Normal
tcp,-,FIN,7.5313,69,26,6382,14794,18.921,5423.76,15714.66,42,0,0.1091,0.2897,0.0181,0.0062,34662,8279751,5039518,29840,0.0332,0.0652,0.0212,74,569,2,2274,3,3,0,0,1,0,0,Normal
udp,ssl,INT,4.7712,38,21,5320,5649,18.5487,7136.09,9471.75,16,0,0.1256,0.2272,0.0174,0.0068,8877,8115069,5657298,34720,0.1317,0.0838,0.0861,112,269,1,707,3,4,0,0,0,0,0,Normal
tcp,http,FIN,2.6636,50,56,33062,26824,59.6937,79441.41,80564.7,0,6,0.0533,0.0476,0.0096,0.02,16641,1878443,9072767,61387,0.2071,0.0935,0.0421,529,479,0,117,3,4,0,0,0,0,0,Normal
udp,dns,FIN,2.3633,69,15,28721,9375,53.315999999999995,77780.35,31735.68,52,0,0.0343,0.1576,0.0146,0.0106,23194,5894923,9758583,38981,0.157,0.0376,0.0225,333,625,1,2499,2,4,0,0,0,0,0,Normal
tcp,ftp,INT,0.1322,82,4,13694,256,650.379,828492.14,15488.1,23,9,0.001613,0.033058,0.0394,0.011,586,802,546,643,0.004995,0.003006,0.001228,167,64,0,144,94,55,0,0,0,0,1,Botnet
tcp,dns,FIN,2.3766,64,50,8640,33950,71.9508,23266.63,114279.84,12,0,0.0371,0.0475,0.01,0.0166,20992,9258122,805462,44381,0.2469,0.0243,0.0941,108,679,1,414,2,4,0,0,0,0,0,Normal
udp,ssl,FIN,7.6355,4,6,460,3810,1.96455,385.57,3991.87,0,2,1.9089,1.2726,0.0005,0.0116,47278,9210212,8572275,18976,0.0789,0.0338,0.0864,92,635,1,3529,3,2,0,0,1,0,0,Normal
tcp,dns,CON,8.3244,55,3,24681,186,10.45125,18975.53,178.75,51,0,0.1514,2.7748,0.0043,0.0099,27951,7978685,7711685,49506,0.1625,0.066,0.0037,359,62,0,261,2,2,0,0,1,0,0,Normal
tcp,-,INT,1.4082,12,2,810,800,14.91285,3681.34,4544.86,10,0,0.1173,0.7041,0.0154,0.0154,52942,7603086,4088298,12026,0.1747,0.0615,0.0332,54,400,1,2736,2,4,0,0,0,0,0,Normal
tcp,http,INT,6.6052,72,41,35640,17179,25.6614,34532.59,20806.51,31,0,0.0917,0.1611,0.0065,0.0051,18461,3076690,2469372,60905,0.2038,0.0381,0.0574,396,419,1,2106,2,1,0,0,0,0,0,Normal
udp,-,FIN,7.8109,31,26,14298,20488,10.946250000000001,11715.9,20983.94,5,0,0.252,0.3004,0.004,0.0143,37849,8923446,2146578,20862,0.1945,0.0823,0.099,369,788,2,2403,3,3,0,0,1,0,0,Normal
udp,-,INT,2.8267,57,34,9618,8228,48.29025,21778.38,23286.88,23,0,0.0496,0.0831,0.0187,0.0081,55260,7331638,633362,47496,0.0885,0.0428,0.0698,135,242,0,2250,3,3,0,0,0,0,0,Normal
udp,ssl,FIN,9.1633,35,4,7306,1036,6.38415,5102.95,904.48,31,0,0.2618,2.2908,0.0199,0.0172,13836,6342720,2814881,37301,0.2379,0.0094,0.0843,167,259,1,3605,4,1,0,0,0,0,0,Normal
tcp,-,FIN,0.0156,66,58,8580,25056,11919.539999999999,3518955.8,12845419.09,6,0,0.0002,0.0003,0.0196,0.003,29056,7960020,4243953,34319,0.1313,0.0254,0.0298,104,432,0,3638,3,4,0,0,0,0,0,Normal
udp,dns,FIN,3.4871,69,44,32861,7480,48.6075,60311.13,17160.3,25,0,0.0505,0.0793,0.0051,0.0044,30948,3884816,7575814,415,0.1242,0.0036,0.0711,381,170,0,4690,2,3,0,0,0,0,0,Normal
icmp,http,CON,1.2652,677,13,127953,702,545.3664,809058.2,4438.81,41,3,0.001869,0.097323,0.2605,0.0274,2833,932,850,539,0.005005,0.00252,0.002043,189,54,1,111,81,56,0,0,5,1,1,Shellcode
tcp,ssl,FIN,1.1588,24,20,13620,1460,56.9541,75220.78,10079.14,2,0,0.0483,0.0579,0.0126,0.0014,62683,854566,678861,6419,0.149,0.0598,0.0079,454,73,0,3578,2,3,0,0,0,0,0,Normal
udp,ssl,FIN,6.447,11,58,7672,522,16.05405,7616.62,647.75,0,45,0.5861,0.1112,0.0125,0.0072,43322,2949853,1241015,15062,0.1202,0.0705,0.0478,558,9,0,662,4,3,0,0,0,0,0,Normal
tcp,dns,FIN,6.4204,72,5,36540,3590,17.9895,36423.83,4473.23,66,0,0.0892,1.2841,0.01,0.003,12952,6888053,6718557,43056,0.1719,0.0432,0.0532,406,718,1,2680,3,1,0,0,1,0,0,Normal
udp,ssl,CON,3.2095,34,39,13940,27885,34.11765,27797.57,69506.38,0,3,0.0944,0.0823,0.0018,0.0119,63459,8196688,6810465,65359,0.0856,0.0476,0.0485,328,715,2,3996,4,2,0,0,1,0,0,Normal
tcp,-,INT,6.4504,3,43,1177,17114,10.696950000000001,1168.29,21225.21,0,39,2.1501,0.15,0.016,0.0065,47975,6239418,9596260,36249,0.2465,0.026,0.0817,314,398,2,800,3,4,0,0,0,0,0,Normal
tcp,-,CON,1.7421,48,40,17040,23000,75.77055,62600.28,105619.6,6,0,0.0363,0.0436,0.0161,0.0088,10896,7284907,6474892,7698,0.1998,0.0497,0.0562,284,575,1,903,2,1,0,0,0,0,0,Normal
udp,ssh,REQ,1.1165,365,27,28835,1296,351.0853,206602.97,9285.85,46,6,0.003059,0.041353,0.134,0.0302,3504,475,207,670,0.004806,0.004339,0.002525,79,48,1,44,87,11,0,0,4,0,1,Analysis
tcp,ssl,CON,9.2039,30,4,20962,548,5.54115,14576.36,476.32,25,0,0.3068,2.301,0.0124,0.0012,32224,8364684,8177777,18690,0.0161,0.0465,0.0131,559,137,1,4486,2,4,0,0,0,0,0,Normal
tcp,ssl,FIN,9.9735,79,39,25477,24102,17.7471,16348.96,19332.87,38,0,0.1262,0.2557,0.0125,0.0097,25845,8384226,7610915,24062,0.1922,0.0803,0.0082,258,618,0,4382,4,2,0,0,0,0,0,Normal
udp,ssl,CON,3.2772,35,35,4550,25305,32.03985,8885.71,61772.74,0,0,0.0936,0.0936,0.0056,0.0142,738,2643396,1985518,21780,0.2741,0.0756,0.0158,104,723,1,4446,2,1,0,0,0,0,0,Normal
tcp,-,CON,7.4393,66,21,36217,12873,17.54205,31157.92,13843.31,44,0,0.1127,0.3543,0.0105,0.0116,7540,6724870,7160325,63810,0.2466,0.0008,0.0244,439,613,1,1364,4,4,0,0,0,0,0,Normal
udp,dns,INT,7.3423,8,19,3770,10469,5.51595,3286.17,11406.82,0,9,0.9178,0.3864,0.0134,0.0176,30024,1356059,9859493,11746,0.0194,0.079,0.033,377,551,0,3489,4,1,0,0,1,0,0,Normal
tcp,ftp,INT,0.6716,453,6,55719,42,683.4618,663735.17,500.31,46,4,0.001483,0.11193,0.1665,0.0526,1005,121,450,1394,0.007075,0.004401,0.002706,123,7,1,128,61,29,0,0,5,0,1,DoS
icmp,ftp,REQ,0.4025,258,18,51084,540,685.786,1015440.4,10734.04,36,3,0.00156,0.022359,0.3985,0.0399,2424,729,178,388,0.003828,0.00075,0.00118,198,30,1,131,28,10,1,2,1,0,1,Backdoor
icmp,ftp,RST,0.591,532,27,43624,621,945.8483,590507.13,8406.04,5,0,0.001111,0.021889,0.2034,0.0533,3383,811,195,11,0.002881,0.004293,0.000326,82,23,1,99,28,74,0,0,3,1,1,Reconnaissance
udp,ssl,FIN,3.9891,1,24,583,10920,9.400500000000001,936.55,21899.54,0,22,3.9891,0.1662,0.0012,0.0113,47453,3899163,2055634,41790,0.1651,0.086,0.0757,467,455,1,1947,2,4,0,0,0,0,0,Normal
udp,ssh,INT,0.7456,347,2,19779,190,468.0718,212217.58,2038.59,31,5,0.002149,0.372806,0.3485,0.066,4071,191,750,1531,0.00997,0.003559,0.001902,57,95,1,131,88,21,0,2,0,1,1,Backdoor
udp,ssh,INT,0.2086,120,28,7920,2660,709.5818,303777.72,102026.35,41,1,0.001738,0.007449,0.3649,0.0914,3749,645,334,1702,0.005574,0.004319,0.003178,66,95,1,155,90,17,0,0,2,1,1,Shellcode
tcp,ssl,INT,6.3995,66,0,22357,0,15.470099999999999,22359.37,0.0,65,0,0.097,6.3995,0.0085,0.0169,28194,5578668,4358378,15375,0.2312,0.049,0.0489,271,0,1,3973,3,3,0,0,1,0,0,Normal
tcp,-,RST,1.3472,214,11,25894,363,167.0185,153769.89,2155.65,38,5,0.006295,0.122469,0.3035,0.002,2506,612,102,731,0.007,0.003595,4.6e-05,121,33,1,118,37,36,0,0,5,0,1,DoS
udp,ssl,INT,6.4565,10,45,4587,23850,12.77775,4547.33,29551.42,0,33,0.6457,0.1435,0.001,0.0021,47384,9056620,4024440,5831,0.0787,0.0612,0.0596,367,530,1,3920,1,4,0,0,0,0,0,Normal
udp,-,REQ,0.0464,505,29,33330,2407,11503.9893,5744239.18,414832.99,8,3,9.2e-05,0.001601,0.39,0.0226,1585,564,413,1848,0.00387,6.8e-05,7.2e-05,66,83,1,47,81,32,0,0,2,1,1,Exploit
icmp,ssh,CON,0.3507,421,24,37469,1680,1268.8935,854726.63,38323.43,1,3,0.000833,0.014612,0.4728,0.0903,3653,795,830,1899,0.000665,0.004023,0.002677,89,70,1,79,70,51,0,0,5,0,1,Reconnaissance
tcp,http,INT,2.4359,72,54,10260,34398,77.59065,26957.22,112972.04,17,0,0.0338,0.0451,0.0166,0.0028,53494,8294836,5519072,55166,0.0576,0.0757,0.0696,114,637,2,4670,3,3,0,0,0,0,0,Normal
tcp,http,CON,6.8029,31,29,3487,13862,13.229700000000001,3280.96,16301.33,2,0,0.2194,0.2346,0.0099,0.0135,3196,2021172,1126948,2316,0.1084,0.0256,0.0637,90,478,0,156,1,3,0,0,1,0,0,Normal
udp,http,INT,4.4175,37,14,3191,10668,17.3175,4623.44,19319.56,22,0,0.1194,0.3155,0.0198,0.0073,32832,3544686,2538394,56535,0.1604,0.085,0.03,69,762,0,1512,4,2,0,0,1,0,0,Normal
udp,-,CON,2.6963,29,1,13013,418,16.6896,30889.77,1240.22,28,0,0.093,2.6963,0.0194,0.0042,23663,7719897,2764067,35831,0.2629,0.0048,0.0199,359,418,1,2895,1,3,0,0,0,0,0,Normal
tcp,http,INT,4.2794,20,2,13875,882,7.71135,20750.47,1648.82,18,0,0.214,2.1397,0.0144,0.0047,8556,2841591,1695463,31470,0.255,0.0054,0.0675,555,441,1,2604,1,3,0,0,0,0,0,Normal
tcp,dns,CON,3.5257,21,26,4016,104,19.9962,7290.54,235.98,0,3,0.1679,0.1356,0.0071,0.007,38503,3625469,8423567,32934,0.1977,0.0106,0.031,153,4,1,2056,2,1,0,0,0,0,0,Normal
tcp,-,CON,0.3803,6,46,1972,15088,205.0812,33191.59,317360.41,0,40,0.0634,0.0083,0.0161,0.0065,51959,5388454,2838378,18051,0.0677,0.0637,0.0851,263,328,1,3504,4,3,0,0,1,0,0,Normal
tcp,http,CON,3.2814,49,22,28420,440,32.45535,55429.55,1072.7,27,0,0.067,0.1492,0.0055,0.0191,416,6931630,1766334,61310,0.1792,0.0461,0.0112,464,20,1,1354,4,2,0,0,0,0,0,Normal
tcp,ssl,INT,5.5699,40,24,19150,16872,17.23545,22003.92,24233.04,15,0,0.1392,0.2321,0.0153,0.0155,61043,9068339,9429156,4759,0.1933,0.0253,0.0977,383,703,0,4108,4,2,0,0,0,0,0,Normal
tcp,ssl,CON,5.7323,27,49,4320,32732,19.88745,4823.21,45680.95,0,22,0.2123,0.117,0.0102,0.0147,5327,688633,4539558,43358,0.1316,0.0647,0.073,128,668,2,393,1,3,0,0,1,0,0,Normal
udp,dns,CON,6.1445,65,13,28925,2899,19.0416,30127.95,3774.46,50,0,0.0945,0.4727,0.019,0.0193,12038,9984573,5716322,31119,0.006,0.0328,0.0676,356,223,0,1575,2,4,0,0,0,0,0,Normal
icmp,ftp,INT,0.686,757,25,121120,1050,1139.8626,1412380.12,12244.05,23,6,0.000906,0.027442,0.4843,0.0142,850,141,139,73,0.008891,0.004063,0.004353,160,42,0,11,48,25,0,0,2,1,1,Botnet
tcp,http,FIN,3.8784,3,15,1057,5640,6.96165,1745.05,11633.68,0,11,1.2928,0.2586,0.0036,0.0048,36874,4018169,3137828,7975,0.0697,0.0009,0.029,282,376,0,3906,2,1,0,0,0,0,0,Normal
tcp,ssl,FIN,2.7268,65,9,40950,6093,40.707,96112.52,17875.87,54,0,0.042,0.303,0.0051,0.0189,64609,5769198,4267750,37837,0.0625,0.024,0.0073,504,677,0,135,2,4,0,0,1,0,0,Normal
udp,-,FIN,2.8284,34,34,21505,2720,36.06315,48661.19,7693.47,0,0,0.0832,0.0832,0.0072,0.0127,54763,3538351,156800,12239,0.0986,0.0947,0.0452,506,80,2,2609,4,4,0,0,0,0,0,Normal
tcp,http,CON,7.2422,8,45,4240,12780,10.9773,3746.92,14117.24,0,37,0.9053,0.1609,0.0178,0.0107,30164,8958568,5389462,40880,0.202,0.0976,0.0536,424,284,1,4237,3,1,0,0,1,0,0,Normal
udp,http,FIN,4.815,7,32,3648,6656,12.1497,4849.89,11058.89,0,23,0.6879,0.1505,0.0135,0.0143,45316,1323271,6945116,38200,0.1566,0.0734,0.0561,417,208,2,3909,1,1,0,0,1,0,0,Normal
udp,ssl,INT,3.2745,69,41,7072,9184,50.389500000000005,13823.2,22437.66,26,0,0.0475,0.0799,0.0105,0.0065,43066,3789573,2178727,11687,0.017,0.0115,0.0223,82,224,0,1582,3,4,0,0,1,0,0,Normal
udp,dns,FIN,2.4007,42,53,29505,30051,59.35695,78655.98,100139.42,0,10,0.0572,0.0453,0.0134,0.0182,45856,8728115,1387422,23558,0.1835,0.0617,0.0279,562,567,0,4060,4,4,0,0,0,0,0,Normal
udp,http,INT,9.5284,29,7,13303,5026,5.6673,8935.81,4219.8,21,0,0.3286,1.3612,0.0036,0.0038,49067,2421374,8026974,48176,0.2001,0.0447,0.0154,367,718,1,2106,3,1,0,0,0,0,0,Normal
udp,ssl,FIN,7.6028,53,10,12322,1570,12.42975,10373.07,1652.03,42,0,0.1434,0.7603,0.0066,0.0008,31979,4513771,4510766,16982,0.1531,0.0225,0.0525,186,157,2,4770,3,2,0,0,0,0,0,Normal
tcp,ssl,CON,9.8116,47,7,18741,4718,8.25555,12224.7,3846.87,38,0,0.2088,1.4017,0.0014,0.0049,65300,9874895,6042327,26957,0.0015,0.0816,0.06,319,674,1,1483,1,1,0,0,0,0,0,Normal
tcp,http,CON,1.6622,3,13,723,6292,14.4387,2786.67,30282.75,0,10,0.5541,0.1279,0.0131,0.0085,25776,2048475,5811346,11852,0.1759,0.0283,0.0507,193,484,0,4720,4,4,0,0,0,0,0,Normal
tcp,ssl,FIN,2.8426,56,42,41580,126,51.714,93617.08,354.61,14,0,0.0508,0.0677,0.019,0.0144,64143,9821338,1413490,13198,0.2723,0.0662,0.0116,594,3,2,825,4,1,0,0,0,0,0,Normal
tcp,-,INT,1.4103,57,2,19665,600,62.7522,89239.95,3403.51,54,0,0.0247,0.7052,0.0113,0.0104,33905,8257574,4095656,14427,0.068,0.0179,0.0078,276,300,1,3280,3,3,0,0,0,0,0,Normal
udp,dns,FIN,8.8537,71,3,24938,855,12.53715,18027.33,772.56,68,0,0.1247,2.9512,0.0013,0.0045,40870,2682859,6638940,7014,0.0375,0.0131,0.0752,281,285,2,538,4,2,0,0,1,0,0,Normal
udp,http,INT,6.0542,10,11,5000,8217,5.20305,5285.6,10857.95,0,0,0.6054,0.5504,0.0149,0.015,31792,200942,6999869,57561,0.1714,0.065,0.0205,400,747,0,2598,1,4,0,0,1,0,0,Normal
icmp,-,RST,0.2015,718,8,128522,80,3603.0933,5102774.25,3176.28,15,9,0.000281,0.025187,0.4445,0.0302,588,576,499,1276,0.007477,0.002031,0.00421,179,10,0,77,52,74,0,0,5,1,1,Botnet
icmp,-,RST,1.1743,622,10,45406,210,538.2106,309341.63,1430.69,24,2,0.001888,0.117426,0.1474,0.0618,397,284,942,1338,0.004519,0.003666,0.000311,73,21,1,48,59,68,0,0,0,0,1,Shellcode
udp,-,RST,0.9055,440,4,56760,84,490.3183,501449.8,742.1,38,1,0.002058,0.226384,0.1116,0.0621,977,653,630,2578,0.002633,0.000285,0.001618,129,21,0,173,63,31,0,0,2,1,1,Exploit
udp,-,CON,6.2053,57,7,34627,5509,15.470550000000001,35713.82,7102.28,48,0,0.1089,0.8865,0.0053,0.009,36499,3895629,3921256,51062,0.1992,0.0133,0.0763,486,787,1,4821,1,2,0,0,1,0,0,Normal
icmp,http,RST,0.7521,771,2,131070,72,1027.7554,1394130.93,765.83,7,3,0.000976,0.376062,0.1519,0.0656,1312,145,606,1298,0.002493,0.002968,0.004416,170,36,1,1,94,76,0,0,7,1,1,Analysis
udp,dns,FIN,0.3013,33,41,12127,13202,368.41634999999997,257612.67,350546.54,0,6,0.0091,0.0073,0.0072,0.0122,61824,6119397,9796109,46590,0.2973,0.0924,0.0707,294,322,2,3544,2,4,0,0,0,0,0,Normal
tcp,ftp,INT,1.088,66,19,4950,817,78.1276,36398.27,6007.55,29,0,0.016484,0.057261,0.3962,0.0608,1506,731,535,3205,0.009672,0.004272,0.003341,75,43,1,173,92,53,0,0,7,0,1,Reconnaissance
udp,ssl,CON,9.4443,55,6,35956,4188,9.68835,24366.03,3547.54,48,0,0.1717,1.574,0.0191,0.0053,60085,8723252,6009159,13649,0.022,0.0199,0.0401,523,698,0,2924,3,3,0,0,1,0,0,Normal
udp,dns,CON,5.9635,34,56,11730,5768,22.63785,12588.66,7737.79,0,21,0.1754,0.1065,0.0017,0.001,34928,2484397,7497994,17494,0.2227,0.0862,0.0856,276,103,0,1069,1,3,0,0,1,0,0,Normal
udp,-,INT,6.1889,20,6,5200,4128,6.30165,5377.36,5336.0,13,0,0.3094,1.0315,0.008,0.0025,3917,3932496,6049461,63602,0.1985,0.0604,0.0792,208,688,2,1802,3,4,0,0,1,0,0,Normal
udp,dns,CON,9.8898,58,56,24722,3024,17.290499999999998,15998.63,2446.15,0,0,0.1705,0.1766,0.015,0.0066,46617,6761986,1243141,24857,0.194,0.0041,0.0942,341,54,1,4859,3,3,0,0,0,0,0,Normal
icmp,ssh,REQ,0.7125,716,25,128164,1150,1039.9852,1439013.88,12912.1,33,6,0.000995,0.0285,0.3535,0.0831,2013,341,305,3953,0.002749,0.000527,0.003747,179,46,0,175,24,32,0,0,8,1,1,DoS
udp,ftp,REQ,0.2466,465,18,25575,1530,1958.7792,829743.72,49638.63,20,3,0.00053,0.013699,0.2414,0.0297,2269,3,681,1348,0.006192,0.0038,0.001722,55,85,1,129,58,40,0,0,1,0,1,Reconnaissance
udp,ssh,REQ,0.8835,532,17,95228,238,621.3595,862234.27,2154.95,24,7,0.001661,0.051973,0.2247,0.0317,1661,430,700,1536,0.003974,0.003013,0.000657,179,14,1,192,79,36,1,3,0,1,1,Backdoor
udp,http,CON,0.6003,68,31,15810,18972,247.37580000000003,168555.34,252833.01,36,0,0.0088,0.0194,0.0062,0.0018,17662,9718670,6825899,24743,0.1134,0.0819,0.0508,186,612,2,3338,2,2,0,0,1,0,0,Normal
tcp,ftp,INT,1.2152,180,2,14760,88,149.7754,97172.94,579.35,5,3,0.006751,0.607577,0.3425,0.0185,4066,687,524,939,0.00114,0.000809,0.004426,82,44,0,11,35,39,0,0,3,0,1,Worm
tcp,dns,FIN,2.2296,49,58,8881,29232,71.98635,25493.48,104887.46,0,7,0.0455,0.0384,0.0126,0.0019,45578,4255044,4958426,53274,0.0904,0.0114,0.0091,145,504,0,2288,2,1,0,0,1,0,0,Normal
udp,dns,CON,3.734,16,24,5800,2256,16.0683,9940.96,4833.36,0,8,0.2334,0.1556,0.0045,0.0109,40998,5231985,9839679,38312,0.1849,0.0706,0.0847,290,94,1,1853,2,1,0,0,0,0,0,Normal
udp,ssl,FIN,9.999,37,5,11146,620,6.3006,7134.35,496.05,31,0,0.2702,1.9998,0.0008,0.0076,21108,5981183,7154062,29688,0.1008,0.01,0.0793,241,124,0,4784,1,4,0,0,0,0,0,Normal
udp,http,CON,5.6866,67,44,47988,17424,29.27955,54009.36,24512.49,22,0,0.0849,0.1292,0.0036,0.0117,24446,1093400,5973527,64110,0.0214,0.007,0.0017,573,396,1,597,2,4,0,0,1,0,0,Normal
tcp,ssl,FIN,2.5833,60,44,43125,15180,60.38895000000001,106842.02,47010.49,15,0,0.0431,0.0587,0.0043,0.0185,48686,6086624,6218370,43811,0.0953,0.0406,0.05,575,345,2,2515,4,2,0,0,0,0,0,Normal
tcp,http,CON,7.6633,72,30,19620,3540,19.96545,16385.72,3695.56,42,0,0.1064,0.2554,0.0107,0.0038,28434,4572814,3335694,19297,0.1395,0.0002,0.0685,218,118,0,4894,4,4,0,0,0,0,0,Normal
tcp,ssl,CON,6.6788,6,28,3735,3668,7.6362,3579.1,4393.62,0,22,1.1131,0.2385,0.0157,0.0164,15122,3169235,3012778,7879,0.1438,0.0408,0.0123,498,131,2,993,4,3,0,0,0,0,0,Normal
tcp,-,INT,3.9786,77,42,28105,7644,44.8647,45209.59,15370.13,33,0,0.0517,0.0947,0.0129,0.0037,5746,4158450,5540648,616,0.0726,0.0849,0.0033,292,182,2,1194,1,2,0,0,1,0,0,Normal
udp,ssl,CON,4.9155,56,0,13930,0,17.08875,18136.84,0.0,55,0,0.0878,4.9155,0.0027,0.0134,1059,2884587,6427659,6299,0.0809,0.0334,0.0508,199,0,2,4404,1,3,0,0,0,0,0,Normal
udp,http,RST,0.3114,405,26,20655,0,1384.1624,530670.53,0.0,0,6,0.000769,0.011976,0.3033,0.0905,3355,988,305,1929,0.005514,0.004831,0.002847,51,0,0,147,53,46,0,0,7,0,1,Exploit
tcp,ssl,INT,1.8683,6,39,435,9282,36.1284,1490.1,39744.49,0,32,0.3114,0.0479,0.0143,0.0161,30243,8960945,5714862,35310,0.285,0.0793,0.0057,58,238,0,3900,2,3,0,0,0,0,0,Normal
udp,ssl,CON,9.8247,11,47,7480,21479,8.85525,4872.63,17489.85,0,36,0.8932,0.209,0.0117,0.0113,29314,763479,9285416,28982,0.2647,0.0462,0.0133,544,457,0,995,4,4,0,0,0,0,0,Normal
icmp,ssh,RST,0.1506,301,27,50568,189,2177.5405,2685704.08,10037.93,5,8,0.0005,0.005579,0.0301,0.0914,522,356,569,303,0.009239,0.004468,0.004067,168,7,0,156,27,71,0,0,2,1,1,Exploit
udp,dns,FIN,8.0471,46,37,33580,21793,15.471449999999999,26706.93,21665.58,9,0,0.1749,0.2175,0.0006,0.0139,3500,2646884,9660832,54284,0.1626,0.0749,0.0639,584,589,1,3864,3,2,0,0,0,0,0,Normal
icmp,-,INT,0.8292,348,11,18792,88,432.9451,181301.48,849.01,38,2,0.002383,0.075382,0.3586,0.0974,389,636,917,2122,0.007785,0.001944,0.002658,54,8,0,161,51,56,0,0,6,1,1,DoS
udp,-,CON,4.0556,65,50,24050,5900,42.534150000000004,37952.78,11638.33,15,0,0.0624,0.0811,0.0023,0.0117,65252,9650239,6499627,19909,0.1993,0.0061,0.0836,296,118,1,1269,4,1,0,0,1,0,0,Normal
udp,http,RST,0.8473,429,3,44616,252,509.8644,421261.31,2379.37,15,2,0.001975,0.282428,0.0648,0.0203,1550,752,178,2612,0.006475,0.004978,0.000101,104,84,1,95,37,75,0,1,5,0,1,Backdoor
udp,dns,CON,5.3127,10,18,6000,12042,7.905600000000001,7227.96,18133.14,0,7,0.5313,0.2952,0.0072,0.0076,54821,3489008,7467471,52330,0.1534,0.098,0.0015,480,669,0,1247,4,2,0,0,1,0,0,Normal
icmp,-,CON,0.4661,739,18,59859,216,1624.2821,1027507.54,3707.74,44,8,0.000631,0.025892,0.3085,0.02,2578,372,531,2733,0.009656,0.002363,0.002895,81,12,0,37,63,49,0,0,3,1,1,Shellcode
tcp,http,INT,4.4569,20,19,5950,9614,13.12575,8544.12,17256.96,0,0,0.2228,0.2346,0.0176,0.0132,8547,5310726,2032301,55627,0.0448,0.0382,0.032,238,506,1,3236,4,4,0,0,0,0,0,Normal
udp,dns,INT,9.8189,56,47,38850,10011,15.735,25322.63,8156.53,7,0,0.1753,0.2089,0.0026,0.0093,57907,8984580,162839,47583,0.1884,0.0465,0.0485,555,213,0,3489,1,1,0,0,0,0,0,Normal
tcp,http,CON,3.0092,37,27,25715,8532,31.901850000000003,54690.51,22682.26,10,0,0.0813,0.1115,0.0099,0.0051,14809,7724119,7946297,55948,0.2534,0.0261,0.0817,556,316,2,1680,1,4,0,0,0,0,0,Normal
udp,ssl,INT,6.3498,22,48,9487,25824,16.535999999999998,9562.56,32535.37,0,26,0.2886,0.1323,0.0148,0.0063,35335,8664850,4061345,8027,0.1532,0.0951,0.0352,345,538,0,2377,1,4,0,0,1,0,0,Normal
udp,ssl,CON,8.6255,66,21,18645,5208,15.129449999999999,13834.27,4830.31,45,0,0.1307,0.4107,0.004,0.0019,60827,3478896,1039779,57023,0.2357,0.0754,0.0886,226,248,1,3151,1,1,0,0,0,0,0,Normal
icmp,-,INT,1.3291,239,5,27007,290,183.5762,162552.21,1745.48,19,7,0.005561,0.26583,0.1806,0.0439,1823,186,822,3750,0.009877,0.001149,0.003893,113,58,0,124,32,42,0,0,9,0,1,Exploit
tcp,http,FIN,9.5939,15,42,4762,6048,8.911950000000001,3177.01,5043.19,0,25,0.6396,0.2284,0.003,0.0179,6740,1311544,362746,31699,0.007,0.0773,0.0095,254,144,1,2520,4,4,0,0,1,0,0,Normal
tcp,-,INT,0.7706,432,1,67824,93,561.9244,704147.08,965.52,13,5,0.001784,0.770566,0.3963,0.067,2579,734,257,1429,0.002985,0.001414,0.004286,157,93,0,118,76,26,0,0,4,1,1,DoS
icmp,ftp,CON,1.4335,418,23,31768,391,307.6309,177284.68,2182.02,34,9,0.00343,0.062328,0.079,0.0181,3733,963,410,1355,0.002516,0.003856,0.000401,76,17,0,176,87,22,1,3,1,0,1,Backdoor
tcp,http,FIN,4.9183,56,27,32690,20196,25.31355,42538.13,32850.26,29,0,0.0878,0.1822,0.0003,0.0063,55752,4746340,4412516,30536,0.0924,0.0053,0.0986,467,748,0,3961,2,2,0,0,1,0,0,Normal
udp,ssh,CON,0.0159,385,3,25025,225,24347.2514,12562679.71,112951.17,3,3,4.1e-05,0.005312,0.2685,0.0366,3099,878,75,2621,9.7e-05,0.003174,0.001147,65,75,1,169,62,28,0,0,7,0,1,Botnet
udp,ssl,FIN,4.2902,63,42,35673,30492,36.71145,53216.89,56858.66,19,0,0.0681,0.1021,0.0098,0.0053,32115,7456078,3925956,46055,0.179,0.0034,0.0116,453,726,1,4377,4,2,0,0,0,0,0,Normal
udp,dns,CON,8.1371,26,33,7832,19998,10.8762,6160.46,19661.15,0,6,0.313,0.2466,0.0095,0.0134,49450,7824140,9899742,43997,0.2641,0.0693,0.0493,241,606,0,3375,4,3,0,0,0,0,0,Normal
tcp,http,RST,0.7809,281,25,29505,575,391.8306,302247.37,5890.26,4,6,0.002779,0.031238,0.4751,0.068,2135,406,253,4056,0.005614,0.003421,0.002844,105,23,0,142,68,64,0,0,2,1,1,Analysis
tcp,ssl,CON,0.9128,8,7,5050,4151,24.65025,35408.76,36381.63,0,0,0.1141,0.1304,0.0056,0.0038,42667,9750098,4441387,8436,0.168,0.01,0.0074,505,593,1,2065,3,1,0,0,1,0,0,Normal
icmp,http,INT,0.1866,526,8,31034,584,2861.6306,1330454.6,25036.59,47,5,0.000355,0.023326,0.2688,0.004,2436,279,53,405,0.009999,0.002634,0.001583,59,73,1,173,21,22,0,0,9,1,1,Shellcode
udp,dns,CON,0.5345,15,26,3768,8502,115.06425000000002,45127.63,127255.43,0,10,0.0356,0.0206,0.0115,0.0011,43658,5766765,3527135,60000,0.2371,0.0323,0.0268,201,327,1,1506,1,4,0,0,0,0,0,Normal
udp,dns,FIN,1.1131,35,2,23187,1062,49.86285,133326.97,7633.06,31,0,0.0318,0.5565,0.0021,0.0135,59733,1180244,4776631,11421,0.1098,0.0565,0.0339,530,531,1,2748,1,2,0,0,0,0,0,Normal
udp,http,FIN,0.1238,58,20,5147,4300,945.3681,266189.82,277954.4,37,0,0.0021,0.0062,0.0078,0.0135,63247,5595789,6957950,34595,0.0224,0.0167,0.0291,71,215,0,372,3,1,0,0,1,0,0,Normal
udp,http,REQ,1.1806,779,18,95038,126,675.092,644009.01,853.82,14,0,0.001516,0.065588,0.1122,0.0933,1659,695,406,3834,0.002367,0.003998,0.003757,122,7,0,63,56,64,0,0,7,1,1,Exploit
udp,dns,CON,8.8669,23,25,14662,14225,8.1201,10583.23,12834.3,0,1,0.3855,0.3547,0.0165,0.0061,41405,9822423,2322119,19501,0.2074,0.0912,0.0958,510,569,2,4608,3,3,0,0,0,0,0,Normal
tcp,ssl,INT,7.4623,50,37,27750,4255,17.4879,23799.54,4561.58,13,0,0.1492,0.2017,0.0053,0.0085,37757,7062518,6647757,23088,0.0519,0.0354,0.0231,444,115,0,4053,4,4,0,0,1,0,0,Normal
udp,http,FIN,1.3648,27,6,11205,3192,36.2691,52544.08,18710.48,20,0,0.0505,0.2275,0.0065,0.0096,58598,2373793,5299774,29717,0.0887,0.0042,0.0604,332,532,1,1292,1,4,0,0,1,0,0,Normal
udp,dns,FIN,0.9291,31,37,15151,27195,109.7799,104364.14,234154.17,0,4,0.03,0.0251,0.0196,0.0064,41458,6590526,5325249,49410,0.2588,0.0272,0.0247,391,735,2,3562,2,1,0,0,0,0,0,Normal
udp,-,CON,0.2413,229,9,32289,558,986.332,1070510.05,18499.94,44,3,0.001054,0.026811,0.3257,0.0192,86,82,845,1948,0.00233,0.004877,0.000263,141,62,0,149,65,49,0,0,7,1,1,Worm
udp,http,CON,7.0621,55,32,5637,4160,18.4791,5108.99,4712.51,21,0,0.1284,0.2207,0.0196,0.0024,33280,2169446,297889,55438,0.0479,0.0734,0.0226,82,130,0,3991,2,1,0,0,0,0,0,Normal
udp,http,FIN,5.4037,25,36,7906,16200,16.932750000000002,9363.9,23983.43,0,10,0.2161,0.1501,0.0064,0.0095,56840,4394270,4590703,10281,0.0321,0.0218,0.0185,253,450,1,2216,4,1,0,0,0,0,0,Normal
udp,-,FIN,3.3465,47,32,25908,3424,35.40975,49548.55,8185.18,15,0,0.0712,0.1046,0.0154,0.0198,43737,8864402,5447043,48539,0.0425,0.0839,0.0498,441,107,1,3561,1,2,0,0,1,0,0,Normal
udp,-,CON,8.8123,15,31,3112,13051,7.83,2260.48,11847.98,0,15,0.5875,0.2843,0.0191,0.0168,47683,9613092,2936338,47021,0.1509,0.0078,0.0671,166,421,1,3834,1,1,0,0,0,0,0,Normal
udp,-,CON,9.8721,33,48,7260,26256,12.30735,4706.59,21276.91,0,14,0.2992,0.2057,0.0138,0.0046,9040,2048742,4750412,24093,0.2789,0.0466,0.0946,176,547,0,2504,4,2,0,0,0,0,0,Normal
tcp,dns,FIN,5.4941,8,52,5080,36608,16.3812,5917.64,53305.36,0,42,0.6868,0.1057,0.0113,0.0089,64922,5935203,3382394,52584,0.1327,0.0617,0.004,508,704,2,4650,4,1,0,0,0,0,0,Normal
udp,http,FIN,1.9399,3,55,1841,16665,44.8467,6074.42,68723.8,0,50,0.6466,0.0353,0.0152,0.0098,676,8993067,1624953,8520,0.1495,0.087,0.0609,491,303,2,758,1,1,0,0,0,0,0,Normal
tcp,dns,CON,2.1174,19,42,7647,5754,43.2135,23115.18,21739.9,0,22,0.1114,0.0504,0.0124,0.0032,61254,3372515,7746646,4593,0.0483,0.0642,0.0485,322,137,0,1106,2,1,0,0,1,0,0,Normal
tcp,http,FIN,8.0567,60,2,5025,1382,11.54325,3991.72,1372.28,58,0,0.1343,4.0283,0.0179,0.0178,65490,700881,3796478,21274,0.0293,0.086,0.0348,67,691,2,2113,3,2,0,0,1,0,0,Normal
tcp,ssl,FIN,9.4831,11,22,4537,16368,5.21985,3062.3,13808.18,0,11,0.8621,0.431,0.005,0.0118,59082,812690,8896161,25447,0.0796,0.0628,0.0409,330,744,2,1807,3,2,0,0,0,0,0,Normal
icmp,-,INT,0.4648,586,27,84970,2619,1318.7793,1462403.62,45075.15,33,2,0.000793,0.017216,0.3331,0.0564,1700,966,484,555,0.007578,0.004375,0.002055,145,97,0,174,69,54,0,0,4,1,1,Generic
tcp,-,CON,0.2198,11,18,7122,9000,197.8908,207371.36,327543.39,0,7,0.02,0.0122,0.0145,0.0134,21110,8841318,4756869,5898,0.132,0.0921,0.0593,518,500,1,1587,2,2,0,0,1,0,0,Normal
udp,http,REQ,0.9346,712,27,130296,1026,790.6927,1115281.12,8782.15,33,9,0.001313,0.034616,0.409,0.0688,1156,423,657,1297,0.001302,0.000967,0.003115,183,38,0,179,45,62,1,2,5,0,1,Backdoor
icmp,-,REQ,0.0472,479,17,63228,255,10499.8586,10707823.54,43184.9,20,5,9.9e-05,0.002779,0.3833,0.0297,4013,594,760,2380,0.006467,0.002064,0.000359,132,15,1,182,88,27,0,0,8,0,1,Worm
tcp,http,CON,0.0282,62,14,32627,6482,4037.853,7396213.25,1836727.23,48,0,0.0005,0.002,0.015,0.0026,30083,5916587,4370916,10102,0.1709,0.0036,0.0066,421,463,0,768,3,3,0,0,0,0,0,Normal
udp,ssh,CON,1.1833,224,7,17920,420,195.2214,121155.61,2839.58,46,6,0.005282,0.169039,0.1938,0.0434,2939,296,194,2087,0.005155,0.001918,0.004997,80,60,0,171,44,16,0,0,7,1,1,Generic
tcp,ssl,CON,0.7691,34,16,25330,6864,97.5219,210793.02,71401.66,16,0,0.0226,0.0481,0.0147,0.0089,52449,9392688,9836057,61306,0.0373,0.0503,0.0713,596,429,2,3321,1,3,0,0,1,0,0,Normal
udp,-,CON,0.357,66,57,16500,23256,516.7356,295757.58,521071.09,7,0,0.0054,0.0063,0.0185,0.0048,612,4177691,9349432,60060,0.0124,0.0589,0.006,200,408,0,2638,2,3,0,0,1,0,0,Normal
tcp,ssl,FIN,7.8486,63,35,33153,2590,18.729300000000002,27034.47,2639.95,28,0,0.1246,0.2242,0.0182,0.0012,16300,3190775,5817189,36581,0.2376,0.0412,0.0241,421,74,0,472,2,2,0,0,0,0,0,Normal
tcp,ssh,INT,0.7116,778,21,108142,1071,1122.8271,1215767.42,12040.53,21,0,0.000915,0.033886,0.4509,0.0237,3675,856,620,1727,0.001244,0.00106,0.00279,139,51,0,164,54,12,0,3,6,1,1,Backdoor
udp,-,INT,8.065,76,10,49875,5200,15.99495,39578.25,5158.07,66,0,0.1061,0.8065,0.0098,0.0057,2054,8592771,8773641,12890,0.0626,0.0653,0.0105,525,520,0,4047,4,1,0,0,1,0,0,Normal
udp,-,CON,0.662,79,0,10033,0,119.3319,121241.25,0.0,31,9,0.00838,0.662019,0.3507,0.084,1759,362,311,1176,0.000138,0.001188,0.000333,127,0,1,185,83,14,0,0,6,0,1,Generic
tcp,dns,CON,5.1591,38,24,18335,9840,18.0264,22745.07,15258.49,14,0,0.1358,0.215,0.0021,0.0105,52692,3859507,8100388,58539,0.2518,0.0748,0.098,386,410,2,4085,1,4,0,0,1,0,0,Normal
tcp,-,CON,6.3401,46,28,10580,9716,17.5077,10680.02,12259.81,18,0,0.1378,0.2264,0.0057,0.0085,16335,1040612,6940582,64728,0.2965,0.0036,0.0149,184,347,2,3526,1,3,0,0,0,0,0,Normal
udp,http,CON,1.2297,67,57,25795,31806,151.2507,134245.52,206910.88,8,0,0.0184,0.0216,0.0077,0.0073,55500,4264963,2738773,40689,0.0902,0.0637,0.0983,308,558,0,1009,3,1,0,0,1,0,0,Normal
icmp,-,REQ,1.2319,761,24,120238,456,637.2516,780859.66,2961.39,43,8,0.001619,0.051327,0.1481,0.018,517,509,591,789,0.006904,0.000267,0.004232,158,19,1,1,85,40,0,0,8,0,1,Shellcode
tcp,-,CON,4.016,56,56,22610,14168,41.832300000000004,36031.6,28222.89,0,0,0.0717,0.0717,0.0136,0.004,31210,8532569,2370415,53823,0.1225,0.0256,0.0925,323,253,2,2186,3,3,0,0,1,0,0,Normal
tcp,ssl,INT,8.0911,62,11,19297,2530,13.533449999999998,15264.2,2501.52,51,0,0.1305,0.7356,0.0079,0.0006,63575,4310664,1164974,25098,0.242,0.0002,0.0686,249,230,0,168,2,4,0,0,0,0,0,Normal
tcp,dns,INT,6.4104,39,48,18427,4128,20.3577,18397.69,5151.65,0,7,0.1644,0.1335,0.0184,0.0092,10108,8128996,916865,54489,0.1048,0.0605,0.0968,378,86,0,1355,2,3,0,0,1,0,0,Normal
tcp,ssl,FIN,6.0789,79,53,50955,37789,32.5719,53646.81,49731.61,24,0,0.0769,0.1147,0.0176,0.0069,42996,4664306,9952720,27543,0.05,0.0404,0.0517,516,713,0,4939,1,4,0,0,0,0,0,Normal
tcp,-,CON,1.3702,88,1,5984,10,64.9528,34937.3,58.38,21,7,0.015571,1.370226,0.0893,0.0049,4075,242,321,3169,0.009067,0.000476,0.002161,68,10,0,117,49,55,0,0,6,0,1,Shellcode
tcp,dns,FIN,8.0632,65,37,38512,13172,18.975,30568.42,13068.72,28,0,0.124,0.2179,0.0074,0.0014,32107,6186896,317476,48909,0.0449,0.0855,0.0377,474,356,1,564,1,3,0,0,0,0,0,Normal
tcp,dns,CON,4.0764,18,17,5242,3570,12.87915,8230.84,7006.22,0,0,0.2265,0.2398,0.0003,0.0165,63778,9679256,3803300,31103,0.2044,0.0105,0.0661,233,210,0,248,4,1,0,0,0,0,0,Normal
udp,-,CON,6.0351,66,43,33247,31003,27.0915,35257.66,41096.82,23,0,0.0914,0.1404,0.0085,0.0117,25621,5454386,2345280,4656,0.0789,0.0911,0.0293,403,721,1,1706,1,2,0,0,1,0,0,Normal
icmp,-,CON,0.6496,317,11,26628,242,504.939,327939.39,2980.37,41,0,0.002049,0.059053,0.2077,0.0498,2069,732,121,2329,0.000267,0.003813,0.002133,84,22,1,127,49,27,0,0,1,1,1,Generic
udp,-,INT,8.9228,57,56,6483,15120,18.996299999999998,4650.58,13556.35,0,0,0.1565,0.1593,0.0128,0.0144,24858,9098644,7747424,27495,0.1174,0.0344,0.0366,91,270,1,4992,1,3,0,0,0,0,0,Normal
udp,-,INT,1.8128,55,39,25162,2067,77.77995,88834.68,9121.77,16,0,0.033,0.0465,0.0016,0.0098,25296,822882,8459318,16655,0.127,0.0754,0.0034,366,53,2,668,3,2,0,0,1,0,0,Normal
tcp,dns,CON,8.5469,37,1,16696,117,6.669,12502.28,109.51,34,0,0.231,8.5469,0.0077,0.0087,16802,2104571,5950773,37034,0.1934,0.0576,0.0083,361,117,2,4108,3,1,0,0,1,0,0,Normal
tcp,-,FIN,4.5917,40,48,29450,27312,28.7472,41047.55,47584.49,0,6,0.1148,0.0957,0.0141,0.0112,44424,4917949,2758833,59794,0.2072,0.0392,0.0663,589,569,1,4016,4,3,0,0,0,0,0,Normal
tcp,dns,CON,9.2231,30,12,2550,2256,6.8307,1769.47,1956.83,17,0,0.3074,0.7686,0.0122,0.0023,44699,1963474,1561104,45798,0.255,0.0483,0.0998,68,188,1,3517,3,4,0,0,0,0,0,Normal
icmp,ftp,INT,0.0989,501,3,58116,75,5094.4882,4699544.02,6064.87,32,8,0.000197,0.032977,0.0808,0.0911,3348,756,381,1846,0.008239,0.004283,0.003071,116,25,1,125,39,26,0,0,5,1,1,Reconnaissance
tcp,http,INT,8.1846,60,55,38175,32230,21.076050000000002,29851.06,31502.94,5,0,0.1364,0.1488,0.0093,0.0165,22294,2481063,7392883,39567,0.0629,0.0057,0.0905,509,586,2,2145,2,2,0,0,0,0,0,Normal
tcp,http,CON,1.5646,55,53,30525,21942,103.5387,124859.95,112189.89,1,0,0.0284,0.0295,0.0172,0.0164,45793,7472912,4038065,234,0.1916,0.0802,0.0068,444,414,0,2474,3,1,0,0,0,0,0,Normal
udp,ssl,INT,3.9759,5,59,2606,17110,24.14535,4195.25,34427.19,0,54,0.7952,0.0674,0.0086,0.0099,57136,520955,1758687,8894,0.2293,0.0449,0.0424,417,290,1,4136,4,3,0,0,1,0,0,Normal
udp,http,CON,5.818,31,10,7711,4900,10.5705,8482.58,6737.67,21,0,0.1877,0.5818,0.0104,0.0098,49475,3624805,7601914,31302,0.1306,0.024,0.013,199,490,2,1226,2,2,0,0,0,0,0,Normal
udp,-,FIN,7.3783,18,21,5310,5733,7.9287,4605.94,6216.07,0,2,0.4099,0.3513,0.0059,0.0165,18357,7370411,2591590,1956,0.247,0.0939,0.094,236,273,0,1460,1,4,0,0,0,0,0,Normal
tcp,ftp,CON,1.4899,349,1,46417,99,234.91,249230.16,531.57,13,0,0.004269,1.489932,0.1317,0.0827,1321,224,578,591,0.003873,0.00337,0.00335,133,99,1,91,63,63,0,0,9,1,1,Analysis
udp,http,FIN,3.6688,34,6,5525,3522,16.3542,9638.11,7679.96,26,0,0.1079,0.6115,0.0018,0.0158,17637,7239412,6409271,47892,0.2806,0.0269,0.0732,130,587,0,4538,4,2,0,0,0,0,0,Normal
tcp,dns,CON,3.0311,43,59,6718,9853,50.477549999999994,14186.5,26005.5,0,14,0.0705,0.0514,0.0188,0.0038,46812,5928280,9029526,31999,0.1136,0.0544,0.0097,125,167,2,815,3,1,0,0,1,0,0,Normal
tcp,ssl,FIN,6.1011,28,5,11970,2640,8.1132,12556.37,3461.65,23,0,0.2179,1.2202,0.014,0.0069,24404,9281805,4138323,62420,0.053,0.0116,0.0703,342,528,1,1172,2,2,0,0,1,0,0,Normal
udp,-,FIN,0.6452,41,10,28597,1000,118.56269999999999,283657.7,12398.71,31,0,0.0157,0.0645,0.0027,0.0152,41155,3282214,8260424,60613,0.1004,0.0991,0.0015,558,100,2,2588,2,2,0,0,0,0,0,Normal
tcp,ssh,CON,0.6051,162,27,9072,2295,312.3536,119943.78,30342.92,5,5,0.003735,0.02241,0.1291,0.0638,763,752,411,2847,0.005072,0.000252,0.003069,56,85,1,43,96,46,0,0,3,0,1,Reconnaissance
tcp,-,CON,6.7809,38,2,22135,806,8.84835,20891.54,950.9,36,0,0.1784,3.3905,0.0069,0.0023,12450,3418584,1444890,24341,0.0704,0.0057,0.0248,466,403,2,4541,1,4,0,0,0,0,0,Normal
tcp,-,INT,1.4102,49,50,14393,13400,105.30359999999999,65323.64,76017.09,0,1,0.0288,0.0282,0.0135,0.0191,17285,6943636,4022053,7541,0.2862,0.0306,0.045,235,268,2,1041,1,1,0,0,1,0,0,Normal
icmp,-,INT,1.2031,124,4,15624,360,106.3898,103889.68,2393.77,41,3,0.009703,0.300781,0.3607,0.0201,755,471,256,2374,0.001475,0.003187,0.001188,126,90,0,180,43,75,0,0,8,0,1,Botnet
udp,ssl,CON,9.522,62,18,14182,10692,12.6024,9532.48,8983.01,42,0,0.1536,0.529,0.0124,0.0094,24989,1121957,5466149,17851,0.0631,0.0736,0.0195,183,594,1,1139,1,1,0,0,0,0,0,Normal
tcp,-,INT,0.792,30,29,8400,15312,111.7473,67881.75,154673.42,1,0,0.0264,0.0273,0.0043,0.0092,27543,8465168,6117905,29080,0.1575,0.0775,0.0018,224,528,2,1442,2,2,0,0,0,0,0,Normal
tcp,dns,FIN,5.718,9,18,6131,2376,7.083,6862.59,3324.26,0,7,0.6353,0.3177,0.0127,0.0025,39181,3047382,6041729,42596,0.0462,0.0128,0.0184,545,132,0,4297,1,2,0,0,1,0,0,Normal
tcp,-,CON,7.478,3,57,547,9519,12.0354,468.58,10183.54,0,54,2.4927,0.1312,0.0125,0.008,38230,6835321,9396525,55095,0.1892,0.0636,0.0503,146,167,0,3327,1,1,0,0,0,0,0,Normal
tcp,dns,CON,4.0598,75,56,47718,31920,48.401849999999996,75226.02,62900.19,19,0,0.0541,0.0725,0.0189,0.017,36397,8024486,3580367,29609,0.1306,0.035,0.0818,509,570,2,4526,1,3,0,0,1,0,0,Normal
tcp,dns,FIN,2.9424,47,10,14217,2100,29.0583,30924.8,5709.7,37,0,0.0626,0.2942,0.0149,0.006,21523,7082761,1891297,59579,0.1673,0.0392,0.0259,242,210,0,2952,1,1,0,0,0,0,0,Normal
udp,dns,CON,3.082,27,19,5501,1577,22.3878,11423.62,4093.4,7,0,0.1141,0.1622,0.0024,0.0087,35198,8953875,5879465,55546,0.0653,0.0151,0.0817,163,83,2,1087,3,1,0,0,0,0,0,Normal
udp,http,FIN,0.9718,62,5,6432,3460,103.4154,42362.22,28482.96,56,0,0.0157,0.1944,0.0152,0.0124,65344,2435286,3729577,35034,0.2509,0.0273,0.0256,83,692,1,1866,3,4,0,0,1,0,0,Normal
udp,http,FIN,7.2958,43,16,6503,11824,12.13035,5705.22,12965.31,26,0,0.1697,0.456,0.0147,0.0179,51066,3025205,860436,43082,0.1648,0.0454,0.0475,121,739,1,3070,2,3,0,0,1,0,0,Normal
tcp,-,CON,9.8165,68,51,43605,29121,18.18375,28428.9,23732.31,15,0,0.1444,0.1925,0.0126,0.0044,10828,1443482,9708136,59737,0.1139,0.0162,0.049,513,571,0,2364,4,4,0,0,0,0,0,Normal
tcp,-,RST,0.8867,154,17,8624,680,192.8494,77807.39,6135.09,1,2,0.005758,0.052159,0.0278,0.0662,3744,575,904,2909,0.008937,0.00439,8.2e-05,56,40,1,170,21,20,0,0,8,1,1,Shellcode
tcp,-,FIN,7.7917,49,28,5880,140,14.823450000000001,4829.77,143.74,19,0,0.159,0.2783,0.0128,0.0076,35665,5238754,6758213,64351,0.0171,0.0741,0.0725,96,5,0,668,4,1,0,0,0,0,0,Normal
tcp,http,CON,4.6905,37,18,2312,13788,17.58885,3155.33,23516.62,19,0,0.1268,0.2606,0.0165,0.0104,60732,3002200,2455955,58006,0.0394,0.0991,0.023,50,766,0,4427,1,1,0,0,1,0,0,Normal
tcp,dns,INT,9.0986,13,52,3250,7592,10.716000000000001,2286.07,6675.33,0,38,0.6999,0.175,0.0002,0.0196,60400,1505121,4184421,60065,0.1667,0.0623,0.0802,200,146,2,1675,4,4,0,0,1,0,0,Normal
tcp,dns,INT,4.7202,32,37,18400,1665,21.927,24948.03,2821.91,0,3,0.1475,0.1276,0.0149,0.0114,35926,6442404,122151,41839,0.1831,0.058,0.013,460,45,2,2170,1,4,0,0,1,0,0,Normal
udp,http,CON,1.5346,58,7,10077,4298,63.533249999999995,42027.1,22405.42,50,0,0.0265,0.2192,0.0009,0.0047,12230,9326465,2713179,37184,0.1082,0.075,0.0214,139,614,2,2618,1,3,0,0,1,0,0,Normal
icmp,ftp,REQ,0.4259,436,19,19620,1159,1068.4133,368567.37,21772.15,27,3,0.000977,0.022414,0.4288,0.0445,2946,855,875,3560,0.002776,0.001121,0.002552,45,61,1,99,30,42,0,0,6,0,1,Exploit
udp,dns,INT,0.0551,42,3,20632,72,1225.3328999999999,2397078.02,10456.17,39,0,0.0013,0.0184,0.0102,0.0122,32741,378063,4712845,4348,0.1388,0.0546,0.0947,393,24,2,4084,4,2,0,0,0,0,0,Normal
udp,http,FIN,7.4908,2,51,1160,2499,10.612950000000001,991.08,2668.86,0,48,3.7454,0.1469,0.0098,0.018,1093,9286692,4456913,36205,0.1135,0.0064,0.029,464,49,1,2413,2,4,0,0,1,0,0,Normal
tcp,http,INT,0.5921,12,28,1770,9268,101.32650000000001,19130.44,125212.52,0,14,0.0493,0.0211,0.0071,0.0144,19675,2361865,1841330,51579,0.1514,0.007,0.0423,118,331,0,4772,2,4,0,0,0,0,0,Normal
udp,http,INT,3.6845,60,29,44175,6989,36.232350000000004,76731.23,15174.72,31,0,0.0614,0.1271,0.0111,0.0188,48353,4691193,4676429,2118,0.2414,0.0293,0.0769,589,241,2,3998,4,4,0,0,1,0,0,Normal
tcp,ssl,FIN,8.9209,48,48,32340,24768,16.1418,23201.13,22211.1,0,0,0.1859,0.1859,0.0002,0.0086,37939,8049636,4925539,23303,0.2101,0.0224,0.0262,539,516,1,3817,2,1,0,0,1,0,0,Normal
tcp,dns,CON,9.1233,22,4,12402,532,4.27485,8700.41,466.5,16,0,0.4147,2.2808,0.0116,0.0121,42288,684342,398705,28331,0.1851,0.0871,0.075,451,133,0,4941,2,3,0,0,1,0,0,Normal
udp,http,INT,3.7959,77,17,56306,7327,37.1457,94934.87,15442.06,59,0,0.0493,0.2233,0.0063,0.0073,16951,251900,6832861,12249,0.2241,0.0023,0.0912,585,431,0,4532,3,2,0,0,1,0,0,Normal
icmp,ssh,RST,0.2181,565,14,46895,756,2655.259,1720461.06,27735.76,18,6,0.000386,0.015576,0.3007,0.0125,3165,703,400,2120,0.004028,0.000219,0.004624,83,54,1,164,50,38,0,0,8,1,1,DoS
udp,dns,FIN,5.8148,11,22,4207,2662,8.5128,4630.98,3662.41,0,10,0.5286,0.2643,0.0012,0.0163,43682,2155255,4550035,12955,0.2539,0.0415,0.0614,306,121,2,2767,3,1,0,0,0,0,0,Normal
tcp,-,CON,5.7391,26,13,12187,5954,10.193249999999999,13590.95,8299.54,13,0,0.2207,0.4415,0.01,0.0152,37056,2563710,7349760,18933,0.249,0.0414,0.023,375,458,0,3661,4,3,0,0,1,0,0,Normal
tcp,ssl,CON,9.8125,36,57,4365,36252,14.216550000000002,2846.98,29555.75,0,21,0.2726,0.1721,0.0012,0.0144,58854,4248310,3090143,62075,0.0686,0.0691,0.0914,97,636,0,872,2,4,0,0,0,0,0,Normal
udp,http,INT,6.391,73,52,27192,8424,29.3382,27230.85,10544.85,19,0,0.0875,0.1229,0.0155,0.0174,5886,5762935,6730954,31038,0.2794,0.0156,0.0017,298,162,0,1876,4,1,0,0,1,0,0,Normal
icmp,ssh,CON,0.5642,700,11,97300,297,1260.1741,1379633.6,4211.21,36,2,0.000806,0.051292,0.34,0.0173,423,300,196,1846,0.003509,0.00265,0.002886,139,27,1,33,65,70,0,0,4,1,1,Botnet
tcp,http,FIN,0.3834,28,41,12040,21197,269.9268,200961.18,442252.3,0,11,0.0137,0.0094,0.0186,0.0037,47061,8308320,1500676,21354,0.1345,0.0759,0.0038,344,517,2,62,1,2,0,0,0,0,0,Normal
udp,ssl,INT,2.9159,64,18,44560,2844,42.18285,97803.92,7802.8,44,0,0.0456,0.162,0.0064,0.0104,36143,9034370,1045295,13471,0.1209,0.0689,0.0014,557,158,0,4108,4,4,0,0,0,0,0,Normal
udp,-,INT,7.5232,72,39,13230,25662,22.13175,11254.86,27288.56,33,0,0.1045,0.1929,0.0106,0.0179,44612,6753703,2146058,64080,0.0957,0.0885,0.0274,147,658,0,38,2,3,0,0,0,0,0,Normal
tcp,http,INT,8.4652,47,26,12220,17550,12.93525,9238.74,16585.5,21,0,0.1801,0.3256,0.0008,0.0008,11120,8725897,6608858,52122,0.0853,0.0836,0.0612,208,675,1,1704,3,2,0,0,1,0,0,Normal
udp,http,INT,5.6119,65,20,26893,12580,22.719450000000002,30670.37,17933.22,44,0,0.0863,0.2806,0.0174,0.0081,64498,9755244,1410799,1191,0.0227,0.0527,0.09,331,629,1,1296,2,1,0,0,1,0,0,Normal
tcp,ssl,CON,7.351,55,32,12443,17536,17.7528,10833.97,19084.33,21,0,0.1337,0.2297,0.0158,0.0,61740,408396,5858899,39416,0.0056,0.0182,0.0748,181,548,0,4620,1,1,0,0,0,0,0,Normal
tcp,dns,FIN,6.17,46,30,19435,10710,18.47655,20159.59,13886.63,15,0,0.1341,0.2057,0.0161,0.0161,6690,1908028,1414743,22483,0.2747,0.0819,0.0349,338,357,2,904,3,1,0,0,1,0,0,Normal
tcp,http,INT,1.137,251,11,48443,616,230.439,340859.72,4334.36,27,1,0.00453,0.10336,0.4885,0.0955,255,859,382,1973,0.00251,0.001,0.002233,193,56,1,61,99,53,0,0,8,1,1,Exploit
udp,ftp,RST,1.1557,400,18,32400,1566,361.6983,224287.55,10840.57,39,9,0.002889,0.064203,0.2237,0.0439,2989,47,500,752,0.009018,0.00229,0.001328,81,87,1,74,22,12,0,0,9,1,1,Exploit
tcp,dns,CON,0.6669,43,38,7363,76,182.17575,70663.19,911.63,3,0,0.0155,0.0176,0.0121,0.0154,29053,8155427,3555703,36907,0.2533,0.093,0.0115,137,2,0,50,1,3,0,0,1,0,0,Normal
udp,-,CON,8.5495,77,14,19442,1848,15.96585,14554.29,1729.22,61,0,0.111,0.6107,0.0181,0.002,41835,8690067,5051627,39475,0.1665,0.0791,0.0816,202,132,2,3072,4,3,0,0,1,0,0,Normal
tcp,http,INT,8.2087,53,8,17158,3616,11.14665,13377.96,3524.06,44,0,0.1549,1.0261,0.0032,0.0101,9120,1530452,9923694,18396,0.2901,0.043,0.0599,259,452,1,4733,4,1,0,0,0,0,0,Normal
udp,-,CON,8.5702,60,18,17550,11646,13.65195,13105.85,10871.13,40,0,0.1428,0.4761,0.002,0.001,22708,3689733,3082195,49962,0.2571,0.056,0.0163,234,647,1,2817,4,3,0,0,0,0,0,Normal
udp,-,FIN,4.5016,60,3,17850,75,20.992800000000003,25377.92,133.29,55,0,0.075,1.5005,0.0041,0.0043,7462,6149940,3576643,38387,0.2687,0.0391,0.0063,238,25,1,4192,2,4,0,0,0,0,0,Normal
tcp,dns,CON,7.4812,37,40,17205,4160,15.43875,14718.53,4448.49,0,1,0.2022,0.187,0.0177,0.0172,53047,4524482,8367122,8958,0.067,0.0292,0.0503,372,104,0,1805,4,2,0,0,0,0,0,Normal
tcp,-,FIN,4.2169,76,56,35245,6776,46.953900000000004,53491.47,12854.95,20,0,0.0555,0.0753,0.0032,0.011,47908,764966,4647501,45251,0.1248,0.0992,0.0413,371,121,2,2677,3,2,0,0,1,0,0,Normal
tcp,http,INT,9.8848,45,36,8043,15804,12.291599999999999,5207.97,12790.49,8,0,0.2197,0.2746,0.0135,0.0167,30336,3927194,3026502,31943,0.0917,0.0415,0.0954,143,439,1,1707,1,3,0,0,1,0,0,Normal
tcp,http,FIN,4.0602,25,43,9250,15781,25.121850000000002,14580.53,31093.96,0,16,0.1624,0.0944,0.0118,0.0149,59042,2002782,5865839,10866,0.281,0.0618,0.0677,296,367,1,4578,2,3,0,0,1,0,0,Normal
tcp,dns,INT,2.1537,39,39,25740,12597,54.324600000000004,76489.13,46791.65,0,0,0.0552,0.0552,0.0165,0.0193,2794,6043904,2634705,6933,0.2527,0.0789,0.0203,528,323,1,2035,4,2,0,0,1,0,0,Normal
udp,ssl,FIN,8.6791,61,16,36600,688,13.30785,26988.86,634.16,44,0,0.1423,0.5424,0.0106,0.0009,8096,1791146,8076918,15448,0.0678,0.0348,0.0117,480,43,0,939,2,2,0,0,0,0,0,Normal
udp,ssl,CON,5.0874,7,20,3036,10060,7.9608,3819.6,15819.36,0,11,0.7268,0.2544,0.0093,0.0046,38883,8198348,7395213,18775,0.2208,0.0903,0.0852,347,503,2,2539,4,1,0,0,1,0,0,Normal
tcp,ftp,RST,1.1316,657,25,51246,1675,602.6857,362290.1,11841.63,12,4,0.001722,0.045264,0.3555,0.0612,3851,119,577,2981,0.005201,0.000715,0.001751,78,67,0,14,57,23,0,0,0,0,1,Generic
tcp,dns,INT,7.2073,49,58,27562,24012,22.26915,24475.26,26653.05,0,8,0.1471,0.1243,0.0168,0.0034,63507,6955676,6083201,21422,0.1632,0.0819,0.099,450,414,2,1031,3,1,0,0,0,0,0,Normal
udp,dns,FIN,4.4533,52,36,36465,16992,29.64105,52405.42,30524.92,15,0,0.0856,0.1237,0.0151,0.0057,29656,3566074,5523556,1845,0.0586,0.0987,0.0997,561,472,1,3817,2,2,0,0,1,0,0,Normal
udp,ssl,FIN,0.7169,21,57,10841,35853,163.2081,96786.59,400102.57,0,34,0.0341,0.0126,0.0099,0.0022,7753,2234571,7361233,13917,0.1983,0.026,0.027,413,629,0,4878,4,2,0,0,1,0,0,Normal
tcp,http,FIN,1.4003,39,15,28323,9705,57.844049999999996,129450.73,55444.61,22,0,0.0359,0.0934,0.0025,0.0061,61109,4368568,3228142,31685,0.1929,0.0171,0.0311,581,647,2,171,4,1,0,0,1,0,0,Normal
tcp,-,INT,4.4268,43,33,16340,8712,25.75215,23623.3,15744.05,8,0,0.1029,0.1341,0.0119,0.0103,33777,1224649,8949280,39692,0.1034,0.0599,0.0183,304,264,1,906,1,4,0,0,0,0,0,Normal
udp,ssl,INT,9.3218,11,23,6833,12949,5.4711,4691.82,11112.93,0,12,0.8474,0.4053,0.0042,0.012,55625,6359673,1185457,29171,0.0721,0.0938,0.0583,497,563,0,4582,2,3,0,0,0,0,0,Normal
tcp,-,INT,1.441,19,49,9072,8967,70.7823,40293.16,49780.76,0,30,0.0758,0.0294,0.0098,0.0117,39132,5255076,8772107,39101,0.1836,0.0246,0.0112,382,183,0,4699,1,2,0,0,0,0,0,Normal
tcp,-,FIN,7.8559,65,40,41275,21920,20.04855,33625.47,22321.94,23,0,0.1209,0.1964,0.0051,0.0081,25437,9580809,3859757,35279,0.0432,0.049,0.0106,508,548,1,3653,3,3,0,0,1,0,0,Normal
tcp,-,CON,4.423,69,5,47868,1615,25.0959,69264.62,2921.07,62,0,0.0641,0.8846,0.019,0.0009,46303,248912,2881308,19266,0.2775,0.0777,0.0076,555,323,2,1870,2,4,0,0,1,0,0,Normal
udp,dns,FIN,3.1349,8,19,2950,6403,12.91905,6022.53,16339.95,0,9,0.3919,0.165,0.0028,0.0157,5731,5135811,8020794,4654,0.1378,0.0474,0.084,295,337,1,4117,3,2,0,0,1,0,0,Normal
tcp,http,REQ,1.0401,643,1,102880,77,619.1454,791275.5,592.23,0,3,0.001618,1.040143,0.0858,0.0296,2611,22,441,1769,0.006745,0.001471,0.001941,160,77,0,134,45,66,0,0,3,0,1,Botnet
udp,ftp,CON,1.2904,575,16,100050,272,457.9905,620263.34,1686.27,39,7,0.002244,0.080651,0.3876,0.089,3891,846,467,1731,0.00068,0.004274,0.000938,174,17,0,83,72,27,0,0,7,0,1,Worm
udp,http,CON,0.7183,731,7,133773,602,1027.4092,1489860.35,6704.61,20,7,0.000983,0.102616,0.2746,0.0283,662,723,871,1555,0.002017,0.002351,0.000273,183,86,1,170,79,52,0,0,4,1,1,Exploit
udp,ssh,INT,0.4301,711,29,136512,1305,1720.6444,2539336.28,24275.04,19,5,0.000605,0.01483,0.0306,0.0678,1388,706,359,3572,0.004885,0.000479,0.003416,192,45,0,42,56,25,0,0,9,0,1,Exploit
tcp,ssl,CON,5.2937,70,37,15487,27491,30.319200000000002,18724.25,41545.47,33,0,0.0756,0.1431,0.0194,0.0149,1443,1317749,614613,44899,0.2145,0.0454,0.0561,177,743,2,4878,2,1,0,0,1,0,0,Normal
udp,http,RST,0.1567,436,2,32700,138,2795.1314,1669420.96,7045.26,10,4,0.000359,0.078351,0.2614,0.0522,961,778,124,3169,0.000372,0.003334,0.004139,75,69,0,39,97,14,0,0,1,1,1,Shellcode
tcp,http,INT,6.7826,60,53,39900,23638,24.990299999999998,37649.1,27880.62,6,0,0.113,0.128,0.0053,0.0006,57694,2670754,4601368,31712,0.0715,0.0786,0.0924,532,446,2,4948,4,2,0,0,0,0,0,Normal
tcp,dns,FIN,3.6812,61,45,45063,21780,43.19295,78347.14,47332.97,15,0,0.0603,0.0818,0.0163,0.0003,9834,7843373,6178540,9787,0.2496,0.0312,0.0832,591,484,0,2756,3,2,0,0,1,0,0,Normal
udp,-,CON,0.8681,243,26,29403,1872,309.8841,270974.65,17252.14,0,7,0.003572,0.033387,0.2851,0.0251,573,800,248,2631,0.007697,0.001054,0.001888,121,72,0,11,59,76,1,0,5,0,1,Backdoor
udp,ssl,INT,3.8659,77,57,43697,19950,51.9933,72341.48,41284.18,18,0,0.0502,0.0678,0.0181,0.0163,37700,7101185,2949361,8193,0.2494,0.062,0.0202,454,350,1,2485,3,3,0,0,0,0,0,Normal
tcp,http,REQ,0.0639,708,29,61596,1392,11540.7998,7716332.19,174380.39,32,0,9e-05,0.002202,0.276,0.0818,3520,843,639,3387,0.006487,0.001491,0.003611,87,48,0,2,67,74,1,0,7,1,1,Backdoor
udp,ftp,RST,1.3232,602,3,65016,174,457.2422,393098.27,1052.03,46,3,0.002198,0.44105,0.0457,0.0469,1997,663,273,2857,0.002071,0.000315,0.000294,108,58,0,84,86,39,0,0,0,1,1,Reconnaissance
tcp,ssl,FIN,2.4146,60,42,10350,15708,63.36435,27433.05,52043.28,16,0,0.0402,0.0575,0.0171,0.0088,25821,4424239,7861650,32280,0.0021,0.0521,0.0485,138,374,1,4116,2,3,0,0,0,0,0,Normal
tcp,-,INT,7.402,64,49,34400,4263,22.899,29743.12,4607.37,14,0,0.1157,0.1511,0.0176,0.0059,2573,1945653,6378836,62431,0.0472,0.0164,0.0582,430,87,0,1352,2,1,0,0,1,0,0,Normal
tcp,dns,FIN,1.8072,25,54,14250,37908,65.57085000000001,50464.7,167808.39,0,28,0.0723,0.0335,0.0043,0.0096,49642,4799912,7627306,14728,0.2661,0.0185,0.0801,456,702,0,208,1,4,0,0,0,0,0,Normal
tcp,http,FIN,2.7497,30,49,6975,16807,43.09545,16234.41,48898.16,0,17,0.0917,0.0561,0.011,0.0112,30638,7523558,4050789,36532,0.0565,0.0897,0.0173,186,343,2,3844,1,1,0,0,1,0,0,Normal
tcp,-,INT,4.515,74,3,50412,2028,25.581450000000004,71459.64,3593.36,70,0,0.061,1.505,0.0093,0.0012,8222,9591272,6427306,31650,0.1026,0.0903,0.018,545,676,1,2694,4,2,0,0,0,0,0,Normal
icmp,http,CON,0.2861,602,28,88494,756,2202.1483,2474627.41,21140.62,40,5,0.000475,0.010217,0.3816,0.0766,96,232,59,673,0.000834,0.001565,0.00083,147,27,0,23,36,67,0,0,8,0,1,Reconnaissance
udp,http,INT,8.7076,61,45,5871,33840,18.25995,4315.31,31090.06,14,0,0.1427,0.1935,0.0063,0.0119,21570,4008074,4249915,20461,0.2671,0.0632,0.0027,77,752,2,3580,4,4,0,0,0,0,0,Normal
tcp,-,INT,2.1957,25,3,18187,1218,19.1283,53012.91,4437.78,22,0,0.0878,0.7319,0.0022,0.0173,32910,9218686,7871522,28710,0.0867,0.0566,0.0351,582,406,1,3732,1,3,0,0,1,0,0,Normal
tcp,dns,CON,0.2851,77,9,54958,1008,452.48894999999993,1233772.38,28285.82,67,0,0.0037,0.0317,0.0088,0.013,44928,269468,9827838,59186,0.1068,0.0393,0.004,571,112,2,3612,1,4,0,0,1,0,0,Normal
udp,-,CON,4.0623,34,18,10965,1458,19.201050000000002,17274.98,2871.29,14,0,0.1195,0.2257,0.0021,0.0118,10933,6262921,6404226,17737,0.2438,0.0471,0.0163,258,81,2,4320,2,3,0,0,0,0,0,Normal
tcp,ssl,INT,2.1826,72,40,34920,14080,76.97279999999999,102395.84,51608.44,32,0,0.0303,0.0546,0.0064,0.0026,52197,1943449,5122187,47155,0.0627,0.074,0.0902,388,352,1,952,4,3,0,0,1,0,0,Normal
tcp,ssl,CON,0.684,63,5,33705,3580,149.11515,315352.24,41869.2,57,0,0.0109,0.1368,0.0041,0.0074,13387,3955825,7972077,26868,0.0963,0.0429,0.0821,428,716,1,2603,2,3,0,0,1,0,0,Normal
icmp,ssh,CON,1.0798,691,1,84302,67,640.8437,624559.58,496.38,4,0,0.001563,1.079827,0.362,0.0288,450,289,634,977,0.00566,0.000809,0.00149,122,67,1,30,21,17,0,0,3,1,1,Reconnaissance
tcp,ssh,CON,0.3133,644,8,90160,672,2081.1743,2302315.04,17160.11,33,5,0.000486,0.039161,0.0234,0.009,2882,791,84,1218,0.006743,0.00377,0.004098,140,84,1,140,43,30,0,0,6,1,1,Exploit
udp,ftp,CON,0.6158,741,15,74100,420,1227.771,962728.34,5456.76,46,9,0.000831,0.04105,0.1457,0.0533,3603,384,561,3786,0.000142,0.001589,0.000706,100,28,1,190,40,29,0,0,7,1,1,DoS
udp,-,INT,1.4797,38,3,12777,825,41.56245,55265.19,4460.36,34,0,0.0389,0.4932,0.0079,0.0149,24966,8843693,6859235,31798,0.2685,0.055,0.0693,269,275,0,709,1,4,0,0,1,0,0,Normal
udp,http,FIN,9.8479,42,32,4357,3072,11.271450000000002,2831.87,2495.56,10,0,0.2345,0.3077,0.0048,0.0113,20621,8617502,5406751,58218,0.2151,0.0232,0.0787,83,96,2,4719,1,4,0,0,0,0,0,Normal
tcp,-,CON,9.5953,76,59,22325,8909,21.1041,14890.64,7427.81,16,0,0.1263,0.1626,0.012,0.0133,61782,7061678,1496902,11732,0.2168,0.0503,0.0468,235,151,0,1394,3,4,0,0,0,0,0,Normal
tcp,dns,FIN,3.6467,19,21,4702,6426,16.45335,8253.02,14097.26,0,1,0.1919,0.1737,0.0045,0.0086,39936,2375859,6696745,47466,0.0433,0.0869,0.0522,198,306,2,2230,3,1,0,0,0,0,0,Normal
tcp,http,CON,4.4944,12,8,3810,5584,6.675000000000001,5425.42,9939.48,2,0,0.3745,0.5618,0.0101,0.0012,64049,4902654,7921433,39455,0.2286,0.0147,0.0091,254,698,2,3098,3,1,0,0,1,0,0,Normal
udp,http,REQ,0.8251,732,8,142008,704,896.8557,1376872.33,6825.8,9,9,0.001127,0.103138,0.12,0.0898,2807,212,116,3523,0.000292,0.001125,0.003458,194,88,0,42,29,42,0,0,6,0,1,DoS
udp,dns,INT,0.8862,40,40,2450,5320,135.4167,17694.45,48027.8,0,0,0.0222,0.0222,0.0033,0.0026,32288,6304833,4758184,5777,0.1678,0.0369,0.0601,49,133,2,218,4,3,0,0,0,0,0,Normal
udp,ssh,REQ,0.065,718,16,34464,896,11297.7602,4243771.19,110330.17,17,0,9e-05,0.004061,0.4288,0.0092,841,405,470,32,0.003653,0.002211,0.003855,48,56,0,79,38,74,0,0,1,0,1,DoS
udp,ssl,FIN,4.033,7,23,4611,2576,11.1579,7317.63,5109.84,0,14,0.5761,0.1753,0.0037,0.0052,65236,2692044,1200268,21902,0.1491,0.0068,0.0364,527,112,2,3352,1,3,0,0,1,0,0,Normal
icmp,-,RST,0.9278,635,12,74930,576,697.3821,646118.6,4966.83,28,8,0.001461,0.077313,0.1348,0.0108,1544,424,77,647,0.000201,0.000234,0.004343,118,48,0,169,46,71,0,0,3,0,1,DoS
icmp,http,INT,0.778,433,26,54558,104,589.9487,560983.41,1069.36,34,4,0.001797,0.029924,0.4178,0.0598,2767,567,279,790,0.005331,0.000909,0.003495,126,4,0,70,31,19,0,0,5,1,1,Shellcode
tcp,dns,CON,3.893,26,37,12090,1258,24.2745,19875.83,2585.17,0,9,0.1497,0.1052,0.0068,0.0016,47155,8947692,9502179,52602,0.1964,0.0114,0.0708,372,34,0,61,2,2,0,0,0,0,0,Normal
udp,dns,INT,0.2624,8,40,560,20960,274.37475,13657.77,638988.37,0,32,0.0328,0.0066,0.0101,0.002,27934,9981640,9923044,24002,0.2276,0.0232,0.0964,56,524,1,1636,1,2,0,0,0,0,0,Normal
tcp,ssl,CON,3.4499,44,16,15840,1760,26.087699999999998,29385.14,4081.27,27,0,0.0784,0.2156,0.0026,0.0024,22290,5094268,1086620,11521,0.2591,0.0143,0.0928,288,110,1,2690,1,4,0,0,1,0,0,Normal
udp,http,CON,6.8724,4,1,2640,720,1.09125,2458.53,838.14,2,0,1.7181,6.8724,0.0133,0.0175,55508,5996186,6209478,27243,0.0668,0.056,0.0795,528,720,0,1314,3,2,0,0,1,0,0,Normal
tcp,dns,INT,5.7409,41,50,6970,31550,23.77665,7770.19,43965.09,0,7,0.14,0.1148,0.0129,0.0092,48820,4877577,1555478,23716,0.2835,0.0322,0.0039,136,631,1,1340,3,3,0,0,0,0,0,Normal
tcp,ssh,CON,0.907,371,14,57505,966,424.4974,507235.86,8520.82,20,5,0.002445,0.064782,0.4436,0.0194,2965,136,643,2601,0.009552,0.00421,0.000113,155,69,0,190,73,50,0,0,0,0,1,Analysis
tcp,-,INT,0.5392,325,29,60450,1624,656.4849,896825.08,24093.37,47,2,0.001659,0.018594,0.4388,0.0763,3067,221,80,1497,0.000758,0.004798,0.000849,186,56,0,100,87,69,0,0,8,1,1,Botnet
tcp,http,CON,1.1466,21,1,1155,20,28.78065,6446.85,139.54,19,0,0.0546,1.1466,0.016,0.0175,8223,5837620,3806444,63385,0.0307,0.1,0.0293,44,20,1,2102,3,1,0,0,1,0,0,Normal
tcp,-,CON,1.2645,29,58,18306,522,103.20615000000001,92656.22,3302.6,0,28,0.0436,0.0218,0.0063,0.0093,7638,2449690,6629129,35760,0.2047,0.0802,0.0167,505,9,1,2820,3,2,0,0,0,0,0,Normal
udp,http,FIN,1.9102,76,5,33250,70,63.607200000000006,111404.19,293.17,71,0,0.0251,0.382,0.0022,0.0045,4839,1819027,9216624,35031,0.0502,0.0185,0.0505,350,14,2,1967,4,3,0,0,1,0,0,Normal
tcp,http,INT,9.2113,61,21,41632,8169,13.353150000000001,28926.24,7094.77,40,0,0.151,0.4386,0.0075,0.0153,34368,3200329,6519800,48164,0.1801,0.0688,0.0453,546,389,1,2129,2,4,0,0,0,0,0,Normal
icmp,http,INT,0.6555,576,12,108864,1068,897.0816,1328706.07,13035.15,48,2,0.001138,0.054622,0.3762,0.0851,2876,844,63,80,0.007348,0.003523,0.001716,189,89,0,20,67,11,0,0,7,0,1,Exploit
udp,dns,CON,2.541,22,39,1787,2886,36.009,4502.1,9086.06,0,17,0.1155,0.0652,0.0146,0.0122,23054,2125332,1665123,54200,0.2959,0.0548,0.0325,65,74,2,194,1,3,0,0,1,0,0,Normal
udp,http,CON,3.7863,42,49,21525,11907,36.0507,36383.48,25157.85,0,6,0.0902,0.0773,0.0051,0.0157,13235,8299448,3118826,39888,0.0558,0.0432,0.0636,410,243,1,3727,3,2,0,0,0,0,0,Normal
udp,ssh,RST,0.542,243,5,46413,30,457.6027,685119.81,442.84,39,2,0.00223,0.108391,0.2601,0.0979,452,299,832,164,0.004111,0.000668,0.004227,191,6,0,151,58,45,0,0,5,0,1,Analysis
icmp,-,CON,0.9057,456,29,47424,58,535.5268,418916.69,512.34,10,2,0.001986,0.031229,0.0691,0.0704,2157,168,835,835,0.004498,0.001125,0.004984,104,2,0,195,92,27,0,0,1,1,1,Exploit
tcp,-,FIN,6.4767,27,55,4387,18260,18.99135,4335.57,22554.86,0,27,0.2399,0.1178,0.0028,0.001,415,8353327,1038781,783,0.0498,0.0589,0.0373,130,332,0,2584,4,3,0,0,0,0,0,Normal
tcp,ssl,INT,6.2153,62,35,16817,15610,23.4099,17317.23,20092.31,25,0,0.1002,0.1776,0.0029,0.0177,31234,2221341,4988642,19502,0.25,0.0702,0.0085,217,446,0,3501,1,1,0,0,1,0,0,Normal
udp,-,RST,1.1468,639,13,90738,1040,568.5224,632964.27,7254.76,37,4,0.001795,0.088218,0.2963,0.0533,2770,565,405,2491,0.008122,0.004317,0.003225,142,80,0,22,51,63,0,0,6,1,1,Botnet
tcp,-,FIN,8.3277,78,25,36172,19775,18.55245,27799.19,18996.78,53,0,0.1068,0.3331,0.0005,0.0073,47032,8762044,671162,13584,0.1269,0.0958,0.0682,371,791,1,848,4,1,0,0,0,0,0,Normal
udp,ftp,CON,0.7407,124,28,9424,420,205.2155,101786.91,4536.34,21,0,0.005973,0.026453,0.4467,0.0685,2543,861,755,2008,0.008595,0.001668,0.004635,76,15,0,102,39,53,0,0,5,1,1,Reconnaissance
tcp,-,FIN,1.963,65,20,6743,10460,64.95015000000001,21986.26,42627.67,45,0,0.0302,0.0982,0.0018,0.0152,16967,575277,4972361,32802,0.0536,0.0623,0.0937,83,523,1,3892,3,4,0,0,0,0,0,Normal
tcp,http,CON,1.1274,23,12,11442,3192,46.566,64954.73,22649.72,9,0,0.049,0.094,0.0122,0.0008,14221,1061832,4484021,42104,0.1104,0.0308,0.0812,398,266,0,4249,4,4,0,0,0,0,0,Normal
udp,http,CON,4.395,55,3,8112,1944,19.7952,11813.37,3538.55,51,0,0.0799,1.465,0.0073,0.0047,20233,5440924,9700541,8815,0.0742,0.0366,0.0851,118,648,1,186,2,2,0,0,1,0,0,Normal
tcp,http,INT,4.6465,19,19,3396,5624,12.26715,4677.89,9682.91,0,0,0.2446,0.2446,0.0177,0.0038,55268,6740370,9190161,17649,0.0194,0.0465,0.0852,143,296,0,169,2,1,0,0,0,0,0,Normal
tcp,ftp,CON,1.2634,195,19,13065,1653,169.3843,82729.2,10467.0,44,9,0.006479,0.066495,0.1884,0.0967,1291,409,495,151,0.004165,0.002186,0.002333,67,87,0,194,42,49,0,3,2,0,1,Backdoor
tcp,http,CON,8.7239,77,39,56017,17043,19.94505,41095.18,15628.71,37,0,0.1133,0.2237,0.0006,0.0058,57314,8690765,9867217,7462,0.126,0.0451,0.0658,582,437,1,1830,4,4,0,0,1,0,0,Normal
udp,-,INT,3.7869,71,59,30885,17346,51.4938,52197.34,36644.61,10,0,0.0533,0.0642,0.0018,0.0058,55125,8121722,9388732,16108,0.2511,0.0576,0.0959,348,294,0,4791,2,2,0,0,1,0,0,Normal
tcp,ssl,INT,4.2753,55,20,9418,10860,26.3139,14099.58,20321.36,35,0,0.0777,0.2138,0.0009,0.0066,20180,7628155,255912,16532,0.2391,0.0775,0.0336,137,543,1,1660,4,4,0,0,0,0,0,Normal
udp,http,REQ,0.4415,580,28,23780,1484,1377.2008,430918.88,26891.66,13,3,0.000761,0.015767,0.1428,0.0025,971,489,215,1624,0.00579,0.002962,0.002753,41,53,1,142,47,52,0,0,7,1,1,Reconnaissance
tcp,ssh,CON,0.0091,691,5,89139,180,76538.7565,78420554.18,158356.05,31,0,1.3e-05,0.001819,0.1735,0.0338,3769,976,776,1652,0.005134,0.002277,0.000462,129,36,0,42,80,60,0,0,7,1,1,DoS
udp,-,INT,0.8574,35,12,21262,6756,82.22279999999999,158707.48,63035.14,23,0,0.0245,0.0715,0.0199,0.0053,62305,6030367,4454439,35591,0.0022,0.0265,0.0142,486,563,0,4552,4,1,0,0,0,0,0,Normal
udp,ssl,FIN,6.9781,9,4,2891,1552,2.7945,2651.73,1779.29,5,0,0.7753,1.7445,0.0049,0.0114,17614,3558778,5778650,9101,0.2553,0.0111,0.0398,257,388,1,415,1,1,0,0,0,0,0,Normal
tcp,ftp,REQ,0.6779,276,5,19320,300,414.5039,227991.89,3540.25,36,0,0.002456,0.135584,0.1699,0.0486,283,718,195,3816,0.006845,0.003967,0.001745,70,60,1,142,76,63,0,0,2,1,1,Botnet
tcp,dns,CON,6.7306,52,27,34255,5400,17.606099999999998,32572.37,6418.43,25,0,0.1294,0.2493,0.0061,0.0172,56487,2399125,4402563,5646,0.0856,0.0476,0.0628,527,200,1,4195,2,1,0,0,1,0,0,Normal
tcp,http,RST,0.3217,391,7,73117,84,1237.0119,1818022.06,2088.62,44,9,0.000823,0.045963,0.4198,0.0575,2310,783,667,1483,0.008029,0.002451,0.00102,187,12,0,58,48,31,0,0,8,0,1,Botnet
udp,ssl,INT,0.3778,74,11,43197,594,337.49535000000003,731806.36,12578.65,61,0,0.0051,0.0343,0.0151,0.0101,19268,2935791,5349450,48382,0.0021,0.0294,0.0356,467,54,2,991,1,3,0,0,0,0,0,Normal
tcp,ssl,INT,0.167,18,38,6097,17746,503.03835000000004,233697.26,850182.79,0,18,0.0093,0.0044,0.0031,0.0147,39420,6326078,2230110,14056,0.2228,0.0667,0.0135,271,467,2,1535,1,3,0,0,0,0,0,Normal
udp,http,FIN,7.0613,7,53,3710,33072,12.7455,3362.55,37468.37,0,44,1.0088,0.1332,0.007,0.0166,42803,3553932,4484681,26001,0.1754,0.039,0.04,424,624,2,4852,2,3,0,0,0,0,0,Normal
udp,http,INT,8.959,76,12,18240,7776,14.733899999999998,13030.1,6943.67,63,0,0.1179,0.7466,0.0071,0.003,2562,1999816,1096225,12306,0.0419,0.0441,0.0802,192,648,1,219,4,4,0,0,0,0,0,Normal
udp,ssh,RST,1.3452,421,15,47152,1395,324.1165,280417.24,8296.19,6,4,0.003195,0.08968,0.1083,0.0858,3899,205,498,1470,0.000296,0.004262,0.002428,112,93,1,56,61,78,0,0,1,0,1,Worm
udp,http,INT,9.4311,58,17,18487,6205,11.9286,12545.77,5263.46,39,0,0.1626,0.5548,0.0155,0.0141,47527,8823664,4030660,35106,0.2253,0.0301,0.083,255,365,1,364,2,1,0,0,1,0,0,Normal
udp,ssl,FIN,6.6353,12,56,3840,40040,15.37245,3703.85,48275.48,0,42,0.5529,0.1185,0.0149,0.0145,33369,1048141,6894049,9525,0.1009,0.0114,0.0406,256,715,1,746,3,1,0,0,1,0,0,Normal
tcp,-,FIN,6.0711,70,41,51100,10619,27.42525,53868.72,13992.95,29,0,0.0867,0.1481,0.0106,0.0144,3566,1301637,5026730,65250,0.1414,0.0734,0.0212,584,259,0,1808,1,1,0,0,0,0,0,Normal
icmp,ssh,RST,1.0107,441,3,29547,123,439.2922,233869.65,973.57,12,9,0.002292,0.336906,0.1714,0.0778,2153,95,72,1553,0.007974,0.00225,0.002754,67,41,1,85,26,51,0,0,4,0,1,Exploit
udp,dns,CON,4.9342,22,50,15290,31350,21.88815,19832.3,50829.19,0,26,0.2243,0.0987,0.0116,0.0052,5672,2795076,351080,11072,0.0787,0.0604,0.0082,556,627,2,3355,2,1,0,0,0,0,0,Normal
tcp,ssl,FIN,4.3538,17,13,10242,6669,10.33575,15056.1,12253.98,2,0,0.2561,0.3349,0.0143,0.0194,32975,6732130,5007051,1173,0.1964,0.0259,0.0154,482,513,1,1011,4,2,0,0,0,0,0,Normal
tcp,ftp,INT,0.9248,585,5,38610,5,637.9465,333981.24,43.25,16,8,0.001581,0.184968,0.2541,0.0801,469,632,319,3449,0.008168,0.002039,0.001545,66,1,0,193,79,78,0,0,0,0,1,Reconnaissance
tcp,-,RST,0.2401,406,25,56028,350,1795.3398,1867086.72,11663.46,46,5,0.000591,0.009603,0.2091,0.064,2189,367,280,3443,0.001049,0.002093,0.004366,138,14,1,175,29,48,0,0,2,1,1,Shellcode
udp,http,REQ,0.8272,108,10,13284,330,142.6414,128464.27,3191.3,14,5,0.00766,0.082725,0.3443,0.0429,2466,901,972,2248,0.00302,0.002221,0.001641,123,33,0,117,25,10,0,0,9,1,1,Botnet
udp,ssl,INT,7.2167,23,7,6411,1239,6.2355,5685.73,1373.49,14,0,0.3138,1.031,0.0037,0.0133,19011,312316,9724437,59556,0.0334,0.0779,0.0528,223,177,2,3233,1,1,0,0,0,0,0,Normal
udp,-,CON,0.1894,15,34,9656,13906,388.07295,326298.1,587378.83,0,18,0.0126,0.0056,0.0015,0.0156,22212,635481,3192878,60203,0.2682,0.0142,0.0062,515,409,2,2967,2,1,0,0,0,0,0,Normal
udp,ssl,FIN,6.1788,47,16,9517,6992,15.294149999999998,9858.22,9052.88,29,0,0.1315,0.3862,0.0018,0.0043,20812,9536970,4905912,64430,0.1206,0.0482,0.036,162,437,2,3285,1,4,0,0,1,0,0,Normal
tcp,http,FIN,5.2759,20,53,9000,1272,20.7549,10917.66,1928.79,0,31,0.2638,0.0995,0.0102,0.001,55061,3237454,2177315,44393,0.1153,0.0952,0.0525,360,24,2,439,2,1,0,0,1,0,0,Normal
udp,-,FIN,7.3488,31,57,22010,3306,17.96205,19168.22,3598.94,0,26,0.2371,0.1289,0.0033,0.003,54608,286075,2431883,10504,0.273,0.0766,0.0678,568,58,0,3667,1,3,0,0,1,0,0,Normal
tcp,dns,FIN,7.7272,54,9,9315,1413,12.229500000000002,7715.09,1462.88,43,0,0.1431,0.8586,0.0141,0.0048,57503,2169922,5764074,23780,0.2186,0.0277,0.0858,138,157,0,509,2,2,0,0,0,0,0,Normal
tcp,ssl,INT,6.3775,37,26,20581,20540,14.81775,20653.86,25765.58,10,0,0.1724,0.2453,0.0164,0.0142,60966,7768099,9660186,61120,0.259,0.0037,0.0487,445,790,2,2834,1,1,0,0,0,0,0,Normal
tcp,ssl,INT,1.8915,30,46,12337,12558,60.27015,41745.02,53113.88,0,16,0.063,0.0411,0.0054,0.009,30309,1495468,7410922,15741,0.2849,0.0674,0.0477,329,273,0,3993,1,2,0,0,0,0,0,Normal
tcp,-,CON,8.3851,48,26,23580,11986,13.237650000000002,17997.55,11435.47,21,0,0.1747,0.3225,0.0036,0.0152,24420,164054,9183609,37835,0.0087,0.0076,0.0384,393,461,1,1671,2,2,0,0,0,0,0,Normal
tcp,dns,INT,0.8609,47,59,16685,10325,184.68255,124032.39,95942.04,0,11,0.0183,0.0146,0.0097,0.0178,4020,1575534,9402456,39070,0.2421,0.0399,0.0422,284,175,2,3736,4,1,0,0,0,0,0,Normal
udp,http,FIN,0.8556,53,54,32396,26460,187.5894,242330.43,247407.61,0,0,0.0161,0.0158,0.0178,0.0015,21018,6351220,5423780,34403,0.2362,0.0447,0.091,489,490,2,643,1,2,0,0,1,0,0,Normal
udp,ftp,INT,0.1812,129,13,7353,130,783.4512,324547.4,5737.95,26,3,0.001405,0.013942,0.3292,0.0254,874,380,597,1397,0.004489,0.003078,0.002171,57,10,0,74,70,64,0,0,7,1,1,Exploit
udp,http,FIN,0.8461,49,32,29400,7648,143.595,222377.34,72310.45,17,0,0.0173,0.0264,0.0193,0.0116,13927,6506960,6470676,58140,0.2135,0.0705,0.0126,480,239,1,2729,3,3,0,0,1,0,0,Normal
icmp,ssh,REQ,1.2424,128,23,7808,1840,121.5395,50277.09,11848.09,49,0,0.009706,0.054017,0.0639,0.0463,1036,357,39,1192,0.002526,0.002638,0.003824,61,80,1,178,66,29,0,0,7,0,1,Exploit
tcp,http,INT,7.8869,46,37,11730,19795,15.785699999999999,9518.56,20078.85,9,0,0.1715,0.2132,0.0098,0.0175,9852,4097046,1431574,4023,0.0096,0.0574,0.0406,204,535,1,781,1,4,0,0,0,0,0,Normal
tcp,ssh,RST,1.0893,201,17,16281,1462,200.1222,119566.6,10736.83,28,5,0.00542,0.064078,0.4545,0.0204,3732,546,714,1810,0.004087,0.0002,0.001724,81,86,1,51,23,47,0,0,2,1,1,Reconnaissance
udp,ssl,CON,6.4477,58,21,43137,4662,18.37845,42818.09,5784.35,37,0,0.1112,0.307,0.0146,0.0,63406,4663596,7352041,59303,0.2844,0.0426,0.04,595,222,0,2848,3,2,0,0,1,0,0,Normal
tcp,-,INT,2.5229,51,16,17467,2320,39.834450000000004,44310.11,7356.48,35,0,0.0495,0.1577,0.0067,0.0149,60995,4837047,4823331,18840,0.1889,0.0347,0.0686,274,145,0,1727,3,3,0,0,0,0,0,Normal
udp,dns,INT,8.9373,53,9,25837,3888,10.4058,18502.3,3480.26,44,0,0.1686,0.993,0.0084,0.0049,24765,5606911,2698815,45986,0.2703,0.0762,0.0018,390,432,2,4429,4,1,0,0,1,0,0,Normal
tcp,-,CON,2.9862,16,29,11260,10382,22.6041,24132.51,27813.47,0,11,0.1866,0.103,0.0034,0.0,45520,3389018,6271371,34577,0.0017,0.0001,0.0502,563,358,2,1527,3,3,0,0,0,0,0,Normal
tcp,ssl,INT,2.7758,14,47,3395,29704,32.96295,7827.52,85606.97,0,31,0.1983,0.0591,0.0169,0.0062,55690,7277258,6950287,59815,0.2734,0.0419,0.0963,194,632,0,2338,4,2,0,0,1,0,0,Normal
tcp,dns,CON,9.7237,30,15,6562,6210,6.941699999999999,4319.32,5109.14,13,0,0.3241,0.6482,0.005,0.0036,16444,9476995,8704848,42197,0.2087,0.007,0.087,175,414,1,3886,2,2,0,0,0,0,0,Normal
udp,ssl,CON,7.1024,77,18,22522,13140,20.06355,20295.08,14800.61,57,0,0.0922,0.3946,0.0049,0.0007,37866,641230,4944009,50365,0.0484,0.0865,0.0646,234,730,0,2617,2,3,0,0,1,0,0,Normal
tcp,-,FIN,0.6232,11,50,5376,19750,146.82975,55214.38,253541.99,0,37,0.0567,0.0125,0.0169,0.0064,59068,8307969,4016324,29298,0.0865,0.0605,0.0286,391,395,0,154,3,2,0,0,0,0,0,Normal
icmp,-,RST,0.2322,408,9,80376,513,1795.6054,2768797.67,17671.86,20,0,0.000569,0.025804,0.4486,0.0401,299,956,808,3669,0.00568,0.00118,0.000136,197,57,0,99,32,73,0,0,0,1,1,DoS
udp,-,INT,1.4704,284,11,40612,22,200.6249,220956.68,119.69,49,0,0.005177,0.133673,0.2202,0.0511,3024,380,569,3462,0.004525,0.001184,0.000914,143,2,0,14,30,14,0,0,8,0,1,Exploit
udp,-,FIN,7.5236,21,25,12678,9800,9.171149999999999,10785.24,10420.52,0,3,0.3583,0.3009,0.0177,0.002,252,6556388,1543399,8924,0.2911,0.0694,0.0361,483,392,0,1196,4,2,0,0,0,0,0,Normal
tcp,ssh,INT,0.4651,279,25,20367,1700,653.587,350305.45,29239.42,39,4,0.001667,0.018605,0.0615,0.0417,379,606,463,1311,0.00277,0.00012,0.00043,73,68,1,189,97,40,0,0,3,0,1,Botnet
udp,dns,CON,5.6627,42,46,23835,1564,23.31045,26938.43,2209.55,0,4,0.1348,0.1231,0.0089,0.0097,30615,5663653,2234231,40547,0.0566,0.0925,0.007,454,34,1,3055,3,2,0,0,1,0,0,Normal
udp,ftp,REQ,0.0949,89,24,8633,2136,1191.137,728006.06,180125.21,4,0,0.001066,0.003953,0.3052,0.0365,3223,407,926,834,0.003863,0.000195,0.000271,97,89,0,34,53,11,0,0,4,1,1,Generic
tcp,http,CON,6.4057,18,25,13050,11200,10.06905,13038.33,13987.48,0,7,0.3559,0.2562,0.0066,0.0109,40836,9965005,405790,12401,0.2236,0.0349,0.0613,580,448,2,2227,4,1,0,0,1,0,0,Normal
udp,ssl,FIN,4.3999,52,3,20215,807,18.7503,29404.16,1467.3,47,0,0.0846,1.4666,0.0182,0.0138,40575,8897691,4047635,12916,0.012,0.0412,0.0297,311,269,0,1774,2,3,0,0,0,0,0,Normal
tcp,http,FIN,7.3917,29,36,4350,27828,13.1904,3766.37,30118.0,0,6,0.2549,0.2053,0.0101,0.0086,25539,5642169,6951798,19927,0.1373,0.0476,0.0396,120,773,0,4281,1,1,0,0,1,0,0,Normal
udp,ssl,INT,1.9328,4,38,2205,27816,32.595749999999995,7301.44,115134.19,0,34,0.4832,0.0509,0.018,0.0164,10532,6675453,9407410,33408,0.0724,0.042,0.0876,441,732,2,1388,1,4,0,0,0,0,0,Normal
udp,-,FIN,6.6793,67,46,3350,35328,25.376849999999997,3209.92,42313.43,20,0,0.0997,0.1452,0.0196,0.0031,3109,5932008,4070793,46375,0.0713,0.0103,0.071,40,768,2,4225,3,4,0,0,0,0,0,Normal
tcp,ssl,INT,0.4116,23,37,5175,18241,218.64600000000002,80461.73,354517.48,0,12,0.0179,0.0111,0.0127,0.0,2654,7529989,470143,49290,0.1197,0.0199,0.0699,180,493,0,372,4,1,0,0,0,0,0,Normal
udp,http,INT,5.4467,58,5,15587,2370,17.349899999999998,18315.64,3481.0,51,0,0.0939,1.0893,0.0181,0.0047,3728,887768,389860,55442,0.22,0.082,0.0681,215,474,2,684,4,2,0,0,1,0,0,Normal
udp,ssl,INT,4.0232,15,14,8287,9184,10.812149999999999,13183.42,18261.92,1,0,0.2682,0.2874,0.0157,0.007,22770,1067332,8350933,53238,0.2107,0.0392,0.0446,442,656,2,2288,2,1,0,0,1,0,0,Normal
udp,ssl,FIN,4.2901,71,5,30441,2690,26.5728,45412.32,5016.18,66,0,0.0604,0.858,0.0103,0.0176,22577,2353596,7579549,36533,0.0799,0.0439,0.0359,343,538,2,4009,3,3,0,0,1,0,0,Normal
udp,-,INT,4.9299,76,12,24415,6288,26.7753,31695.42,10203.81,62,0,0.0649,0.4108,0.0153,0.0102,36377,8651362,771968,60829,0.11,0.0479,0.0338,257,524,0,1314,4,2,0,0,0,0,0,Normal
udp,http,FIN,9.2239,71,3,4348,1854,12.03405,3017.39,1608.0,68,0,0.1299,3.0746,0.0199,0.0067,43337,5077006,1221095,22463,0.1882,0.0924,0.0756,49,618,2,3446,4,3,0,0,0,0,0,Normal
tcp,http,INT,6.0667,44,21,20075,15330,16.0713,21177.89,20215.26,21,0,0.1379,0.2889,0.0183,0.0159,14668,2820046,7000769,8839,0.0003,0.0514,0.0009,365,730,0,1887,3,1,0,0,0,0,0,Normal
tcp,http,INT,7.311,56,26,40530,11492,16.823999999999998,35479.9,12575.1,29,0,0.1306,0.2812,0.0028,0.0194,56714,2949021,2975497,17162,0.2506,0.0687,0.0556,579,442,1,3510,1,4,0,0,1,0,0,Normal
udp,ssl,CON,0.5537,7,28,2773,13608,94.8162,32060.54,196611.03,0,21,0.0791,0.0198,0.0117,0.0093,52983,3048631,5129371,53124,0.2456,0.0538,0.0417,317,486,2,4273,4,3,0,0,1,0,0,Normal
udp,dns,CON,0.0603,27,24,16875,16080,1267.9893,1790102.5,2132210.97,3,0,0.0022,0.0025,0.0149,0.015,46930,1485374,8391780,58047,0.0719,0.0687,0.0671,500,670,0,3208,3,3,0,0,1,0,0,Normal
icmp,ssh,INT,1.2662,696,0,39672,0,549.6768,250652.63,0.0,10,1,0.001819,1.266199,0.2255,0.0121,3454,802,228,2899,0.006985,0.003071,0.001444,57,0,0,160,20,70,0,0,1,0,1,Analysis
udp,dns,FIN,5.8715,5,15,1612,11760,5.10945,1757.64,16023.14,0,9,1.1743,0.3914,0.0161,0.007,59365,1382564,1195733,42435,0.2084,0.0653,0.092,258,784,2,2898,1,1,0,0,0,0,0,Normal
icmp,ssh,INT,0.7749,216,2,18360,4,281.3348,189552.55,41.3,48,4,0.003587,0.387439,0.3095,0.0572,1943,671,802,405,0.000845,0.003281,0.001248,85,2,1,199,27,53,0,0,1,1,1,Generic
udp,-,INT,0.5518,17,37,12473,1924,146.80065,144683.89,27895.76,0,19,0.0325,0.0149,0.0091,0.0043,37680,3005957,2320104,32972,0.2734,0.019,0.0407,587,52,2,2791,1,3,0,0,0,0,0,Normal
tcp,-,CON,9.4914,7,27,3447,21087,5.3732999999999995,2324.63,17773.53,0,18,1.3559,0.3515,0.0176,0.0045,62583,1728575,9668609,53485,0.0023,0.0574,0.0655,394,781,0,4318,2,2,0,0,0,0,0,Normal
icmp,-,CON,0.5052,548,26,37812,286,1136.2734,598812.14,4529.26,34,4,0.000922,0.019429,0.1128,0.0964,1897,286,202,2113,0.007979,0.003619,0.004432,69,11,1,90,98,19,0,0,4,0,1,Exploit
udp,http,INT,3.1222,19,8,13157,392,12.971400000000001,26970.35,1004.41,9,0,0.1643,0.3903,0.0078,0.0123,27142,9189541,6207495,64188,0.2464,0.0959,0.009,554,49,0,367,3,1,0,0,0,0,0,Normal
udp,-,FIN,5.9473,72,4,5040,1288,19.1685,5423.68,1732.56,66,0,0.0826,1.4868,0.0079,0.0151,53614,2383657,3693461,38892,0.0306,0.0959,0.0964,56,322,1,1633,1,4,0,0,0,0,0,Normal
udp,dns,INT,3.5186,49,14,13781,4942,26.8575,25066.94,11236.36,33,0,0.0718,0.2513,0.0193,0.0119,37929,1256825,8135703,61437,0.112,0.0451,0.0929,225,353,0,195,3,1,0,0,0,0,0,Normal
udp,http,FIN,5.3373,44,31,8910,17422,21.077849999999998,10683.96,26113.35,11,0,0.1213,0.1722,0.0132,0.012,14538,2863093,6822151,23087,0.2894,0.0687,0.0876,162,562,0,1937,1,4,0,0,1,0,0,Normal
tcp,-,INT,7.8834,15,55,5606,33935,13.3191,4551.34,34436.98,0,40,0.5256,0.1433,0.0071,0.0102,23762,5884847,6512097,28672,0.1388,0.0775,0.0635,299,617,1,4801,4,1,0,0,1,0,0,Normal
tcp,http,FIN,9.1865,69,46,33292,22908,18.7776,23194.12,19949.34,22,0,0.1331,0.1997,0.0112,0.0048,8757,2109347,9846444,65528,0.0517,0.067,0.0066,386,498,1,1203,1,2,0,0,0,0,0,Normal
tcp,ssl,CON,2.5691,5,2,1562,742,4.08705,3892.42,2310.54,3,0,0.5138,1.2845,0.0025,0.0143,54428,7892760,5010859,6010,0.1104,0.0137,0.0321,250,371,1,491,3,1,0,0,1,0,0,Normal
udp,dns,CON,5.4813,6,27,1102,15822,9.0306,1287.28,23092.25,0,20,0.9136,0.203,0.0163,0.0163,40663,5930886,3591466,16565,0.2488,0.0181,0.0975,147,586,0,552,3,1,0,0,0,0,0,Normal
tcp,http,INT,6.8875,54,37,15120,8917,19.818450000000002,14049.8,10357.31,15,0,0.1275,0.1861,0.0133,0.005,6317,9139246,6584709,39561,0.1589,0.0905,0.0594,224,241,0,2098,3,4,0,0,1,0,0,Normal
tcp,ftp,RST,0.3092,419,10,74582,750,1387.2344,1929374.65,19401.88,44,1,0.000738,0.030925,0.1121,0.0237,3583,468,244,2253,0.002027,0.00197,0.003245,178,75,1,142,46,77,0,4,9,0,1,Backdoor
udp,dns,FIN,1.9238,51,23,22567,5520,57.697199999999995,75075.06,22954.16,26,0,0.0377,0.0836,0.0002,0.0054,52393,8981023,3038325,48343,0.0751,0.0926,0.0155,354,240,0,4810,4,2,0,0,0,0,0,Normal
icmp,ssh,REQ,0.0883,713,9,134757,873,8175.5118,12207284.66,79082.79,47,2,0.000124,0.009813,0.293,0.042,1731,231,904,2866,0.006671,0.000636,0.002858,189,97,0,101,77,32,0,0,8,0,1,Shellcode
udp,dns,FIN,0.2304,41,18,18501,13284,384.14970000000005,513970.61,461292.18,23,0,0.0056,0.0128,0.0009,0.0065,33279,9905382,6205932,32030,0.2602,0.0424,0.0851,361,738,1,1770,2,2,0,0,1,0,0,Normal
udp,-,FIN,0.2622,17,21,10880,9681,217.37295,265545.93,295352.73,0,3,0.0154,0.0125,0.0117,0.0187,34446,8671090,9803891,41178,0.2296,0.083,0.0741,512,461,2,226,3,1,0,0,1,0,0,Normal
udp,http,INT,4.9257,75,59,44437,45017,40.80615,57737.62,73113.21,15,0,0.0657,0.0835,0.0009,0.0139,43868,4311375,7783144,16393,0.2697,0.0734,0.0219,474,763,1,1571,4,4,0,0,1,0,0,Normal
tcp,-,INT,7.0933,58,17,22040,11356,15.85995,19885.72,12807.52,39,0,0.1223,0.4173,0.0024,0.0006,35944,7514298,1709467,28250,0.1064,0.0599,0.0845,304,668,1,4440,2,4,0,0,0,0,0,Normal
tcp,http,FIN,7.5245,75,48,38156,1968,24.5199,32454.01,2092.37,26,0,0.1003,0.1568,0.0117,0.0115,39226,5085925,862678,6917,0.0481,0.0192,0.0286,407,41,2,1233,1,1,0,0,1,0,0,Normal
tcp,http,FIN,2.9361,76,9,40280,5796,43.4253,87801.43,15792.49,65,0,0.0386,0.3262,0.0055,0.0163,52124,8580272,2621749,45438,0.2582,0.0731,0.0585,424,644,1,2559,3,4,0,0,1,0,0,Normal
tcp,-,FIN,4.465,79,53,22416,21624,44.3448,32130.72,38743.92,26,0,0.0565,0.0842,0.011,0.0142,9341,877102,5035181,13320,0.2147,0.048,0.0887,227,408,0,3348,4,2,0,0,0,0,0,Normal
tcp,http,CON,0.1425,74,43,28397,17372,1231.92345,1275753.32,975543.03,29,0,0.0019,0.0033,0.0187,0.0088,27521,8285081,2105763,25145,0.1874,0.0914,0.0933,307,404,2,3217,4,4,0,0,0,0,0,Normal
udp,-,CON,0.0668,30,3,10612,612,741.04905,1016809.14,73296.49,27,0,0.0022,0.0223,0.0022,0.0085,48052,4742267,2772826,48489,0.1225,0.0266,0.0344,283,204,1,4255,1,1,0,0,1,0,0,Normal
tcp,dns,FIN,4.593,35,13,23581,2067,15.67605,32858.78,3600.27,22,0,0.1312,0.3533,0.0165,0.012,10062,6751946,2057578,54918,0.2198,0.0192,0.0826,539,159,0,1183,1,4,0,0,0,0,0,Normal
udp,ssh,RST,0.8148,339,10,17967,600,428.309,176399.49,5890.78,33,1,0.002404,0.081483,0.3725,0.0424,3892,926,721,3611,0.001937,0.004944,0.003038,53,60,1,130,98,35,0,0,2,0,1,Shellcode
tcp,-,CON,3.6403,58,18,15950,14148,31.315799999999996,28041.4,31091.67,38,0,0.0628,0.2022,0.0105,0.0119,33775,5897603,6798183,31757,0.0484,0.0331,0.077,220,786,2,2193,4,2,0,0,0,0,0,Normal
tcp,ssl,CON,0.0084,13,31,4436,13237,7891.919249999999,3394960.18,12662464.91,0,18,0.0006,0.0003,0.0031,0.0198,35856,8328962,5319939,18599,0.1346,0.0234,0.0625,273,427,0,2699,3,2,0,0,0,0,0,Normal
udp,http,FIN,3.287,38,43,22657,10750,36.9639,44115.66,26163.7,0,3,0.0865,0.0764,0.0033,0.0155,34133,5451284,5344905,52215,0.2774,0.0382,0.0369,477,250,2,966,1,1,0,0,0,0,0,Normal
tcp,ssl,INT,9.5086,9,18,3757,9144,4.25925,2529.08,7693.23,0,8,1.0565,0.5283,0.0055,0.0052,9423,7809893,6772553,61343,0.0829,0.0055,0.0513,334,508,2,3407,3,4,0,0,1,0,0,Normal
tcp,dns,FIN,2.9099,49,1,28297,615,25.7739,62236.61,1690.76,46,0,0.0594,2.9099,0.0063,0.0196,37046,8240399,8363574,39020,0.1411,0.0307,0.065,462,615,1,4895,2,1,0,0,0,0,0,Normal
udp,ssl,INT,8.3304,45,48,22387,33360,16.74585,17199.58,32036.73,0,3,0.1851,0.1736,0.0155,0.0137,2096,3888217,8381268,51587,0.1918,0.0692,0.0865,398,695,2,1412,1,2,0,0,0,0,0,Normal
udp,dns,CON,1.8523,48,49,33900,7693,78.552,117131.64,33226.17,0,1,0.0386,0.0378,0.0175,0.0179,48145,4681278,4157307,54148,0.1862,0.0025,0.0444,565,157,1,2510,2,3,0,0,1,0,0,Normal
tcp,ftp,INT,1.2939,630,28,61740,2464,508.5205,381714.97,15233.98,17,9,0.002054,0.046212,0.3159,0.0361,3293,921,576,1726,0.008724,0.002254,0.001904,98,88,0,10,21,25,0,4,7,0,1,Backdoor
udp,ssl,FIN,2.3062,59,30,37170,3000,57.8883,103153.03,10406.88,28,0,0.0391,0.0769,0.0064,0.0076,22985,8994317,6958734,6361,0.1103,0.0047,0.0435,504,100,1,2123,1,1,0,0,1,0,0,Normal
tcp,ssh,INT,0.1803,138,3,10074,93,782.1432,447053.06,4127.05,27,3,0.001306,0.060091,0.1366,0.0276,2990,162,583,1920,0.00314,0.004068,0.000196,73,31,0,52,27,50,0,0,6,0,1,Reconnaissance
udp,ssh,RST,0.7807,537,9,87531,873,699.3663,896941.15,8945.74,35,2,0.001454,0.086745,0.1425,0.0323,4013,382,692,2320,0.004813,0.004296,0.004912,163,97,1,44,69,32,0,4,8,0,1,Backdoor
udp,dns,INT,1.4981,54,57,24165,20805,111.13905,103233.19,111099.03,0,3,0.0277,0.0263,0.0028,0.0115,64840,3164951,1635460,21897,0.0768,0.0985,0.0377,358,365,0,3905,1,4,0,0,0,0,0,Normal
tcp,http,CON,3.2261,28,57,2800,3705,39.5214,5554.69,9187.56,0,28,0.1152,0.0566,0.0124,0.0076,9642,361852,6889613,17445,0.111,0.0832,0.0852,80,65,2,4288,1,1,0,0,0,0,0,Normal
udp,dns,FIN,5.1717,34,3,7522,198,10.73145,9309.13,306.28,29,0,0.1521,1.7239,0.0043,0.0157,2919,4633771,1928100,53331,0.0878,0.0639,0.0084,177,66,2,4979,4,2,0,0,1,0,0,Normal
tcp,ssl,INT,0.194,50,32,6187,12800,634.1331,204159.91,527928.67,16,0,0.0039,0.0061,0.0107,0.0107,5478,9949552,1029087,49125,0.2313,0.0614,0.0214,99,400,2,2028,4,2,0,0,1,0,0,Normal
udp,http,INT,6.7164,48,24,23160,13104,16.080000000000002,22068.91,15608.32,22,0,0.1399,0.2799,0.0131,0.0046,19596,1461912,8060783,23910,0.0614,0.053,0.0939,386,546,1,307,2,2,0,0,0,0,0,Normal
udp,ftp,CON,0.7062,536,4,74504,36,764.6946,844041.52,407.84,23,9,0.001317,0.176541,0.2086,0.0725,324,117,372,1674,0.00518,0.00026,0.000543,139,9,0,61,94,40,0,0,2,0,1,Reconnaissance
udp,ftp,REQ,0.6449,324,13,24624,273,522.5935,305479.92,3386.78,10,2,0.00199,0.049605,0.4099,0.0385,4020,317,957,404,0.00039,0.003131,0.001575,76,21,0,148,61,54,0,0,5,1,1,Worm
udp,dns,FIN,7.5456,23,28,8481,11872,10.138349999999999,7193.63,12587.01,0,5,0.3281,0.2695,0.0184,0.0179,6565,7254107,927796,56995,0.013,0.0146,0.0445,295,424,2,2401,2,2,0,0,1,0,0,Normal
udp,http,FIN,7.8406,70,18,13737,12006,16.835549999999998,11213.49,12250.15,52,0,0.112,0.4356,0.0096,0.0111,13719,6862002,1206417,34827,0.2773,0.0427,0.0004,157,667,1,3771,2,3,0,0,0,0,0,Normal
tcp,dns,CON,9.0506,49,49,36076,32046,16.24215,25510.89,28326.18,0,0,0.1847,0.1847,0.0164,0.0054,11756,1548977,9275136,45075,0.2512,0.0264,0.0004,589,654,1,624,2,4,0,0,1,0,0,Normal
udp,-,CON,7.2183,52,6,16510,3714,12.05265,14638.33,4116.2,45,0,0.1388,1.2031,0.0011,0.0028,53148,1161508,815780,2112,0.0925,0.0469,0.0747,254,619,2,4666,1,1,0,0,1,0,0,Normal
tcp,ssh,RST,1.4367,177,28,33984,1260,142.6893,189235.24,7016.14,33,3,0.008117,0.05131,0.2618,0.0718,2625,177,456,1902,0.002405,0.00432,0.002913,192,45,1,47,50,13,0,0,0,0,1,DoS
tcp,ssl,INT,0.2713,66,49,32010,33026,635.7612,755041.03,973757.61,16,0,0.0041,0.0055,0.0052,0.0082,10495,1744040,9377039,59379,0.2099,0.0032,0.005,388,674,2,3713,2,4,0,0,0,0,0,Normal
tcp,ftp,CON,0.513,270,3,46440,159,532.2051,724266.86,2479.73,15,6,0.0019,0.170987,0.1905,0.0531,1853,649,627,2135,0.006249,0.002027,0.00156,172,53,0,28,44,18,0,0,3,0,1,Analysis
tcp,http,CON,1.5386,50,1,19312,453,49.72109999999999,80333.71,2355.42,47,0,0.0308,1.5386,0.0023,0.0093,3733,4916958,9014141,49149,0.1327,0.0616,0.0276,309,453,0,3231,4,2,0,0,0,0,0,Normal
udp,ssh,CON,0.1911,597,15,111639,1185,3202.8314,4673998.69,49612.49,12,2,0.00032,0.012739,0.0614,0.0008,4080,458,74,3671,0.006617,0.003914,0.003464,187,79,1,37,52,75,0,0,3,0,1,Shellcode
icmp,ssh,INT,0.3619,611,23,61100,1817,1751.8572,1350643.2,40165.61,28,5,0.000592,0.015735,0.3077,0.0538,2345,819,678,749,0.000858,0.002708,0.001709,100,79,0,78,52,78,0,0,2,1,1,Analysis
tcp,dns,INT,3.6696,16,54,7280,32724,28.6137,12696.88,71341.47,0,37,0.2293,0.068,0.0039,0.0143,20439,2380899,7030068,58805,0.2029,0.0568,0.0252,364,606,0,3190,3,4,0,0,0,0,0,Normal
tcp,-,INT,5.875,71,37,34701,25900,27.57435,37802.12,35268.0,33,0,0.0827,0.1588,0.0082,0.0191,32875,662894,8674626,62237,0.0024,0.0482,0.0146,391,700,0,606,1,4,0,0,1,0,0,Normal
icmp,ssh,INT,0.096,354,11,57702,176,3801.1918,4807372.46,14663.23,5,4,0.000271,0.008729,0.2241,0.0565,353,829,182,1428,0.006974,0.001019,0.002784,163,16,1,29,47,36,0,0,2,0,1,Reconnaissance
udp,-,CON,8.6035,40,3,28450,504,7.497,21163.43,468.65,35,0,0.2151,2.8678,0.0047,0.0048,14891,3851782,1362492,59541,0.1107,0.0811,0.0283,569,168,1,4736,4,4,0,0,0,0,0,Normal
tcp,http,RST,0.525,253,21,28336,1575,521.9267,431804.79,24001.01,21,1,0.002075,0.024999,0.2447,0.0061,4013,408,902,820,0.001525,0.004814,0.001398,112,75,1,15,92,17,0,0,2,0,1,DoS
tcp,dns,INT,7.6046,2,39,980,25857,8.08725,824.76,27201.44,0,36,3.8023,0.195,0.0109,0.0049,1812,627334,4439186,62543,0.1215,0.0119,0.0982,392,663,1,3039,1,1,0,0,1,0,0,Normal
icmp,ftp,RST,0.7931,762,29,68580,1682,997.3199,691744.13,16965.79,10,8,0.001041,0.027349,0.1365,0.0075,3084,113,653,3228,0.007006,0.002228,0.000643,90,58,0,99,79,27,0,0,5,0,1,Shellcode
udp,-,INT,1.2484,579,13,46320,104,474.2126,296831.45,666.46,19,9,0.002156,0.09603,0.0635,0.0739,3213,332,295,3878,0.00915,0.002862,0.001988,80,8,1,64,84,31,0,0,7,1,1,Shellcode
udp,ssl,INT,2.5183,74,59,32282,29382,79.2213,82043.83,93340.51,13,0,0.034,0.0427,0.0024,0.0137,8779,9849352,2139275,30384,0.2692,0.0602,0.0155,349,498,2,3049,1,1,0,0,1,0,0,Normal
tcp,-,FIN,1.6943,45,17,28631,3842,54.89085,108152.69,18141.13,26,0,0.0377,0.0997,0.0006,0.009,57138,6382736,7519113,9726,0.0514,0.016,0.0795,509,226,2,3482,2,2,0,0,0,0,0,Normal
tcp,http,RST,0.3334,673,25,39707,2275,2093.5989,952785.45,54589.54,22,3,0.000495,0.013336,0.3231,0.059,608,356,69,2027,0.009123,0.000248,0.004763,59,91,1,164,94,26,0,4,5,1,1,Backdoor
udp,http,CON,8.4078,21,32,12075,8864,9.45555,9191.45,8434.06,0,10,0.4004,0.2627,0.0148,0.0173,26190,5142392,9381120,6379,0.2891,0.0974,0.0444,460,277,2,702,4,1,0,0,1,0,0,Normal
udp,ssh,REQ,0.3131,112,14,13104,1134,402.3744,334775.46,28970.95,32,5,0.002796,0.022367,0.4273,0.0655,3166,155,618,56,0.00607,0.00241,0.004778,117,81,1,94,73,60,0,0,4,0,1,Exploit
udp,ssl,FIN,8.3709,52,31,21450,7440,14.87295,16399.71,7110.36,19,0,0.161,0.27,0.0177,0.0011,24526,869627,3298774,50950,0.0058,0.0595,0.043,330,240,1,2373,1,4,0,0,1,0,0,Normal
tcp,-,CON,8.1217,16,6,2640,1770,4.0632,2080.34,1743.47,9,0,0.5076,1.3536,0.0174,0.0006,25757,6245710,4920014,28793,0.0857,0.0337,0.0186,132,295,1,4105,4,4,0,0,1,0,0,Normal
tcp,http,FIN,9.6435,20,7,4775,1421,4.1997,3168.97,1178.82,12,0,0.4822,1.3776,0.0166,0.0044,22320,3370746,3932944,4066,0.1614,0.0717,0.0028,191,203,2,2163,4,2,0,0,1,0,0,Normal
udp,http,CON,5.6394,69,43,17681,22532,29.790599999999998,20066.1,31963.9,24,0,0.0817,0.1311,0.0078,0.0122,44597,8810350,2188175,56670,0.2073,0.0851,0.0789,205,524,2,2965,1,1,0,0,0,0,0,Normal
tcp,ssh,CON,0.0975,65,18,10205,666,851.1465,837199.97,54637.45,23,3,0.0015,0.005418,0.1649,0.0093,993,760,933,3880,0.003448,0.003804,0.003696,157,37,0,3,45,26,0,0,1,0,1,Botnet
tcp,-,INT,0.5872,74,3,9028,18,131.1302,122996.69,245.23,43,9,0.007935,0.195734,0.1468,0.0419,1542,516,602,1320,0.001043,0.003573,0.000597,122,6,0,187,72,39,0,0,3,0,1,Generic
udp,ssl,INT,4.1048,14,54,5337,29538,24.8487,8321.9,57567.26,0,40,0.2932,0.076,0.0172,0.0174,16503,4264170,8945679,13383,0.2873,0.0754,0.074,305,547,1,642,4,4,0,0,1,0,0,Normal
icmp,ssh,REQ,1.388,735,23,76440,1311,546.1085,440575.55,7556.18,40,1,0.001888,0.060348,0.2966,0.0036,586,92,714,2045,0.004207,0.004981,0.004346,104,57,0,118,89,18,0,0,4,1,1,Reconnaissance
udp,ssh,INT,0.3634,552,9,91632,387,1543.9117,2017422.03,8520.41,33,7,0.000658,0.040374,0.0496,0.0236,2888,187,701,14,0.004063,0.002639,0.003564,166,43,0,103,44,66,0,0,9,0,1,Exploit
udp,ftp,INT,1.4766,453,9,45300,171,312.8789,245427.11,926.45,44,3,0.00326,0.164068,0.1019,0.0271,4060,132,762,2193,0.000211,0.000216,0.003342,100,19,1,38,38,50,0,0,1,1,1,Reconnaissance
tcp,http,FIN,8.9458,9,36,6660,16632,7.545450000000001,4764.67,14873.5,0,26,0.994,0.2485,0.006,0.0103,61156,9684227,6363070,5907,0.2191,0.0004,0.0537,592,462,2,1754,4,2,0,0,1,0,0,Normal
tcp,-,CON,2.3904,18,44,2947,792,38.9058,7891.6,2650.62,0,25,0.1328,0.0543,0.01,0.0144,6032,779386,5690321,21089,0.064,0.0498,0.0333,131,18,2,142,2,3,0,0,1,0,0,Normal
tcp,ssh,RST,0.9514,414,20,18630,1800,456.1695,156653.24,15135.58,4,0,0.002298,0.04757,0.3904,0.0322,2184,939,469,3469,0.001528,0.004398,0.002012,45,90,0,198,38,71,1,0,3,1,1,Backdoor
tcp,ssl,INT,7.5569,41,20,22140,2200,12.108150000000002,18750.55,2329.0,21,0,0.1843,0.3778,0.0179,0.0033,52099,1767001,1925729,56277,0.256,0.0486,0.0685,432,110,0,2744,1,2,0,0,1,0,0,Normal
tcp,dns,FIN,0.2573,7,24,4847,19056,180.7566,120597.74,592601.97,0,16,0.0368,0.0107,0.0192,0.0182,15781,4797573,1311547,16352,0.1833,0.0505,0.0312,554,794,2,962,4,1,0,0,0,0,0,Normal
udp,dns,FIN,3.8483,3,56,1065,30184,22.99725,1771.17,62747.73,0,52,1.2828,0.0687,0.011,0.0128,51850,5079785,8462947,11708,0.1357,0.0724,0.0856,284,539,1,3987,4,3,0,0,0,0,0,Normal
udp,dns,INT,3.6292,42,14,29452,2870,23.14545,51938.49,6326.44,26,0,0.0864,0.2592,0.0025,0.0194,8015,2987551,2742581,55873,0.2388,0.039,0.0683,561,205,1,3794,1,3,0,0,0,0,0,Normal
udp,-,CON,2.5027,10,25,1862,13375,20.977649999999997,4762.93,42754.48,0,15,0.2503,0.1001,0.0187,0.0036,20027,1455879,1529022,47082,0.1106,0.0865,0.0367,149,535,0,1137,3,4,0,0,1,0,0,Normal
udp,http,CON,3.3634,69,7,27168,3703,33.8943,51697.8,8807.77,61,0,0.0487,0.4805,0.0093,0.0191,23994,8518364,7068096,29616,0.1505,0.0845,0.0594,315,529,2,4793,1,2,0,0,0,0,0,Normal
udp,ftp,INT,0.3912,776,1,65960,33,1986.3953,1349010.38,674.91,19,7,0.000504,0.391161,0.1209,0.0285,951,434,954,949,0.004224,0.000849,0.002495,85,33,0,61,93,17,0,0,1,0,1,Backdoor
udp,http,INT,7.1093,72,8,8820,5720,16.879350000000002,7940.06,6436.67,63,0,0.0987,0.8887,0.0161,0.0051,49619,9657804,2542009,16060,0.1155,0.0014,0.0461,98,715,2,2678,4,4,0,0,1,0,0,Normal
udp,ssl,FIN,6.97,50,29,29500,16646,17.0013,27087.38,19105.79,21,0,0.1394,0.2403,0.0093,0.0122,19087,2656902,2608755,24328,0.1997,0.0623,0.0946,472,574,0,588,3,3,0,0,1,0,0,Normal
tcp,ssh,REQ,1.3435,774,22,47214,1540,592.4605,281129.97,9169.74,46,8,0.001736,0.06107,0.4924,0.0392,3475,301,813,605,0.002127,0.001921,0.000705,61,70,1,28,20,27,1,2,0,0,1,Backdoor
tcp,-,CON,9.3941,21,48,2861,16992,11.0175,1949.3,14470.33,0,27,0.4473,0.1957,0.0107,0.0159,38556,5369957,5953762,64566,0.0448,0.0005,0.0096,109,354,1,1250,4,3,0,0,1,0,0,Normal
tcp,ssl,CON,4.2338,46,9,33005,1287,19.4859,49891.57,2431.85,35,0,0.092,0.4704,0.0036,0.0104,48955,9271035,329698,45044,0.1484,0.045,0.0023,574,143,0,519,3,2,0,0,0,0,0,Normal
tcp,ssl,CON,0.1828,72,24,44730,6384,787.8570000000001,1566259.79,279426.63,47,0,0.0025,0.0076,0.016,0.0043,8475,3727609,5351657,18717,0.0113,0.0431,0.0811,497,266,0,541,2,1,0,0,1,0,0,Normal
tcp,http,REQ,0.457,615,7,106395,98,1360.908,1862299.81,1715.36,41,6,0.000743,0.065293,0.0347,0.0081,3785,702,289,3666,0.004052,0.001295,0.00391,173,14,0,59,82,44,0,0,0,1,1,Botnet
tcp,ssl,FIN,1.5341,74,50,35150,2250,121.24544999999999,146641.81,11733.43,22,0,0.0207,0.0307,0.0054,0.0128,28084,7901166,2536896,31418,0.104,0.053,0.041,380,45,0,4847,2,4,0,0,0,0,0,Normal
icmp,http,REQ,1.1488,324,6,31104,594,287.2602,216604.66,4136.55,5,5,0.003546,0.191464,0.0396,0.0408,325,178,80,3082,0.001888,0.000324,0.000129,96,99,1,117,35,30,0,0,1,1,1,Shellcode
udp,dns,INT,7.8261,67,48,43801,18384,22.0416,35819.53,18792.45,18,0,0.1168,0.163,0.0114,0.0169,16680,9349890,4520292,15724,0.1716,0.1,0.0835,523,383,2,3672,1,4,0,0,0,0,0,Normal
udp,dns,FIN,6.4632,46,37,30130,22718,19.2627,29835.16,28119.62,7,0,0.1405,0.1747,0.0068,0.0096,25849,7961574,3816504,37634,0.2923,0.0047,0.0071,524,614,0,3468,2,4,0,0,0,0,0,Normal
udp,ssh,REQ,0.3495,472,3,53336,210,1358.9867,1220764.88,4806.52,41,4,0.000741,0.116508,0.085,0.0243,410,328,588,1023,0.00623,0.003561,0.002005,113,70,1,65,20,71,0,0,9,0,1,Reconnaissance
udp,-,FIN,5.2952,26,11,14462,3179,10.4811,17479.88,4802.81,13,0,0.2037,0.4814,0.0126,0.0183,25059,2467943,3854051,13714,0.1872,0.0743,0.0425,445,289,1,1199,3,2,0,0,0,0,0,Normal
tcp,ssh,REQ,0.647,117,2,20592,116,183.9278,254617.87,1434.33,12,3,0.00553,0.323497,0.4889,0.0838,533,9,852,2580,0.007182,0.001274,0.002933,176,58,0,71,99,41,0,0,9,0,1,Shellcode
udp,ftp,CON,0.1109,647,8,76346,472,5907.5625,5508626.13,34056.42,21,1,0.000171,0.013859,0.1852,0.0294,3680,727,4,3962,0.008596,0.00088,0.004129,118,59,0,175,75,14,0,0,1,0,1,Reconnaissance
tcp,ftp,RST,0.6975,762,29,86868,1537,1134.08,996361.7,17629.14,7,7,0.000915,0.024051,0.3272,0.0293,1929,460,554,1441,0.004594,0.004914,0.001432,114,53,0,53,53,51,0,0,7,0,1,Shellcode
icmp,http,RST,1.172,201,13,20904,195,182.5883,142685.06,1331.02,34,8,0.005831,0.090157,0.1956,0.0456,704,213,47,2452,0.005265,0.00472,0.001313,104,15,1,34,55,24,1,3,4,0,1,Backdoor
tcp,ssl,CON,6.9832,63,17,32681,3247,17.183999999999997,29951.84,3719.78,45,0,0.1108,0.4108,0.0055,0.0106,25757,9914127,969474,29285,0.12,0.0938,0.0953,415,191,0,778,4,4,0,0,1,0,0,Normal
tcp,dns,FIN,9.2898,41,27,16143,17793,10.979849999999999,11121.9,15322.64,13,0,0.2266,0.3441,0.0101,0.0025,24141,3495619,6016704,17818,0.0484,0.0042,0.0516,315,659,1,2498,2,1,0,0,0,0,0,Normal
tcp,http,INT,3.4396,6,0,3990,0,2.6166,7424.11,0.0,4,0,0.5733,3.4396,0.0085,0.0185,13429,2604559,6343066,28448,0.0894,0.0579,0.0479,532,0,0,649,2,4,0,0,1,0,0,Normal
tcp,ssh,REQ,0.0671,778,10,71576,960,11742.8097,8533028.87,114447.69,31,1,8.6e-05,0.00671,0.4351,0.0129,2992,686,268,3076,0.003822,0.001374,0.000554,92,96,1,198,52,55,0,0,8,0,1,Botnet
icmp,ftp,CON,1.3586,242,3,24442,138,180.3276,143920.55,812.58,29,7,0.005614,0.452879,0.1862,0.0704,1545,529,550,3740,0.000625,0.00412,0.004299,101,46,1,7,48,67,0,0,4,0,1,Botnet
udp,dns,CON,1.135,3,28,993,20608,40.96965,5603.58,145256.18,0,24,0.3783,0.0405,0.0171,0.005,27958,4112319,4107096,28228,0.2762,0.0818,0.0692,265,736,2,3339,3,3,0,0,0,0,0,Normal
udp,http,CON,1.889,59,18,34441,7380,61.14465,116690.48,31255.24,39,0,0.032,0.1049,0.0034,0.0083,59318,1553744,5096831,22551,0.1209,0.0241,0.0541,467,410,0,4417,1,2,0,0,0,0,0,Normal
udp,ftp,INT,0.5418,688,21,108704,0,1308.7198,1605225.19,0.0,49,7,0.000787,0.025798,0.2903,0.0238,3728,368,571,2517,0.005829,0.002414,0.00293,158,0,0,141,67,19,0,0,3,0,1,Reconnaissance
tcp,http,FIN,6.6986,25,35,13812,19075,13.43565,13196.79,22780.88,0,9,0.2679,0.1914,0.0144,0.0179,29496,4956298,3087813,6582,0.1842,0.064,0.0777,442,545,0,971,1,1,0,0,1,0,0,Normal
tcp,http,CON,4.7106,35,10,21875,280,14.329500000000001,29720.35,475.53,24,0,0.1346,0.4711,0.0094,0.0099,37422,5041162,3169713,4434,0.1196,0.0241,0.0361,500,28,1,1279,3,1,0,0,0,0,0,Normal
udp,http,FIN,4.8343,53,9,28818,6345,19.237650000000002,38152.64,10500.04,43,0,0.0912,0.5371,0.012,0.011,28152,5048801,8033837,4256,0.2203,0.0553,0.0842,435,705,0,1872,2,2,0,0,1,0,0,Normal
tcp,dns,CON,3.8565,23,1,7446,104,9.334800000000001,12357.16,215.74,22,0,0.1677,3.8565,0.0008,0.0186,21200,4623383,8051348,40026,0.0566,0.0697,0.04,259,104,1,937,2,1,0,0,0,0,0,Normal
tcp,-,INT,4.5644,52,59,13390,34928,36.4776,18774.67,61217.49,0,7,0.0878,0.0774,0.0058,0.0059,45539,6134625,2041954,52466,0.0405,0.0807,0.0534,206,592,0,3400,4,4,0,0,0,0,0,Normal
tcp,ssl,CON,2.4987,24,57,16440,15846,48.625949999999996,42108.85,50734.24,0,33,0.1041,0.0438,0.0182,0.0136,44610,8491895,8732724,37548,0.2659,0.0804,0.0786,548,278,2,4771,3,3,0,0,0,0,0,Normal
udp,ssh,CON,0.5859,617,12,32701,1116,1073.5749,446511.57,15238.28,31,1,0.00095,0.048824,0.12,0.0164,2618,157,265,4035,0.00532,0.002471,0.001279,53,93,1,68,76,35,0,0,8,0,1,Exploit
udp,ssh,RST,0.6576,451,29,26609,1827,729.92,323707.34,22226.06,15,5,0.001458,0.022676,0.2197,0.0961,1772,407,634,2488,4.7e-05,0.003271,0.001831,59,63,1,168,23,48,0,0,2,1,1,Botnet
udp,dns,CON,1.2849,7,10,385,3020,19.84605,1917.67,18803.15,0,3,0.1836,0.1285,0.0098,0.0142,19719,7587107,7132245,51575,0.2356,0.0225,0.0199,44,302,2,2553,1,3,0,0,0,0,0,Normal
tcp,ssh,INT,0.328,455,2,43225,92,1393.4169,1054362.25,2244.1,44,3,0.000721,0.163985,0.1344,0.0176,2306,649,418,517,0.001727,0.000592,0.004166,95,46,1,23,99,57,0,0,3,1,1,Shellcode
udp,http,INT,3.6795,70,2,9275,178,29.352000000000004,16132.7,387.01,66,0,0.0526,1.8397,0.0194,0.007,65459,8531374,8616033,18022,0.1655,0.0036,0.0986,106,89,1,2653,4,2,0,0,0,0,0,Normal
icmp,-,INT,0.1627,309,27,26265,54,2065.6264,1291754.2,2655.81,15,6,0.000526,0.006025,0.3989,0.0056,3643,583,919,854,0.008969,0.002516,0.00164,85,2,1,108,30,35,0,0,6,1,1,Exploit
udp,dns,FIN,0.3812,35,29,13387,21489,251.844,224770.8,450989.71,4,0,0.0109,0.0131,0.0061,0.0097,49665,2902296,7865894,3075,0.2564,0.057,0.0016,306,741,0,4402,2,1,0,0,1,0,0,Normal
icmp,ftp,REQ,1.1502,366,9,56730,738,326.033,394578.14,5133.06,40,5,0.003143,0.127799,0.3155,0.0872,1762,594,874,2818,0.007187,0.002293,6.9e-05,155,82,1,9,79,30,0,0,0,0,1,Analysis
tcp,-,FIN,4.8049,60,18,11850,9936,24.35025,15783.99,16543.22,42,0,0.0801,0.2669,0.0098,0.0126,63400,965111,9911029,41566,0.276,0.0203,0.0604,158,552,1,808,2,3,0,0,1,0,0,Normal
udp,ssl,INT,2.401,69,4,24150,868,45.6054,64372.34,2892.09,65,0,0.0348,0.6003,0.0088,0.013,62586,8240942,7658037,20441,0.2631,0.0884,0.0856,280,217,0,958,3,3,0,0,1,0,0,Normal
tcp,ssl,CON,3.2331,70,2,18200,8,33.4041,36026.98,19.8,68,0,0.0462,1.6166,0.0179,0.0095,14379,260049,225107,50795,0.0775,0.0546,0.0192,208,4,2,254,1,4,0,0,0,0,0,Normal
udp,http,CON,0.0374,497,13,73556,858,13648.3286,15747709.15,183690.45,28,9,7.5e-05,0.002874,0.2729,0.098,39,485,850,2049,0.005704,0.002216,0.001258,148,66,1,107,68,58,0,0,1,1,1,Shellcode
udp,http,CON,2.5336,34,21,24012,1197,32.56185,60655.72,3779.54,11,0,0.0745,0.1206,0.0135,0.0118,58799,8729852,5862635,45370,0.0024,0.0087,0.0894,565,57,1,4985,1,3,0,0,0,0,0,Normal
udp,http,RST,0.3064,767,9,143429,549,2532.8467,3745192.44,14335.39,34,3,0.000399,0.034042,0.0817,0.0095,125,207,255,3108,0.009993,0.002799,0.004021,187,61,1,120,93,72,0,0,3,0,1,Analysis
udp,ssl,CON,2.5639,41,44,11070,27016,49.7292,27633.01,84296.92,0,1,0.0625,0.0583,0.0159,0.0151,64250,9162937,5728573,29738,0.292,0.0743,0.0859,216,614,2,221,3,1,0,0,0,0,0,Normal
tcp,dns,INT,9.0084,9,2,911,662,1.8316500000000002,647.39,587.89,5,0,1.0009,4.5042,0.0084,0.0156,53123,1608463,3447467,21848,0.2448,0.0268,0.0834,81,331,1,4600,4,4,0,0,0,0,0,Normal
udp,dns,CON,8.6634,32,39,6760,16263,12.293099999999999,4993.91,15017.74,0,5,0.2707,0.2221,0.0099,0.0177,40243,3892436,2826243,13208,0.0526,0.0362,0.013,169,417,0,4,2,4,0,0,1,0,0,Normal
tcp,dns,CON,6.4183,57,42,24082,32676,23.13705,24013.9,40728.64,13,0,0.1126,0.1528,0.0048,0.0043,3453,8622110,5072401,45366,0.2203,0.072,0.0874,338,778,1,606,2,1,0,0,1,0,0,Normal
udp,http,RST,1.4959,247,26,42484,2080,182.4986,227202.11,11123.73,43,0,0.006056,0.057535,0.2855,0.0548,2279,790,419,1821,0.006813,0.004649,0.000942,172,80,1,116,73,21,0,0,4,1,1,Generic
icmp,ssh,RST,0.7312,632,24,91008,768,897.1826,995741.42,8402.88,3,6,0.001157,0.030466,0.1876,0.0719,3299,587,148,1625,0.008418,0.000326,0.002902,144,32,1,68,79,38,0,0,8,0,1,Generic
tcp,-,CON,6.7065,70,6,20125,456,16.99845,19205.18,543.95,62,0,0.0958,1.1178,0.0058,0.0054,39619,8259434,3688884,64315,0.1341,0.0546,0.0076,230,76,1,2830,3,4,0,0,1,0,0,Normal
udp,-,CON,3.6852,77,27,33976,17334,42.33135,59005.48,37629.27,48,0,0.0479,0.1365,0.0039,0.0067,5705,5985300,254272,27920,0.0076,0.0225,0.0766,353,642,1,3358,4,4,0,0,0,0,0,Normal
icmp,ssh,CON,1.1918,199,18,25671,1440,182.085,172324.59,9666.45,35,7,0.005989,0.066208,0.3732,0.0785,1406,471,924,2501,0.00417,0.001582,0.003383,129,80,0,19,70,32,0,0,6,1,1,Botnet
tcp,dns,FIN,3.7657,45,44,4106,13948,35.45145,6978.76,29631.6,0,0,0.0837,0.0856,0.0136,0.0062,16315,9770229,911454,6935,0.2762,0.0651,0.0049,73,317,1,1636,2,4,0,0,0,0,0,Normal
tcp,ssl,FIN,8.9004,40,14,10600,6496,9.1008,7622.16,5838.86,24,0,0.2225,0.6357,0.0161,0.0017,43639,3859607,5039628,60398,0.0954,0.0027,0.0283,212,464,0,4848,3,2,0,0,0,0,0,Normal
tcp,ssl,CON,9.5415,64,29,18000,21112,14.62035,12073.57,17701.2,34,0,0.1491,0.329,0.0188,0.0093,62047,4010285,403623,37999,0.2055,0.0821,0.0801,225,728,1,3057,4,3,0,0,1,0,0,Normal
tcp,ssl,CON,7.7957,64,2,41440,388,12.699300000000001,34020.88,398.17,60,0,0.1218,3.8978,0.0018,0.0086,14304,9060376,838642,60311,0.2698,0.0484,0.095,518,194,2,4396,1,4,0,0,1,0,0,Normal
icmp,-,INT,0.7325,727,23,131587,2116,1023.852,1437073.21,23109.02,46,6,0.001008,0.031849,0.1628,0.0708,731,551,801,1552,0.006584,0.003054,0.002553,181,92,1,152,55,11,0,0,4,0,1,Worm
tcp,ssh,REQ,0.3668,455,18,44135,18,1289.4525,962536.79,392.56,22,6,0.000806,0.020379,0.4177,0.0272,2630,829,909,1614,0.009151,0.003016,0.002455,97,1,1,48,42,27,0,0,3,1,1,Worm
udp,http,CON,7.2025,12,28,3480,15960,8.330400000000001,3092.26,17727.15,0,15,0.6002,0.2572,0.0122,0.0104,34565,6376876,626148,38803,0.2419,0.0557,0.0377,232,570,1,3266,2,1,0,0,0,0,0,Normal
udp,http,FIN,6.7963,18,9,10822,3780,5.9592,10191.47,4449.5,7,0,0.3776,0.7551,0.0018,0.0074,41907,2803997,2250140,7399,0.0137,0.0745,0.0424,481,420,2,4042,2,3,0,0,1,0,0,Normal
udp,http,INT,0.9221,150,1,13800,81,163.7519,119723.21,702.72,19,0,0.006148,0.922127,0.4453,0.0885,3924,710,120,380,0.001056,0.000937,0.001441,92,81,0,64,72,37,0,0,3,1,1,Generic
tcp,ssl,FIN,2.9542,79,25,29723,1250,52.807050000000004,64394.83,3385.07,53,0,0.0374,0.1182,0.0008,0.0005,4426,7235170,928897,44927,0.0516,0.0527,0.01,301,50,0,4601,4,1,0,0,1,0,0,Normal
udp,http,INT,1.1377,667,29,93380,841,611.7566,656618.8,5913.65,44,0,0.001706,0.039231,0.0975,0.0169,3762,745,384,955,0.006283,0.001361,0.004229,140,29,0,44,83,40,1,1,5,0,1,Backdoor
tcp,ftp,INT,0.8783,70,23,9380,2162,105.8823,85434.5,19691.83,41,2,0.012548,0.038188,0.2249,0.0137,2014,252,68,3690,0.000297,0.003139,0.001205,134,94,0,170,50,41,0,0,4,1,1,Analysis
tcp,-,FIN,8.212,31,5,13136,1425,6.575699999999999,10237.67,1388.21,26,0,0.2649,1.6424,0.0063,0.0004,40531,6489492,630893,53406,0.2248,0.07,0.0544,339,285,1,1417,1,1,0,0,1,0,0,Normal
tcp,ssl,FIN,9.3912,47,29,29668,2407,12.139050000000001,20218.9,2050.43,18,0,0.1998,0.3238,0.0149,0.0075,19478,9833839,6536073,41556,0.2409,0.094,0.0378,505,83,2,4452,4,1,0,0,1,0,0,Normal
udp,dns,FIN,2.5935,18,4,6457,1076,12.724049999999998,15935.21,3319.06,12,0,0.1441,0.6484,0.0179,0.0041,28563,4305554,8787409,22044,0.0448,0.0738,0.0657,287,269,0,99,3,2,0,0,0,0,0,Normal
udp,dns,CON,7.5431,54,21,8100,4809,14.914200000000001,6872.5,5100.28,33,0,0.1397,0.3592,0.018,0.008,52178,5960631,5799975,23129,0.1517,0.0064,0.0561,120,229,1,3695,4,3,0,0,1,0,0,Normal
udp,ssl,INT,3.7795,21,30,3780,21900,20.240850000000002,6400.88,46355.6,0,7,0.18,0.126,0.0148,0.0192,32393,2029023,9475788,19709,0.2634,0.0057,0.0858,144,730,1,4117,1,1,0,0,1,0,0,Normal
tcp,-,INT,1.1612,14,51,1155,29631,83.96745,6366.02,204146.82,0,35,0.0829,0.0228,0.0035,0.0184,27858,2329777,1753535,15101,0.2816,0.0338,0.0095,66,581,0,4118,4,2,0,0,0,0,0,Normal
udp,ssh,REQ,0.5855,265,1,41870,54,454.2925,572066.96,737.8,17,6,0.00221,0.585526,0.0555,0.0784,1742,104,186,22,0.005827,0.004998,0.00018,158,54,0,53,23,14,0,0,1,1,1,Shellcode
tcp,-,INT,5.0658,67,9,15410,3825,22.5036,19468.43,6040.46,56,0,0.0756,0.5629,0.0103,0.0157,62334,4966589,3098717,21767,0.2329,0.0669,0.0325,184,425,0,3742,1,1,0,0,1,0,0,Normal
tcp,-,CON,7.6806,72,33,11340,4554,20.506050000000002,9449.2,4743.35,37,0,0.1067,0.2327,0.015,0.0196,7130,1421844,1024489,1731,0.2868,0.0574,0.0364,126,138,1,3336,2,1,0,0,0,0,0,Normal
tcp,dns,CON,1.3249,24,51,17100,23970,84.91065,82601.01,144732.91,0,27,0.0552,0.026,0.0049,0.0016,33552,8798912,5383492,11358,0.2236,0.0744,0.0265,570,470,1,2803,4,2,0,0,0,0,0,Normal
udp,-,REQ,0.6371,125,27,6750,1593,238.5701,84755.15,20002.22,19,5,0.005097,0.023597,0.4759,0.0579,907,106,252,2314,0.006908,0.002361,0.004835,54,59,0,147,41,66,1,2,1,0,1,Backdoor
icmp,ftp,RST,0.2428,311,28,47894,112,1396.4741,1578353.49,3690.98,35,1,0.000781,0.00867,0.4353,0.0065,441,223,216,3171,0.001308,0.003691,0.004272,154,4,1,39,22,26,0,0,8,0,1,Botnet
tcp,dns,CON,1.2231,71,23,23341,7130,115.2816,122136.42,46635.93,48,0,0.0172,0.0532,0.0025,0.0053,31798,9622499,6883090,8597,0.1866,0.0562,0.0417,263,310,1,3272,2,2,0,0,1,0,0,Normal
tcp,http,CON,8.3578,72,43,46440,5633,20.63955,35561.64,5391.87,27,0,0.1161,0.1944,0.0132,0.0086,14438,1048526,5183384,64094,0.1756,0.0185,0.0522,516,131,1,2165,4,3,0,0,0,0,0,Normal
tcp,ssl,CON,4.2195,17,7,3378,3059,8.5317,5124.73,5799.68,8,0,0.2482,0.6028,0.0033,0.0133,29299,281801,4308860,48142,0.1909,0.0445,0.0588,159,437,1,135,2,4,0,0,1,0,0,Normal
udp,ssl,FIN,0.2327,59,39,23378,29406,631.6884,642964.18,1010907.6,18,0,0.0039,0.006,0.0015,0.0054,5652,2955864,3167017,4343,0.1868,0.0579,0.0924,317,754,1,4157,4,3,0,0,1,0,0,Normal
udp,ssl,CON,2.732,55,19,18150,7372,40.62975,42518.44,21587.18,35,0,0.0497,0.1438,0.0158,0.0082,59975,8321861,3154246,41827,0.2929,0.0037,0.0966,264,388,0,3786,4,2,0,0,0,0,0,Normal
udp,ssl,FIN,7.076,20,34,6175,11560,11.4471,5585.08,13069.53,0,13,0.3538,0.2081,0.0115,0.0027,1794,2431734,1811135,37230,0.055,0.0244,0.043,247,340,1,850,1,2,0,0,0,0,0,Normal
icmp,ftp,REQ,0.3307,195,20,37635,260,650.0604,910326.46,6288.96,37,1,0.001696,0.016537,0.2591,0.0051,2594,730,438,3659,0.007006,0.003767,0.000483,193,13,1,65,39,38,0,0,4,1,1,Reconnaissance
udp,ssl,INT,9.969,61,5,22951,2030,9.93075,14734.46,1629.05,54,0,0.1634,1.9938,0.0079,0.0052,7045,7442431,4934147,25338,0.008,0.0642,0.091,301,406,0,2859,1,2,0,0,1,0,0,Normal
tcp,-,INT,6.8965,74,59,50967,5133,28.92765,47298.06,5954.31,14,0,0.0932,0.1169,0.0135,0.0052,39580,9593111,3580324,45740,0.0532,0.0725,0.0573,551,87,1,1748,1,1,0,0,1,0,0,Normal
tcp,ssh,RST,1.1242,765,13,86445,1027,692.0541,615163.18,7308.38,19,2,0.00147,0.086476,0.2937,0.0119,1176,39,254,2379,0.006561,0.000262,0.000302,113,79,1,8,72,59,0,0,2,1,1,Shellcode
tcp,ftp,CON,0.0121,123,18,13899,1404,11617.9115,9161835.55,925477.88,18,6,9.9e-05,0.000674,0.4157,0.0232,222,750,46,1413,0.007234,0.003172,0.004777,113,78,0,45,21,59,0,0,5,1,1,Generic
udp,http,INT,0.6941,196,19,10976,988,309.7359,126499.01,11386.75,13,0,0.003542,0.036534,0.4527,0.0311,2718,581,873,1774,0.000745,0.001243,0.001334,56,52,0,159,90,13,0,0,6,1,1,Botnet
tcp,http,CON,4.7961,8,55,5780,31625,19.70355,7712.95,52751.28,0,45,0.5995,0.0872,0.0189,0.0101,42595,9138427,5946553,44018,0.2815,0.0963,0.0071,578,575,1,2083,3,3,0,0,1,0,0,Normal
udp,http,RST,0.1104,751,0,87867,0,6802.5169,6367155.82,0.0,33,7,0.000147,0.1104,0.461,0.0726,1191,430,540,3557,0.008412,0.004461,0.003363,117,0,1,149,53,36,1,0,3,1,1,Backdoor
icmp,http,INT,0.2608,750,23,104250,2162,2964.407,3198338.16,66329.08,22,7,0.000348,0.011337,0.0791,0.0621,623,339,113,4028,0.001424,0.003489,0.000454,139,94,1,90,81,22,0,0,2,0,1,Generic
tcp,dns,CON,8.4421,77,37,50242,22348,20.25555,38088.89,21177.55,39,0,0.1096,0.2282,0.015,0.003,11660,6545737,8019910,25194,0.0279,0.0704,0.0514,522,604,0,4470,4,1,0,0,0,0,0,Normal
tcp,-,REQ,0.0568,353,10,63187,760,6387.8693,8895433.51,106992.41,5,9,0.000161,0.005683,0.4879,0.0288,3343,585,30,542,0.008076,0.003523,0.001139,179,76,0,46,93,23,0,0,3,0,1,Generic
udp,-,CON,7.0476,69,43,51232,1763,23.83785,46524.54,2001.24,26,0,0.1021,0.1639,0.0077,0.0069,62997,9408881,3865075,47304,0.1935,0.0952,0.0828,594,41,0,2892,4,2,0,0,0,0,0,Normal
udp,dns,FIN,5.1529,63,43,36855,23048,30.856350000000003,45774.45,35782.44,19,0,0.0818,0.1198,0.0166,0.0012,3349,2389568,5038296,44809,0.189,0.0074,0.0523,468,536,1,1682,2,1,0,0,0,0,0,Normal
udp,-,INT,5.0662,71,21,20856,3717,27.239250000000002,26347.06,5869.46,50,0,0.0714,0.2412,0.0066,0.0027,45637,7167552,9611362,24649,0.2871,0.0559,0.0985,235,177,2,1316,3,3,0,0,1,0,0,Normal
udp,ftp,RST,1.3695,692,27,125944,1863,525.0128,735713.03,10882.88,13,9,0.001979,0.050722,0.0945,0.0198,3832,609,827,420,0.000545,0.004385,0.002925,182,69,1,162,97,69,0,0,2,0,1,DoS
icmp,-,RST,1.4385,404,25,25452,650,298.2277,141547.6,3614.88,13,7,0.003561,0.05754,0.4626,0.0983,3661,383,393,3000,0.003491,0.002897,0.000936,63,26,0,87,73,58,0,1,5,0,1,Backdoor
icmp,http,REQ,0.2631,459,21,21573,588,1824.1308,655866.24,17876.48,38,5,0.000573,0.01253,0.3138,0.0395,3984,900,52,1460,5e-06,0.000535,0.004407,47,28,1,150,36,65,1,2,8,0,1,Backdoor
tcp,ssl,INT,3.3874,14,2,1172,64,7.0851,2215.25,151.15,11,0,0.242,1.6937,0.0196,0.0056,46164,2069730,1123106,17902,0.2337,0.025,0.0921,67,32,2,250,2,4,0,0,0,0,0,Normal
tcp,http,CON,8.681,1,43,707,19393,7.6029,521.6,17871.76,0,42,8.681,0.2019,0.0002,0.0068,57108,5332905,559157,56023,0.2057,0.0615,0.0478,566,451,1,4962,3,1,0,0,0,0,0,Normal
tcp,ssl,FIN,5.8338,51,47,13451,11844,25.1979,14756.67,16241.8,4,0,0.1144,0.1241,0.01,0.0095,672,2656945,8723875,50176,0.2969,0.0073,0.0474,211,252,2,2991,3,1,0,0,0,0,0,Normal
tcp,-,FIN,8.1424,43,15,19672,2955,10.6848,15462.74,2903.32,26,0,0.1894,0.5428,0.0178,0.0024,61246,623722,3599308,26786,0.0044,0.0358,0.0835,366,197,0,2950,4,1,0,0,1,0,0,Normal
udp,http,CON,6.1404,61,52,8845,21892,27.6042,9219.0,28522.09,8,0,0.1007,0.1181,0.0143,0.0181,54634,2919441,6169006,55828,0.0472,0.0639,0.0776,116,421,0,440,1,2,0,0,0,0,0,Normal
tcp,ssl,CON,7.9832,33,49,9900,26411,15.40725,7936.65,26466.51,0,16,0.2419,0.1629,0.0097,0.018,57768,285772,7770404,62943,0.0968,0.0614,0.0599,240,539,2,524,3,2,0,0,0,0,0,Normal
udp,-,CON,1.4034,716,21,82340,2037,525.1506,469372.04,11611.74,27,1,0.00196,0.066829,0.4515,0.0732,719,277,961,133,0.004801,0.000177,0.00404,115,97,0,54,42,76,0,0,4,1,1,Worm
udp,dns,CON,0.7161,61,11,43767,2431,150.8133,391153.81,27157.56,48,0,0.0117,0.0651,0.0145,0.0185,574,9149568,4571125,34187,0.1136,0.0626,0.0456,574,221,1,2591,1,1,0,0,0,0,0,Normal
tcp,-,CON,9.6851,54,22,29902,13134,11.77065,19759.91,10848.87,30,0,0.1794,0.4402,0.0129,0.012,33748,6168656,4646015,26670,0.2197,0.0776,0.0005,443,597,2,4295,1,2,0,0,0,0,0,Normal
udp,http,INT,0.5362,78,40,40852,8320,330.0819,487581.39,124125.73,36,0,0.0069,0.0134,0.0196,0.0065,41105,7658793,1855504,27619,0.2445,0.0887,0.0688,419,208,1,1699,4,3,0,0,0,0,0,Normal
tcp,-,INT,6.7416,64,9,35360,4194,16.24245,33568.28,4976.86,54,0,0.1053,0.7491,0.0085,0.0199,33889,9438986,9937536,12842,0.1591,0.026,0.0408,442,466,0,928,3,2,0,0,0,0,0,Normal
tcp,dns,CON,9.7112,17,42,9137,27930,9.11325,6021.92,23008.51,0,24,0.5712,0.2312,0.0118,0.0058,8360,428170,1779634,23633,0.042,0.0667,0.0999,430,665,0,2356,4,1,0,0,1,0,0,Normal
udp,-,CON,0.0716,781,28,99187,1932,11305.7501,11089082.17,215997.12,3,3,9.2e-05,0.002556,0.3502,0.0883,2185,562,588,3503,0.007597,0.002434,0.003977,127,69,0,192,32,66,0,0,4,1,1,DoS
icmp,ssh,RST,0.9744,259,14,24346,812,280.1609,199876.85,6666.39,36,7,0.003762,0.069603,0.3979,0.0443,3926,156,886,1017,0.001331,0.000854,0.000206,94,58,0,163,73,22,0,2,5,0,1,Backdoor
icmp,-,CON,0.6335,112,27,11984,1026,219.4284,151345.61,12957.33,0,9,0.005656,0.023462,0.0451,0.0986,2530,937,8,3060,0.004654,0.004718,0.000328,107,38,1,188,24,60,0,0,9,1,1,Generic
tcp,http,CON,5.4428,42,2,30187,1288,12.126149999999999,35496.56,1893.15,40,0,0.1296,2.7214,0.0153,0.0194,53152,147292,4355625,9672,0.2554,0.0795,0.0463,575,644,1,3646,4,1,0,0,0,0,0,Normal
udp,ssl,FIN,9.6128,14,20,8417,11320,5.3055,5604.21,9420.79,0,5,0.6866,0.4806,0.0183,0.0194,28339,1209882,8965022,37558,0.2282,0.0015,0.0754,481,566,1,3227,2,3,0,0,1,0,0,Normal
udp,dns,CON,8.2117,34,58,14705,9164,16.8054,11460.77,8927.79,0,24,0.2415,0.1416,0.0044,0.0064,25625,3343567,8698724,50538,0.0938,0.0021,0.0311,346,158,1,4883,1,4,0,0,0,0,0,Normal
tcp,ssl,CON,3.2462,46,35,33292,945,37.42845,65637.4,2328.88,9,0,0.0706,0.0927,0.0178,0.0101,60266,3375647,3700358,22094,0.1357,0.0592,0.0927,579,27,2,421,4,4,0,0,0,0,0,Normal
udp,-,RST,0.9299,51,7,3060,413,62.3711,26324.91,3553.0,41,9,0.018234,0.132845,0.073,0.0917,2206,445,208,2406,0.009861,0.004743,0.004898,60,59,0,91,81,71,0,0,2,0,1,Worm
icmp,http,RST,1.4822,432,0,36288,0,291.4628,195863.0,0.0,47,8,0.003431,1.482179,0.2108,0.0345,2337,619,967,2046,0.009917,0.002636,0.00183,84,0,0,190,30,77,1,0,2,0,1,Backdoor
tcp,ssl,CON,4.5347,45,17,26887,918,20.50875,37947.76,1619.53,27,0,0.1008,0.2667,0.0175,0.018,38166,9140897,8870569,7878,0.252,0.0706,0.0581,478,54,1,2366,2,1,0,0,1,0,0,Normal
udp,http,INT,5.0668,23,18,8912,1728,12.13785,11257.54,2728.34,5,0,0.2203,0.2815,0.0064,0.0099,29600,8405233,3971068,59879,0.0514,0.0254,0.0816,310,96,1,4575,3,3,0,0,0,0,0,Normal
tcp,ssl,INT,9.1052,71,56,5680,12096,20.922,3992.43,10627.75,14,0,0.1282,0.1626,0.0168,0.0122,15271,4630853,2170971,18429,0.2458,0.0494,0.0039,64,216,1,3937,1,1,0,0,1,0,0,Normal
tcp,-,CON,5.137,55,55,35543,25245,32.1198,44282.49,39314.63,0,0,0.0934,0.0934,0.0059,0.0118,60247,8644700,7242819,54996,0.0824,0.0522,0.0743,517,459,0,3896,2,1,0,0,1,0,0,Normal
tcp,http,INT,6.0179,37,26,6567,3874,15.703199999999999,6984.54,5150.0,9,0,0.1626,0.2315,0.0192,0.0074,41019,1552049,395512,11153,0.0508,0.0283,0.0337,142,149,1,133,1,4,0,0,0,0,0,Normal
tcp,-,FIN,2.3192,38,22,19570,4818,38.806349999999995,54004.62,16619.46,14,0,0.061,0.1054,0.0173,0.005,10836,8831804,6667934,25132,0.2905,0.0866,0.0292,412,219,1,914,2,4,0,0,0,0,0,Normal
udp,http,FIN,6.7508,17,28,6630,588,9.99885,6285.48,696.81,0,11,0.3971,0.2411,0.0066,0.0001,22112,7016923,176506,12349,0.1565,0.0411,0.0341,312,21,0,1852,2,3,0,0,1,0,0,Normal
tcp,http,INT,4.7357,78,59,15600,35754,43.3941,21082.55,60399.48,19,0,0.0607,0.0803,0.0035,0.0098,2149,6730495,5807021,10905,0.2982,0.0772,0.0795,160,606,2,1009,4,2,0,0,0,0,0,Normal
udp,dns,FIN,6.6663,10,8,2950,5192,4.05015,2832.15,6230.72,2,0,0.6666,0.8333,0.0089,0.0069,47862,2455539,5197470,54105,0.1241,0.0554,0.0398,236,649,2,988,1,2,0,0,0,0,0,Normal
tcp,http,INT,5.9896,23,10,13023,7610,8.26425,13916.1,10164.27,11,0,0.2604,0.599,0.0063,0.0067,42869,8912460,3342608,13132,0.1025,0.0403,0.075,453,761,0,1075,3,1,0,0,0,0,0,Normal
udp,ssl,INT,7.7022,67,21,6783,0,17.13795,5636.82,0.0,45,0,0.115,0.3668,0.0075,0.0193,20365,7878347,9547546,40713,0.2503,0.0711,0.0753,81,0,2,2909,2,1,0,0,1,0,0,Normal
tcp,ssl,FIN,7.4505,11,26,8002,5590,7.4491499999999995,6874.12,6002.24,0,14,0.6773,0.2866,0.0122,0.0047,60788,6434006,3142643,56563,0.0153,0.0881,0.0924,582,215,1,1804,3,3,0,0,0,0,0,Normal
tcp,dns,CON,0.0537,11,18,728,14040,809.5473000000001,86798.37,2090307.15,0,6,0.0049,0.003,0.0101,0.0171,3375,101196,600001,37552,0.1136,0.0222,0.0154,53,780,0,4959,1,3,0,0,0,0,0,Normal
udp,-,INT,9.0372,2,22,382,10472,3.98355,270.88,9270.12,0,18,4.5186,0.4108,0.0112,0.02,63067,5801609,190088,17461,0.2009,0.0025,0.0718,153,476,2,1099,1,3,0,0,1,0,0,Normal
udp,-,CON,0.2374,121,16,9801,896,577.1175,330296.57,30195.46,42,7,0.001962,0.014837,0.2607,0.0209,1939,567,657,4042,0.006795,0.003902,0.000838,81,56,0,179,22,64,0,0,0,0,1,Exploit
udp,http,CON,3.4555,4,48,2090,36000,22.5729,3870.96,83345.93,0,44,0.8639,0.072,0.0045,0.0158,14815,7635049,3070711,3309,0.2579,0.0685,0.0734,418,750,1,3703,3,3,0,0,1,0,0,Normal
tcp,dns,FIN,9.8727,52,28,30940,7756,12.15465,20056.87,6284.79,23,0,0.1899,0.3526,0.0166,0.0181,2618,489857,6161964,8209,0.121,0.0926,0.0457,476,277,2,4011,1,1,0,0,0,0,0,Normal
udp,dns,CON,5.3225,14,21,6580,11235,9.8637,7912.0,16886.65,0,5,0.3802,0.2535,0.005,0.0171,21537,1866402,3083846,35375,0.2041,0.0867,0.06,376,535,0,4015,4,4,0,0,1,0,0,Normal
tcp,ssl,INT,2.0419,17,22,3612,6952,28.64985,11322.79,27237.39,0,3,0.1201,0.0928,0.0138,0.0094,15626,1003560,6277243,12107,0.2064,0.0305,0.0324,170,316,0,4900,3,3,0,0,0,0,0,Normal
tcp,dns,FIN,2.1493,42,29,31185,16907,49.551899999999996,92861.57,62931.32,13,0,0.0512,0.0741,0.0135,0.0126,18726,607821,7781133,1479,0.122,0.0415,0.0366,594,583,0,1457,2,1,0,0,0,0,0,Normal
tcp,-,CON,2.1556,53,4,39087,2348,39.664049999999996,116050.91,8714.02,48,0,0.0407,0.5389,0.011,0.0064,51236,1811060,8258888,33782,0.2507,0.0676,0.0409,590,587,1,4340,4,1,0,0,1,0,0,Normal
tcp,ssl,FIN,9.985,14,3,4567,1254,2.55375,2927.58,1004.7,11,0,0.7132,3.3283,0.0065,0.0187,36083,5137495,8590999,48995,0.077,0.0948,0.0218,261,418,0,3866,2,4,0,0,1,0,0,Normal
tcp,http,REQ,0.208,487,29,44804,203,2481.1785,1723515.05,7808.98,4,9,0.000427,0.007171,0.4281,0.0442,1019,949,916,961,0.002251,0.004716,0.000199,92,7,1,178,74,67,0,0,8,1,1,Exploit
udp,-,CON,9.9671,18,52,1372,5980,10.534650000000001,881.3,4799.81,0,33,0.5537,0.1917,0.0195,0.0131,62041,8522921,6659270,55289,0.0549,0.0635,0.0185,61,115,1,3151,2,2,0,0,1,0,0,Normal
udp,dns,CON,4.5294,71,55,43753,18645,41.727000000000004,61823.17,32931.26,15,0,0.0638,0.0824,0.0061,0.0013,254,6674360,6741926,30401,0.2124,0.0416,0.0417,493,339,0,3112,2,4,0,0,0,0,0,Normal
tcp,http,INT,1.3262,21,35,12075,15575,63.3378,58270.73,93950.99,0,14,0.0632,0.0379,0.0057,0.0145,3194,9717074,983253,13150,0.0539,0.0211,0.0954,460,445,1,3357,2,3,0,0,1,0,0,Normal
tcp,http,FIN,8.8919,25,43,8218,32981,11.4711,5915.49,29672.82,0,16,0.3557,0.2068,0.0164,0.0187,48251,2796010,4242680,41538,0.147,0.0001,0.0789,263,767,1,3918,4,2,0,0,1,0,0,Normal
udp,ssl,CON,7.1135,24,28,8850,560,10.965150000000001,7962.34,629.79,0,4,0.2964,0.2541,0.0164,0.0071,34147,3516277,2100148,24965,0.1876,0.0094,0.0118,295,20,2,3733,1,4,0,0,0,0,0,Normal
tcp,-,INT,0.4582,55,6,7012,2874,199.70745,97954.89,50182.24,47,0,0.0083,0.0764,0.0116,0.0094,47815,1517522,2785428,5025,0.0942,0.0345,0.0668,102,479,2,3730,4,2,0,0,1,0,0,Normal
icmp,ssh,RST,0.1294,73,4,14527,264,595.277,898450.78,16327.6,19,7,0.001772,0.032338,0.2414,0.045,270,740,449,2737,0.000393,0.001874,0.001393,199,66,1,30,61,41,0,0,7,1,1,Botnet
icmp,ftp,REQ,0.7019,185,27,26640,270,302.0297,303625.29,3077.28,49,5,0.003794,0.025997,0.418,0.0354,2767,939,462,2951,0.00977,0.001778,0.003066,144,10,0,37,59,12,0,0,7,1,1,Generic
tcp,dns,FIN,6.096,51,22,26201,12936,17.9625,27507.81,16976.34,27,0,0.1195,0.2771,0.0033,0.0165,38558,3775477,3581554,12274,0.1931,0.0688,0.0883,411,588,1,2008,2,1,0,0,0,0,0,Normal
udp,-,CON,5.5222,19,14,8502,4718,8.96385,9854.05,6834.96,5,0,0.2906,0.3944,0.0021,0.0011,6839,1255272,6106824,62501,0.2926,0.0491,0.0887,358,337,1,2156,1,1,0,0,1,0,0,Normal
tcp,ssl,FIN,5.1665,20,4,10700,1972,6.96795,13254.59,3053.51,16,0,0.2583,1.2916,0.0172,0.01,25096,7094498,1635815,47347,0.0319,0.0412,0.0792,428,493,0,4044,2,3,0,0,0,0,0,Normal
udp,http,CON,0.729,23,2,1696,964,51.440999999999995,14891.82,10579.01,21,0,0.0317,0.3645,0.0037,0.0081,18296,5431611,4986941,37425,0.0439,0.0919,0.0471,59,482,0,2477,2,4,0,0,1,0,0,Normal
udp,dns,FIN,5.1485,46,4,11615,628,14.567400000000001,14438.49,975.83,42,0,0.1119,1.2871,0.0049,0.0025,4466,5292125,1086125,61139,0.1588,0.0895,0.0339,202,157,0,86,3,4,0,0,1,0,0,Normal
udp,-,FIN,5.1578,69,46,6641,32706,33.444449999999996,8240.7,50728.47,22,0,0.0748,0.1121,0.0145,0.0133,33232,5269691,3650342,9360,0.2154,0.0169,0.0472,77,711,0,503,4,1,0,0,1,0,0,Normal
tcp,dns,CON,5.8844,72,37,14220,7659,27.78555,15466.07,10412.68,34,0,0.0817,0.159,0.0009,0.0012,56091,6399830,7267918,173,0.0755,0.0631,0.0689,158,207,0,1664,3,1,0,0,0,0,0,Normal
tcp,ssl,CON,4.4742,64,27,6160,16605,30.50835,8811.42,29690.27,36,0,0.0699,0.1657,0.0197,0.0083,535,6457442,6199963,41952,0.1344,0.0072,0.0236,77,615,1,3708,4,2,0,0,1,0,0,Normal
tcp,http,CON,0.9635,562,13,23604,637,596.7616,195978.57,5288.86,26,6,0.001714,0.074118,0.2385,0.0999,71,289,835,3256,0.001238,0.002446,0.000495,42,49,1,14,85,50,0,0,6,0,1,Exploit
tcp,http,FIN,5.398,6,23,3045,5865,8.0586,3610.22,8692.1,0,17,0.8997,0.2347,0.0051,0.0156,41352,5488804,5719958,36877,0.1256,0.0259,0.0071,406,255,2,2589,1,1,0,0,0,0,0,Normal
tcp,-,REQ,0.9714,520,21,66560,1512,556.9381,548167.1,12452.35,32,3,0.001868,0.046256,0.1068,0.0897,1747,704,213,3171,0.006835,0.003497,0.003787,128,72,1,145,33,36,0,0,7,1,1,Shellcode
udp,-,INT,0.7218,12,31,1110,23281,89.35515,9841.54,258018.97,0,17,0.0602,0.0233,0.0001,0.0039,61659,7549266,7674170,14729,0.1813,0.0764,0.082,74,751,0,2,4,4,0,0,1,0,0,Normal
udp,dns,CON,9.8947,9,14,1822,7196,3.48675,1178.81,5818.06,0,4,1.0994,0.7068,0.0038,0.0056,30949,7214683,1074680,47191,0.0526,0.0743,0.0001,162,514,2,503,1,1,0,0,1,0,0,Normal
udp,-,FIN,1.1727,11,11,5568,3872,28.1391,30390.26,26413.26,0,0,0.1066,0.1066,0.0186,0.02,62192,6403754,4952855,28989,0.1576,0.0471,0.0663,405,352,2,2172,4,1,0,0,1,0,0,Normal
tcp,-,CON,6.5869,11,6,3423,4014,3.8713500000000005,3326.63,4875.16,3,0,0.5988,1.0978,0.0189,0.0093,43125,1506832,6343545,25473,0.0634,0.0849,0.0466,249,669,2,4588,1,1,0,0,0,0,0,Normal
tcp,ssl,INT,4.2216,44,31,13530,22103,26.6484,20511.47,41885.17,11,0,0.0959,0.1362,0.0001,0.0039,64905,8291548,5131241,31863,0.2864,0.0219,0.0159,246,713,2,1192,2,2,0,0,0,0,0,Normal
tcp,-,CON,3.2715,77,14,51205,1274,41.7234,100170.42,3115.35,62,0,0.0425,0.2337,0.0025,0.01,40413,1626050,7418094,1142,0.1106,0.0609,0.0491,532,91,1,76,1,1,0,0,0,0,0,Normal
tcp,http,INT,5.0592,31,0,12361,0,9.19125,15637.38,0.0,31,0,0.1632,5.0592,0.0157,0.0081,42706,8967435,6546094,9773,0.1212,0.0431,0.0031,319,0,2,546,3,2,0,0,0,0,0,Normal
tcp,ssl,INT,7.1771,26,47,4647,8413,15.256800000000002,4144.27,9377.55,0,20,0.276,0.1527,0.0008,0.0088,50629,4128542,7326651,14595,0.2943,0.0461,0.0699,143,179,2,91,4,2,0,0,0,0,0,Normal
tcp,-,FIN,3.4479,50,38,23312,22724,38.2845,43273.09,52725.88,12,0,0.069,0.0907,0.0169,0.0044,19706,7861738,3407031,33378,0.1476,0.0263,0.048,373,598,2,156,4,2,0,0,0,0,0,Normal
tcp,ssl,CON,2.3755,42,12,3412,3468,34.09815,9193.89,11679.26,30,0,0.0566,0.198,0.0088,0.0031,19074,8591139,3630293,34125,0.2727,0.0494,0.097,65,289,2,3866,3,4,0,0,1,0,0,Normal
tcp,http,CON,2.5968,59,42,30090,3864,58.33995,74157.62,11903.67,17,0,0.044,0.0618,0.0097,0.0048,19104,6770137,7393850,36229,0.2488,0.0652,0.0408,408,92,2,229,4,4,0,0,1,0,0,Normal
icmp,-,INT,0.4924,284,12,52256,1188,601.1324,848993.96,19301.23,43,4,0.001734,0.041034,0.2318,0.0135,1246,862,696,161,0.000933,0.00133,0.003599,184,99,1,64,42,20,0,0,2,1,1,Botnet
udp,http,FIN,0.2265,57,37,12540,4255,622.4562,354296.77,150272.4,18,0,0.004,0.0061,0.014,0.0017,25759,5880086,3126141,50111,0.1867,0.0124,0.0671,176,115,0,3840,3,2,0,0,1,0,0,Normal
tcp,ssl,FIN,2.3257,76,39,38095,20787,74.1714,104832.35,71503.81,37,0,0.0306,0.0596,0.0065,0.0115,47193,9542933,1616168,31275,0.1897,0.0692,0.0705,401,533,0,2142,1,2,0,0,0,0,0,Normal
udp,dns,INT,5.0863,67,46,22696,17434,33.324600000000004,28558.06,27420.9,19,0,0.0759,0.1106,0.0073,0.0038,26514,4421090,4566057,63796,0.2484,0.0567,0.0988,271,379,2,1644,3,4,0,0,0,0,0,Normal
tcp,dns,INT,5.9675,73,54,35952,33210,31.92285,38558.06,44521.01,19,0,0.0817,0.1105,0.006,0.0184,60740,5324805,1934951,23180,0.029,0.0982,0.0218,394,615,0,2131,2,4,0,0,1,0,0,Normal
tcp,dns,FIN,6.5776,54,38,7695,14288,20.9802,7487.19,17377.67,14,0,0.1218,0.1731,0.0062,0.0078,16954,7994764,100770,10287,0.1414,0.0744,0.0037,114,376,0,2869,2,4,0,0,0,0,0,Normal
tcp,-,CON,3.5819,78,54,9945,35640,55.278600000000004,17769.58,79601.28,23,0,0.0459,0.0663,0.0003,0.0137,10571,133184,2348844,18391,0.2016,0.0897,0.0909,102,660,1,673,2,4,0,0,0,0,0,Normal
udp,dns,INT,7.5918,12,32,1890,22176,8.69355,1593.3,23368.42,0,19,0.6326,0.2372,0.0101,0.0053,4442,5936225,3034216,29136,0.0341,0.0529,0.0861,126,693,2,2227,4,2,0,0,1,0,0,Normal
udp,-,CON,8.6399,68,6,26520,2118,12.847349999999999,19644.65,1961.13,62,0,0.1271,1.44,0.0125,0.0171,22630,2034283,3741429,42144,0.0589,0.0171,0.065,312,353,0,189,3,4,0,0,0,0,0,Normal
udp,ssl,FIN,3.7349,19,9,11803,4095,11.24535,20226.74,8771.42,8,0,0.1966,0.415,0.0069,0.0063,12503,3220676,7196715,60155,0.0276,0.0078,0.0106,497,455,1,31,3,1,0,0,0,0,0,Normal
udp,ssh,CON,0.3708,336,28,24528,1736,981.5365,529123.69,37449.39,27,4,0.001104,0.013245,0.1644,0.0702,863,407,113,1635,0.008615,0.001481,0.00349,73,62,1,109,30,30,0,0,7,1,1,Reconnaissance
tcp,-,CON,3.1842,65,19,9018,4180,39.570299999999996,18127.0,10501.85,44,0,0.049,0.1676,0.012,0.018,57610,6455318,1158327,62968,0.0219,0.0032,0.0349,111,220,2,3263,1,2,0,0,0,0,0,Normal
tcp,-,FIN,2.0181,44,14,25300,7084,43.109849999999994,80233.74,28081.81,29,0,0.0459,0.1442,0.0071,0.0029,15487,2853455,5541054,24860,0.1365,0.0056,0.0846,460,506,0,1984,4,4,0,0,0,0,0,Normal
udp,ssl,FIN,1.1699,2,20,1085,2480,28.2075,5935.54,16958.68,0,16,0.585,0.0585,0.0178,0.0123,38407,8723955,853229,17423,0.1053,0.0583,0.072,434,124,1,2410,4,1,0,0,0,0,0,Normal
udp,http,INT,9.1789,64,48,43360,14448,18.30285,30232.91,12592.4,15,0,0.1434,0.1912,0.0158,0.0048,47383,6878849,504681,42170,0.1576,0.0836,0.0401,542,301,2,302,2,3,0,0,0,0,0,Normal
tcp,ssl,FIN,2.9487,16,1,4120,742,8.64795,8942.3,2013.1,14,0,0.1843,2.9487,0.013,0.0136,38914,3940928,4755705,20739,0.0486,0.0788,0.0637,206,742,0,1282,3,2,0,0,0,0,0,Normal
udp,dns,CON,3.1053,3,49,1312,35966,25.11855,2705.07,92657.63,0,46,1.0351,0.0634,0.015,0.0124,64988,8765778,4963409,46026,0.0788,0.0552,0.0965,350,734,0,4205,4,2,0,0,0,0,0,Normal
tcp,ssl,CON,1.5278,65,40,32256,18680,103.0866,135118.81,97811.25,25,0,0.0235,0.0382,0.0155,0.0162,58334,438861,8627460,38287,0.1287,0.0959,0.0052,397,467,0,4227,1,4,0,0,0,0,0,Normal
tcp,http,FIN,0.5334,62,50,6122,7650,314.97375,73463.87,114740.43,10,0,0.0086,0.0107,0.0071,0.0069,60642,2168721,6056995,56056,0.2298,0.0551,0.0259,79,153,0,3339,3,2,0,0,0,0,0,Normal
udp,http,INT,2.87,7,39,2520,8190,24.04215,5619.58,22829.55,0,31,0.41,0.0736,0.0092,0.0156,1732,5746351,3928800,17453,0.0332,0.0004,0.0439,288,210,2,1455,4,4,0,0,1,0,0,Normal
tcp,ssl,FIN,1.3619,76,56,32680,3192,145.38105,153569.4,18749.75,19,0,0.0179,0.0243,0.0071,0.0009,20798,3779549,3522336,54573,0.0482,0.0729,0.046,344,57,0,3080,2,4,0,0,1,0,0,Normal
tcp,-,CON,6.3439,8,35,2020,26880,10.167300000000001,2037.88,33897.35,0,25,0.793,0.1813,0.0023,0.0097,60601,3118287,3031183,36961,0.1162,0.0241,0.0506,202,768,1,3882,4,3,0,0,1,0,0,Normal
tcp,ssl,CON,3.557,18,29,4207,18299,19.82025,7570.48,41156.31,0,10,0.1976,0.1227,0.0061,0.0155,29351,7446656,1984945,19044,0.1931,0.0054,0.0127,187,631,0,3065,2,3,0,0,0,0,0,Normal
tcp,dns,INT,9.6257,39,16,18427,8432,8.57085,12252.18,7007.89,22,0,0.2468,0.6016,0.0142,0.0119,22930,7205438,6445682,9736,0.1633,0.0587,0.011,378,527,0,1406,1,3,0,0,0,0,0,Normal
udp,dns,CON,2.18,33,2,2970,1098,24.082349999999998,8719.18,4029.32,30,0,0.0661,1.09,0.01,0.0037,40927,4762109,3870723,18236,0.1268,0.0876,0.0922,72,549,1,3614,4,4,0,0,0,0,0,Normal
tcp,ssh,INT,0.8973,639,28,81792,1848,743.3108,729197.97,16475.42,18,9,0.001404,0.032048,0.0314,0.0295,477,900,542,3361,0.008914,0.000192,0.002257,128,66,1,182,23,16,0,0,5,1,1,DoS
udp,http,INT,4.4684,63,55,40241,27060,39.612,57637.38,48447.41,7,0,0.0709,0.0812,0.0034,0.002,8954,4603974,1758521,10126,0.0515,0.0162,0.0349,511,492,1,1265,2,2,0,0,0,0,0,Normal
tcp,http,INT,4.5444,59,33,30606,10296,30.367350000000002,43103.94,18125.31,25,0,0.077,0.1377,0.0164,0.0093,7303,2853138,1709165,33216,0.1812,0.0456,0.0167,415,312,1,306,3,1,0,0,0,0,0,Normal
udp,-,INT,8.3121,79,55,38710,41085,24.1815,29805.14,39542.24,23,0,0.1052,0.1511,0.0072,0.0105,20050,6842491,5437184,25332,0.1528,0.0447,0.0836,392,747,1,4603,2,1,0,0,0,0,0,Normal
tcp,-,CON,4.7312,74,18,52910,414,29.1681,71572.78,700.04,54,0,0.0639,0.2628,0.0069,0.0104,38195,3531050,7327440,49965,0.1545,0.0799,0.0832,572,23,2,3269,3,1,0,0,0,0,0,Normal
udp,ssl,INT,3.561,32,0,15920,0,13.47915,28611.84,0.0,30,0,0.1113,3.561,0.0044,0.0026,50237,2674743,3477484,58922,0.0397,0.031,0.0533,398,0,0,1045,4,4,0,0,0,0,0,Normal
tcp,ssl,INT,3.5778,26,23,12317,16008,20.543400000000002,22033.74,35794.2,1,0,0.1376,0.1556,0.0126,0.0151,51528,871029,7064351,33409,0.0826,0.0123,0.0569,379,696,2,3772,4,3,0,0,0,0,0,Normal
tcp,http,RST,0.6615,544,17,31008,204,848.0123,374975.63,2466.94,31,6,0.001216,0.038915,0.0836,0.0558,3564,65,835,3051,0.0062,0.003119,0.002784,57,12,0,6,27,41,0,0,5,1,1,Worm
udp,-,INT,5.4659,3,28,1335,1036,8.507249999999999,1563.15,1516.31,0,25,1.822,0.1952,0.0017,0.0091,59414,7015030,2962021,54276,0.2091,0.0274,0.0507,356,37,2,1194,2,4,0,0,0,0,0,Normal
udp,ssl,FIN,9.749,66,11,24915,462,11.8473,16356.07,379.11,54,0,0.1477,0.8863,0.0125,0.007,3754,9902773,5042996,13330,0.1243,0.0779,0.0795,302,42,1,1350,1,2,0,0,1,0,0,Normal
udp,dns,CON,1.3614,51,30,20527,11790,89.2449,96499.12,69280.52,19,0,0.0267,0.0454,0.0051,0.011,37270,1832676,4000233,16965,0.0157,0.0031,0.0061,322,393,1,4175,1,2,0,0,1,0,0,Normal
tcp,http,CON,5.87,16,55,7920,32505,18.14295,8635.02,44299.45,0,39,0.3669,0.1067,0.0051,0.0129,53247,6138080,3290089,17464,0.1697,0.0131,0.0442,396,591,0,4642,4,4,0,0,1,0,0,Normal
udp,dns,CON,5.8714,17,57,7033,36651,18.9051,7666.95,49938.04,0,39,0.3454,0.103,0.0081,0.0015,38390,1304196,7918486,17361,0.2585,0.015,0.0566,331,643,2,2672,1,4,0,0,0,0,0,Normal
icmp,-,RST,1.4152,649,28,33099,224,478.3777,187105.74,1266.25,10,9,0.002181,0.050543,0.2902,0.0215,1600,474,143,3857,0.004117,0.004712,0.003066,51,8,0,128,25,79,0,0,6,1,1,Worm
tcp,ssl,FIN,6.4067,22,41,14327,21074,14.750250000000001,14312.52,26314.95,0,18,0.2912,0.1563,0.0137,0.0041,27476,7251384,2347064,56409,0.0998,0.0018,0.0533,521,514,0,4347,4,3,0,0,1,0,0,Normal
tcp,-,INT,7.3076,25,22,14750,9834,9.64755,12918.13,10765.84,1,0,0.2923,0.3322,0.0177,0.0163,6225,7980793,6235784,42557,0.2315,0.0566,0.0995,472,447,2,1803,2,3,0,0,0,0,0,Normal
udp,http,CON,7.0319,19,8,5533,1064,5.75955,5036.49,1210.49,9,0,0.3701,0.879,0.0181,0.0191,29629,1725865,1876764,44805,0.0038,0.0032,0.0847,233,133,2,291,1,2,0,0,0,0,0,Normal
udp,dns,CON,3.2608,73,57,9855,42522,59.80200000000001,19342.71,104324.05,15,0,0.0447,0.0572,0.0188,0.0125,15836,8474334,4048602,35529,0.0656,0.0134,0.0984,108,746,1,53,1,2,0,0,1,0,0,Normal
tcp,ssl,INT,3.2671,66,59,22027,2124,57.39,43149.89,5200.91,5,0,0.0495,0.0554,0.0091,0.0188,8957,6661711,443575,15232,0.1659,0.0297,0.0165,267,36,0,3166,2,3,0,0,0,0,0,Normal
icmp,ssh,CON,0.7218,693,15,117810,195,980.9313,1305802.48,2161.37,29,3,0.001042,0.048118,0.3407,0.0972,3389,111,306,3917,0.009726,0.001935,0.001554,170,13,1,104,50,40,0,0,2,1,1,Botnet
tcp,-,CON,5.6418,6,13,2370,6279,5.051550000000001,2688.48,8903.48,0,6,0.9403,0.434,0.0039,0.0168,13363,5420063,5673035,41005,0.1713,0.0714,0.01,316,483,0,912,2,2,0,0,1,0,0,Normal
icmp,ftp,INT,0.8873,724,15,141180,165,832.8781,1272917.24,1487.68,32,8,0.001226,0.059152,0.4978,0.0529,1202,161,181,3228,0.001004,0.004869,0.003149,195,11,0,62,32,62,0,0,7,1,1,DoS
icmp,-,CON,0.26,550,2,98450,72,2123.068,3029218.02,2215.38,13,8,0.000473,0.130001,0.2137,0.0612,15,668,921,537,0.007576,0.002588,0.00061,179,36,0,87,32,29,0,2,6,0,1,Backdoor
tcp,ssl,INT,4.0204,24,51,6240,20961,27.98265,9933.45,41709.75,0,25,0.1675,0.0788,0.0027,0.0052,38404,5136359,6813977,39525,0.2148,0.0299,0.078,208,411,1,2054,2,3,0,0,0,0,0,Normal
udp,-,INT,6.9288,71,26,19436,6448,20.999399999999998,17952.95,7444.89,45,0,0.0976,0.2665,0.0128,0.0052,24941,1393334,3865657,15405,0.0041,0.0753,0.0152,219,248,2,4205,4,4,0,0,1,0,0,Normal
udp,-,INT,6.3951,35,56,17981,15232,21.3444,17994.99,19054.55,0,21,0.1827,0.1142,0.0004,0.0058,44154,8540705,5789705,34835,0.2081,0.0943,0.0466,411,272,2,4775,2,4,0,0,1,0,0,Normal
udp,ssl,FIN,5.4028,14,27,4252,2781,11.38305,5037.42,4117.89,0,12,0.3859,0.2001,0.0115,0.0069,33910,9362482,8398486,63458,0.0574,0.0085,0.0027,243,103,0,979,4,1,0,0,0,0,0,Normal
tcp,ssl,INT,5.3948,73,43,54658,12126,32.253,64842.7,17981.63,28,0,0.0739,0.1255,0.0143,0.0174,49324,8080211,3717290,48523,0.1011,0.0596,0.0823,599,282,2,4323,4,4,0,0,0,0,0,Normal
udp,dns,CON,0.6187,38,17,17385,5117,133.33905000000001,179828.26,66162.01,20,0,0.0163,0.0364,0.0169,0.0169,63511,9792440,3737872,45084,0.0843,0.075,0.0888,366,301,1,4407,2,3,0,0,0,0,0,Normal
icmp,ssh,RST,0.9172,217,20,39060,860,258.3986,340693.65,7501.19,34,5,0.004227,0.045859,0.3596,0.077,82,934,520,2962,0.008489,0.00385,0.003738,180,43,0,98,52,77,0,0,3,0,1,DoS
tcp,dns,INT,1.4138,68,57,17425,40185,132.61814999999999,78877.74,227381.78,10,0,0.0208,0.0248,0.0087,0.0111,44643,4132520,5648512,42183,0.1416,0.0604,0.0143,205,705,0,2146,3,2,0,0,0,0,0,Normal
udp,dns,INT,7.2728,39,59,10725,20355,20.2122,9437.86,22390.17,0,18,0.1865,0.1233,0.0167,0.0074,25773,5476874,2813868,37551,0.0301,0.0266,0.0638,220,345,0,3728,2,4,0,0,1,0,0,Normal
tcp,ssl,CON,6.358,22,20,8525,1800,9.9087,8581.29,2264.86,2,0,0.289,0.3179,0.0127,0.0007,40973,2019174,9071966,17563,0.1072,0.0914,0.024,310,90,0,4816,1,2,0,0,1,0,0,Normal
tcp,dns,INT,1.1638,43,26,11986,858,88.9362,65917.61,5898.14,15,0,0.0271,0.0448,0.0191,0.0155,20045,7360329,601684,8714,0.0327,0.0814,0.0774,223,33,1,1006,1,3,0,0,1,0,0,Normal
udp,dns,FIN,9.225,70,40,50487,6880,17.88615,35026.44,5966.37,28,0,0.1318,0.2306,0.017,0.0131,27266,3196907,3723476,32052,0.1806,0.0011,0.0799,577,172,2,259,4,2,0,0,1,0,0,Normal
icmp,-,RST,0.7996,658,27,90804,27,856.6846,908500.88,270.14,13,3,0.001215,0.029615,0.3857,0.0961,2542,810,608,2547,0.006866,0.00445,0.00316,138,1,0,34,81,47,0,0,3,0,1,Analysis
udp,dns,INT,3.8338,79,2,46412,1390,31.691850000000002,77479.55,2900.53,75,0,0.0485,1.9169,0.0071,0.0147,30599,6691721,4400947,56096,0.0354,0.0786,0.0222,470,695,0,2527,1,3,0,0,0,0,0,Normal
tcp,dns,INT,4.5612,12,57,8895,33801,22.69155,12481.03,59284.91,0,45,0.3801,0.08,0.0132,0.0115,55516,7778010,9302109,55267,0.2877,0.052,0.0609,593,593,1,3516,4,2,0,0,0,0,0,Normal
udp,-,CON,1.4459,2,21,1397,567,23.861250000000002,6185.95,3137.24,0,18,0.7229,0.0689,0.0029,0.0153,34660,9541208,5348263,65493,0.2537,0.0859,0.0964,559,27,1,3534,2,4,0,0,0,0,0,Normal
udp,http,CON,6.6218,74,39,22570,24687,25.597350000000002,21814.08,29825.22,35,0,0.0895,0.1698,0.0167,0.0148,48926,4525864,5946704,31875,0.2515,0.0619,0.0001,244,633,2,348,2,1,0,0,0,0,0,Normal
udp,-,CON,3.3828,41,54,24856,35316,42.12435,47025.5,83517.86,0,11,0.0825,0.0626,0.0022,0.0182,32075,384590,9703441,20528,0.2457,0.0523,0.0196,485,654,1,1483,3,4,0,0,0,0,0,Normal
tcp,http,INT,6.7162,77,21,40136,7749,21.8874,38246.74,9230.25,54,0,0.0872,0.3198,0.0083,0.0138,43894,450963,4227818,45261,0.0164,0.0176,0.0445,417,369,1,4626,3,4,0,0,0,0,0,Normal
udp,http,CON,7.8401,36,5,2475,5,7.84425,2020.39,5.1,30,0,0.2178,1.568,0.0059,0.0135,19379,4282316,2184773,25894,0.1647,0.0861,0.0328,55,1,0,122,3,2,0,0,0,0,0,Normal
udp,ssl,INT,8.6915,3,47,1601,1833,8.62905,1179.08,1687.16,0,44,2.8972,0.1849,0.0198,0.0083,54426,2552694,1766899,34357,0.2929,0.0151,0.0005,427,39,1,45,2,2,0,0,0,0,0,Normal
udp,ssl,FIN,5.2011,14,19,3045,10678,9.5172,3746.88,16424.11,0,5,0.3715,0.2737,0.0042,0.0024,60989,4678488,9166748,30303,0.003,0.0054,0.0621,174,562,0,4260,2,1,0,0,1,0,0,Normal
tcp,-,INT,5.9023,5,31,2631,12276,9.1491,2853.15,16639.06,0,24,1.1805,0.1904,0.0063,0.0124,18778,4116358,3104187,26759,0.033,0.0926,0.0868,421,396,1,1907,4,3,0,0,1,0,0,Normal
tcp,dns,FIN,8.9398,2,29,762,5539,5.2014,545.87,4956.69,0,27,4.4699,0.3083,0.001,0.006,8209,4434909,9587143,14540,0.153,0.0337,0.0308,305,191,1,4066,2,1,0,0,1,0,0,Normal
tcp,dns,INT,6.0847,13,27,2405,1296,9.86085,2529.63,1703.95,0,13,0.4681,0.2254,0.0184,0.0178,60755,9861075,9728723,60195,0.201,0.0165,0.0064,148,48,1,2481,4,4,0,0,1,0,0,Normal
tcp,-,FIN,5.6473,65,26,32175,8008,24.171,36463.74,11344.28,39,0,0.0869,0.2172,0.0148,0.0059,26003,1464142,9291722,33472,0.2472,0.0736,0.0483,396,308,2,1181,4,2,0,0,1,0,0,Normal
tcp,-,FIN,2.3607,66,50,33247,4250,73.70805,90137.37,14402.73,16,0,0.0358,0.0472,0.0057,0.0019,16440,9344636,2287045,44822,0.196,0.0265,0.0672,403,85,2,1678,3,3,0,0,0,0,0,Normal
tcp,ssl,FIN,1.8144,7,16,4716,5776,19.015050000000002,16636.22,25468.01,0,9,0.2592,0.1134,0.0073,0.0154,32355,9669417,7464945,24541,0.0931,0.0162,0.0407,539,361,0,1936,2,1,0,0,0,0,0,Normal
tcp,ftp,REQ,0.1546,254,12,34290,108,1720.1341,1773936.78,5587.2,40,6,0.000609,0.012887,0.458,0.0906,3693,426,81,488,0.007466,0.003683,0.002554,135,9,1,22,41,41,0,0,0,1,1,Worm
tcp,dns,FIN,0.8149,46,35,29037,26110,149.09295,228044.66,256317.09,10,0,0.0177,0.0233,0.0028,0.0033,31861,2946238,9431461,52159,0.2808,0.0551,0.0912,505,746,1,3649,2,4,0,0,1,0,0,Normal
tcp,ssl,INT,5.5659,51,3,3952,444,14.55285,4544.82,638.17,48,0,0.1091,1.8553,0.0005,0.008,45141,3628425,5051548,39103,0.2219,0.056,0.0736,62,148,2,115,4,2,0,0,0,0,0,Normal
tcp,ssl,INT,1.5498,35,2,11637,864,35.8116,48058.56,4460.0,32,0,0.0443,0.7749,0.0002,0.0155,22960,1956917,4722188,3054,0.1671,0.0957,0.065,266,432,2,4094,3,3,0,0,0,0,0,Normal
udp,ssl,FIN,9.7697,48,1,25800,737,7.523250000000001,16901.24,603.5,46,0,0.2035,9.7697,0.0189,0.0003,5292,3380233,5153304,65409,0.2597,0.072,0.0023,430,737,1,2991,4,4,0,0,0,0,0,Normal
tcp,dns,INT,8.5884,41,46,20705,15272,15.195,15429.26,14225.77,0,3,0.2095,0.1867,0.0135,0.0197,49737,9139159,5888814,51043,0.2281,0.0487,0.0148,404,332,2,3889,2,4,0,0,0,0,0,Normal
tcp,ssl,CON,0.7399,64,30,33760,20160,190.55925000000002,292007.14,217967.41,33,0,0.0116,0.0247,0.0114,0.0041,17381,8709400,4965113,41977,0.0859,0.0273,0.0964,422,672,2,1421,1,4,0,0,0,0,0,Normal
udp,http,CON,1.1991,118,12,5428,444,108.4116,36212.82,2962.14,31,7,0.010162,0.099928,0.2308,0.0183,213,429,636,3723,0.00107,5e-05,0.0042,46,37,0,146,64,69,0,0,6,1,1,Reconnaissance
udp,dns,CON,1.0658,20,50,3625,26550,98.52194999999999,21768.67,199295.95,0,29,0.0533,0.0213,0.0027,0.0037,3541,6954958,8635155,34336,0.1361,0.0701,0.0803,145,531,0,2995,3,4,0,0,1,0,0,Normal
icmp,ssh,REQ,1.3811,553,19,51982,76,414.1712,301111.17,440.24,24,6,0.002497,0.072688,0.477,0.0055,2954,850,21,3157,0.006324,0.001477,0.002561,94,4,1,144,52,23,0,0,6,0,1,Exploit
tcp,-,CON,1.4471,67,14,38943,5432,83.96130000000001,172234.84,30029.84,52,0,0.0216,0.1034,0.0002,0.0118,4193,9718750,1185047,336,0.1504,0.0676,0.0013,465,388,0,3328,1,1,0,0,1,0,0,Normal
tcp,ftp,RST,0.2059,262,9,43492,117,1316.3832,1690100.03,4546.62,23,0,0.000786,0.022874,0.3517,0.0784,406,733,426,3214,0.007602,0.004858,0.004726,166,13,1,2,92,12,0,1,6,1,1,Backdoor
udp,dns,FIN,5.5085,29,18,14608,5490,12.7983,16972.93,7973.08,9,0,0.1899,0.306,0.0123,0.0016,23885,1453841,5598220,60233,0.2306,0.0482,0.0865,403,305,1,1576,3,3,0,0,0,0,0,Normal
udp,-,CON,3.6583,70,45,36050,32805,47.1537,63068.38,71739.18,24,0,0.0523,0.0813,0.0177,0.0167,17438,2039292,5576023,30080,0.2166,0.0602,0.0272,412,729,1,4314,2,3,0,0,1,0,0,Normal
udp,http,INT,2.2016,54,30,18360,14970,57.2307,53371.72,54396.42,24,0,0.0408,0.0734,0.0078,0.011,45259,5450641,9116323,37340,0.2124,0.06,0.0561,272,499,1,3515,3,1,0,0,0,0,0,Normal
udp,-,INT,1.6473,26,55,3770,6325,73.75890000000001,14647.36,30717.7,0,27,0.0634,0.03,0.0146,0.0037,65079,8144147,3196131,23578,0.1075,0.0524,0.0528,116,115,2,1155,1,4,0,0,0,0,0,Normal
udp,http,FIN,7.6706,51,49,10837,26999,19.55505,9042.29,28158.34,1,0,0.1504,0.1565,0.0002,0.0089,2458,4451093,9422595,43220,0.0154,0.0699,0.05,170,551,2,4604,3,1,0,0,0,0,0,Normal
tcp,dns,INT,6.5456,74,12,30895,1212,19.70805,30207.94,1481.31,60,0,0.0885,0.5455,0.0039,0.0135,17160,1276353,5191152,8024,0.1467,0.0073,0.0029,334,101,1,4410,3,3,0,0,1,0,0,Normal
udp,-,CON,8.464,8,8,540,4168,2.8356000000000003,408.32,3939.5,0,0,1.058,1.058,0.0114,0.0172,18482,3618312,7881089,35803,0.2088,0.0134,0.0929,54,521,0,2180,3,4,0,0,0,0,0,Normal
udp,-,INT,1.176,34,52,13897,28496,109.6926,75631.79,193848.12,0,18,0.0346,0.0226,0.0039,0.0134,17660,8502742,7277354,52799,0.0092,0.0939,0.0452,327,548,1,2087,2,1,0,0,0,0,0,Normal
icmp,ssh,CON,0.8014,140,6,13720,246,182.1738,136954.74,2455.6,40,7,0.005725,0.133572,0.1035,0.0603,1699,709,989,4025,0.009751,0.004873,0.001481,98,41,0,38,68,45,0,0,8,1,1,Shellcode
udp,ssl,INT,2.043,73,13,22356,715,63.1422,70034.07,2799.8,59,0,0.028,0.1572,0.0142,0.0123,15178,2436899,1874490,20136,0.1416,0.0963,0.0791,245,55,2,2398,4,4,0,0,1,0,0,Normal
tcp,ssl,INT,5.0434,75,49,28875,18669,36.87975,36641.84,29613.27,24,0,0.0672,0.1029,0.007,0.0163,47091,5937996,134967,42442,0.0493,0.017,0.0866,308,381,0,1088,4,2,0,0,1,0,0,Normal
tcp,ssl,INT,6.1842,1,18,367,5094,4.6086,380.33,6589.74,0,15,6.1842,0.3436,0.0134,0.0031,13939,2321161,1938485,16091,0.0985,0.0604,0.0373,294,283,0,598,1,1,0,0,1,0,0,Normal
udp,-,FIN,3.8205,10,43,2687,21629,20.808600000000002,4501.98,45289.95,0,31,0.3821,0.0888,0.0011,0.0189,48638,5834498,3365339,63523,0.2303,0.0625,0.0362,215,503,1,256,4,4,0,0,0,0,0,Normal
udp,-,FIN,4.293,16,11,1320,5225,9.43395,1967.85,9736.77,3,0,0.2683,0.3903,0.006,0.0122,41501,3851908,2600795,42227,0.0954,0.0531,0.028,66,475,1,787,2,3,0,0,1,0,0,Normal
tcp,http,CON,9.0983,18,41,5557,7421,9.72705,3909.29,6525.15,0,23,0.5055,0.2219,0.0003,0.0038,8008,4051502,4978228,19417,0.2271,0.0083,0.094,247,181,0,3239,2,3,0,0,0,0,0,Normal
icmp,-,CON,0.8366,483,17,64722,85,597.6411,618888.42,812.79,0,8,0.001732,0.049213,0.1284,0.0833,3564,59,708,1713,0.006076,0.002898,0.002344,134,5,0,152,58,53,0,0,4,0,1,Botnet
tcp,http,INT,6.1295,29,34,20553,5644,15.41715,21460.65,7366.29,0,3,0.2114,0.1803,0.0088,0.0044,424,777409,5177362,63476,0.0121,0.0282,0.0185,567,166,2,2611,3,3,0,0,1,0,0,Normal
tcp,-,CON,3.6159,13,9,1722,4725,9.1263,3048.73,10453.73,3,0,0.2781,0.4018,0.0123,0.0041,53029,7526251,656186,21508,0.2271,0.0959,0.0148,106,525,0,713,4,2,0,0,0,0,0,Normal
tcp,ssl,INT,1.2871,29,57,13992,30495,100.22355000000002,69575.35,189539.07,0,27,0.0444,0.0226,0.0152,0.0066,1045,9121554,2393480,61883,0.1693,0.0352,0.0478,386,535,0,2134,3,1,0,0,0,0,0,Normal
tcp,dns,INT,8.1057,28,25,7665,7825,9.8079,6052.02,7722.94,3,0,0.2895,0.3242,0.0187,0.0133,16965,1025851,3627505,45754,0.0493,0.0832,0.023,219,313,0,3733,2,2,0,0,1,0,0,Normal
tcp,-,CON,1.0671,68,21,14705,15666,125.10855,88196.36,117450.2,46,0,0.0157,0.0508,0.0097,0.0169,46780,955459,1714595,28022,0.2122,0.0177,0.0386,173,746,2,1998,2,2,0,0,1,0,0,Normal
udp,-,FIN,1.1975,45,29,32118,1653,92.6913,171654.14,11042.78,15,0,0.0266,0.0413,0.0018,0.0045,8978,5867653,2320789,18833,0.2677,0.0477,0.0587,571,57,2,511,3,2,0,0,0,0,0,Normal
udp,dns,INT,5.0305,73,8,47541,3800,24.15285,60484.37,6043.19,65,0,0.0689,0.6288,0.0016,0.0055,54784,3261761,6795225,29445,0.2978,0.0083,0.0111,521,475,2,1134,1,1,0,0,0,0,0,Normal
tcp,-,CON,8.0826,31,50,16507,3750,15.032399999999999,13071.11,3711.7,0,19,0.2607,0.1617,0.0022,0.0072,43853,8854306,8028377,10874,0.0753,0.0387,0.0544,426,75,1,749,2,1,0,0,1,0,0,Normal
udp,-,CON,2.6639,51,12,30536,6048,35.4747,73363.98,18163.06,37,0,0.0522,0.222,0.007,0.0121,50578,9559040,796512,4885,0.0618,0.0997,0.0655,479,504,2,3156,1,2,0,0,0,0,0,Normal
udp,-,CON,0.3077,216,10,14040,210,734.4624,365021.33,5459.72,40,6,0.001425,0.030771,0.2605,0.0833,914,551,436,3515,0.006513,0.00469,0.002972,65,21,0,128,42,35,0,0,6,1,1,Analysis
tcp,dns,CON,0.6385,20,18,9250,3168,89.2698,92715.36,39692.2,1,0,0.0319,0.0355,0.0012,0.006,51181,4972192,1708308,31807,0.285,0.07,0.0254,370,176,1,4173,2,1,0,0,1,0,0,Normal
tcp,ftp,RST,0.8516,191,20,23684,780,247.7774,222497.1,7327.64,18,7,0.004458,0.042579,0.2401,0.0231,1233,669,295,2580,0.003058,0.001962,0.003495,124,39,0,71,26,13,0,0,2,0,1,Analysis
tcp,-,INT,6.3015,79,7,15602,2226,20.471400000000003,15846.48,2826.01,72,0,0.0798,0.9002,0.0045,0.0058,53156,5329718,5549080,60185,0.0662,0.071,0.0583,158,318,0,4003,2,4,0,0,1,0,0,Normal
tcp,dns,INT,4.1538,74,0,16280,0,26.722350000000002,25083.41,0.0,74,0,0.0561,4.1538,0.008,0.0073,57555,7390934,641715,12745,0.0105,0.0403,0.0494,176,0,2,1728,2,2,0,0,1,0,0,Normal
tcp,http,INT,2.4978,40,5,2850,1030,27.02355,7302.37,3298.88,34,0,0.0624,0.4996,0.0089,0.0063,35526,6365366,6395399,2576,0.0275,0.0694,0.0324,57,206,2,2059,3,4,0,0,0,0,0,Normal
udp,dns,CON,8.7064,34,6,23545,4050,6.891449999999999,17307.77,3721.41,26,0,0.2561,1.4511,0.0042,0.0012,41352,6879112,1084615,49540,0.0766,0.0614,0.0723,554,675,0,686,4,1,0,0,1,0,0,Normal
udp,ssl,FIN,0.8663,45,16,22443,2288,105.6192,165804.72,21128.44,29,0,0.0193,0.0541,0.0145,0.0052,32873,1538684,8352798,5863,0.2528,0.0143,0.0456,399,143,1,231,4,3,0,0,0,0,0,Normal
tcp,http,CON,0.848,42,45,28245,23715,153.89280000000002,213171.61,223728.3,0,3,0.0202,0.0188,0.0195,0.0091,36055,1839015,4112284,57843,0.2835,0.0019,0.0361,538,527,0,687,3,1,0,0,0,0,0,Normal
tcp,ssl,FIN,4.058,61,35,7625,8260,35.4858,12025.75,16284.04,25,0,0.0665,0.1159,0.0167,0.0111,11551,3100558,206908,19203,0.216,0.0146,0.0622,100,236,1,3598,1,4,0,0,0,0,0,Normal
udp,dns,FIN,0.4723,54,40,9855,23440,298.54335,133544.17,397041.52,13,0,0.0087,0.0118,0.0157,0.0085,14161,7302242,292063,64312,0.0403,0.0146,0.0603,146,586,0,4086,1,2,0,0,0,0,0,Normal
tcp,ssl,FIN,4.7623,50,1,23875,255,16.06365,32085.22,428.36,49,0,0.0952,4.7623,0.0173,0.0137,16423,1212847,8735316,2937,0.183,0.0903,0.0323,382,255,2,708,3,1,0,0,1,0,0,Normal
tcp,dns,FIN,4.2509,43,42,2526,24990,29.9934,3803.4,47029.72,0,0,0.0989,0.1012,0.0156,0.0116,49373,4564316,847677,14068,0.0249,0.0016,0.0407,47,595,1,4476,2,1,0,0,0,0,0,Normal
tcp,ssl,FIN,4.8356,52,21,20280,3969,22.644599999999997,26841.0,6566.32,31,0,0.093,0.2303,0.0132,0.0122,11889,9715434,522883,27614,0.0337,0.0555,0.0422,312,189,0,3263,3,2,0,0,0,0,0,Normal
tcp,http,CON,9.5685,54,0,3105,0,8.465250000000001,2076.81,0.0,54,0,0.1772,9.5685,0.0178,0.0112,64101,6247311,7498646,52701,0.2369,0.0361,0.0886,46,0,1,4013,3,4,0,0,1,0,0,Normal
udp,http,FIN,9.7347,8,53,2010,36464,9.39945,1321.46,29966.32,0,45,1.2168,0.1837,0.0176,0.0072,16517,9580206,2323325,52996,0.2618,0.0199,0.0711,201,688,0,405,3,2,0,0,0,0,0,Normal
tcp,-,FIN,4.2773,15,4,10087,1024,6.66315,15093.67,1915.23,10,0,0.2852,1.0693,0.008,0.0166,3248,2028829,4322189,32134,0.0409,0.0371,0.0582,538,256,2,3361,1,3,0,0,1,0,0,Normal
udp,http,FIN,2.6014,48,8,22800,2832,32.2902,56092.6,8709.11,38,0,0.0542,0.3252,0.003,0.0054,6186,7595755,8426478,65391,0.1462,0.0052,0.0834,380,354,2,4249,3,4,0,0,1,0,0,Normal
tcp,dns,CON,5.9713,31,19,14337,11875,12.5601,15366.92,15909.52,10,0,0.1926,0.3143,0.0175,0.0089,34673,5489066,6572162,25208,0.221,0.0757,0.0833,370,625,2,4210,2,1,0,0,0,0,0,Normal
udp,-,INT,9.8469,9,38,1980,25764,7.159650000000001,1286.9,20931.63,0,29,1.0941,0.2591,0.0025,0.0083,57714,1897491,8059101,59598,0.2169,0.0538,0.0762,176,678,0,2886,2,1,0,0,0,0,0,Normal
tcp,dns,INT,3.5827,1,55,240,13200,23.446350000000002,428.73,29475.37,0,54,3.5827,0.0651,0.0163,0.0078,5602,1202972,6177393,51746,0.1815,0.0302,0.0398,192,240,1,2491,1,1,0,0,1,0,0,Normal
udp,ftp,REQ,0.8704,134,24,21306,816,181.5326,195834.58,7500.28,0,2,0.006495,0.036265,0.3405,0.0001,3442,730,707,2324,0.009434,0.001002,0.002825,159,34,0,141,33,36,0,0,5,0,1,Generic
udp,http,INT,9.6398,47,50,33076,32650,15.0936,21959.75,27095.94,0,3,0.2051,0.1928,0.0086,0.0099,35241,3464553,4809378,28987,0.1082,0.061,0.0532,563,653,0,4427,2,1,0,0,0,0,0,Normal
tcp,ssl,FIN,8.2862,5,8,1425,808,2.35335,1100.62,780.09,0,1,1.6572,1.0358,0.0108,0.006,53064,3471186,8171183,18473,0.0459,0.0686,0.0276,228,101,0,2432,2,3,0,0,1,0,0,Normal
udp,-,INT,0.2991,540,26,92880,2158,1892.2192,2484089.26,57716.03,21,9,0.000554,0.011505,0.0742,0.0364,801,372,796,4062,0.004972,0.004868,0.000176,172,83,1,23,87,10,0,0,7,0,1,Analysis
tcp,ssh,INT,0.7393,307,0,47585,0,415.2772,514943.74,0.0,7,4,0.002408,0.739265,0.4321,0.0129,3263,294,968,3694,0.009421,0.001374,0.001022,155,0,1,185,76,38,0,0,3,1,1,Shellcode
tcp,http,CON,9.3165,35,28,19556,14112,10.1433,13434.19,12117.82,7,0,0.2662,0.3327,0.0132,0.0031,29500,4441740,3103119,8861,0.2503,0.0936,0.0815,447,504,1,4244,4,4,0,0,1,0,0,Normal
tcp,ssl,FIN,1.8988,13,58,8580,24592,56.087700000000005,28919.13,103610.04,0,43,0.1461,0.0327,0.0067,0.0125,17512,3661586,3960260,50127,0.2023,0.0567,0.0299,528,424,2,2235,4,2,0,0,0,0,0,Normal
icmp,-,CON,1.4779,564,27,23124,2295,399.8812,125168.9,12422.7,15,4,0.00262,0.054738,0.102,0.0993,1559,956,876,3037,0.005276,0.003243,0.004091,41,85,0,111,66,76,0,0,8,1,1,Exploit
udp,-,RST,1.013,661,1,35033,23,653.4818,276657.73,181.63,29,4,0.001533,1.013035,0.0991,0.0446,2603,631,271,2657,0.000567,0.002269,0.003805,53,23,1,87,60,12,0,0,0,1,1,Botnet
tcp,dns,FIN,7.2535,78,35,4095,26075,23.3679,3613.14,28758.43,42,0,0.093,0.2072,0.0134,0.0061,16274,4703989,3594548,6555,0.1652,0.0737,0.0064,42,745,1,2153,4,3,0,0,0,0,0,Normal
tcp,ssl,CON,6.0609,58,42,24432,6048,24.748649999999998,25799.36,7982.94,14,0,0.1045,0.1443,0.0034,0.0189,42892,1751613,5360614,20931,0.2024,0.0727,0.0885,337,144,0,3180,1,3,0,0,1,0,0,Normal
udp,http,CON,4.3493,36,53,20790,7632,30.6948,30592.69,14038.2,0,15,0.1208,0.0821,0.0079,0.0075,17842,9715230,6594065,49083,0.2322,0.0887,0.0857,462,144,1,1447,2,1,0,0,0,0,0,Normal
udp,-,FIN,8.3491,21,8,5591,2912,5.2101,4285.97,2790.24,11,0,0.3976,1.0436,0.015,0.0112,57347,4584991,2523354,27720,0.171,0.0236,0.0597,213,364,2,750,3,2,0,0,1,0,0,Normal
udp,http,CON,6.2724,54,44,26190,25256,23.436,26722.76,32212.2,8,0,0.1162,0.1426,0.0157,0.004,8154,9752162,5116485,44363,0.1617,0.022,0.0348,388,574,2,3424,1,3,0,0,0,0,0,Normal
udp,http,FIN,3.6036,27,13,13871,3978,16.65,24635.36,8831.17,12,0,0.1335,0.2772,0.0022,0.0065,59471,4710556,5676349,56995,0.1425,0.0134,0.0543,411,306,2,501,3,4,0,0,0,0,0,Normal
udp,-,FIN,0.7272,25,54,5968,10530,162.95475,52530.55,115842.24,0,27,0.0291,0.0135,0.0174,0.0182,39873,5908232,9121606,37554,0.0534,0.0063,0.0019,191,195,2,650,4,1,0,0,1,0,0,Normal
udp,dns,INT,8.8775,26,50,1722,19350,12.8415,1241.8,17437.44,0,22,0.3414,0.1775,0.0019,0.0171,4323,1007070,5294808,32544,0.0623,0.0558,0.0291,53,387,1,2480,1,3,0,0,0,0,0,Normal
udp,ssl,CON,7.0062,1,59,528,236,12.8457,483.0,269.47,0,57,7.0062,0.1187,0.0136,0.0119,50860,4628158,7888162,15133,0.1727,0.0584,0.0915,423,4,0,2126,1,3,0,0,0,0,0,Normal
tcp,-,INT,6.4087,13,36,2681,21276,11.46885,2677.63,26559.08,0,22,0.493,0.178,0.0163,0.0184,13791,3658627,9622076,15899,0.1128,0.081,0.0663,165,591,2,4001,1,3,0,0,1,0,0,Normal
udp,dns,FIN,7.0555,70,56,8750,2352,26.78775,7937.1,2666.86,12,0,0.1008,0.126,0.0165,0.005,38563,4781373,4322510,56191,0.1177,0.0402,0.0901,100,42,1,3938,3,3,0,0,0,0,0,Normal
icmp,http,REQ,0.8202,715,20,60060,1280,896.0908,585787.34,12484.31,41,0,0.001147,0.041011,0.2646,0.0919,1722,712,394,750,0.007369,0.00409,0.003915,84,64,0,91,91,32,1,4,2,0,1,Backdoor
tcp,ssl,FIN,5.0109,13,50,6386,21250,18.85875,8156.55,33925.74,0,36,0.3855,0.1002,0.0026,0.0078,34476,9475780,5416690,52189,0.059,0.0979,0.0152,393,425,0,1786,4,2,0,0,1,0,0,Normal
tcp,-,INT,1.3523,409,9,41718,72,309.1018,246796.35,425.94,30,5,0.003306,0.150256,0.1421,0.0604,1754,704,88,2939,0.004902,0.000484,0.003082,102,8,0,193,61,51,0,0,0,0,1,Worm
tcp,http,CON,9.5642,58,13,10947,9139,11.13525,7325.64,7644.33,44,0,0.1649,0.7357,0.0013,0.0014,14914,2909142,6576012,55995,0.1058,0.0241,0.0974,151,703,0,465,3,2,0,0,1,0,0,Normal
tcp,http,INT,8.273,51,13,17722,1157,11.604,13710.06,1118.81,37,0,0.1622,0.6364,0.005,0.0111,56804,4250370,6829948,60283,0.2043,0.0327,0.0605,278,89,2,1415,3,2,0,0,0,0,0,Normal
tcp,ftp,INT,1.481,763,4,65618,92,517.8798,354443.13,496.95,4,6,0.001941,0.37026,0.0431,0.0821,1219,886,458,779,0.003333,0.000181,0.004089,86,23,1,145,35,37,0,0,9,1,1,DoS
tcp,http,FIN,6.0879,55,1,14231,548,13.797749999999999,14960.75,720.11,54,0,0.1107,6.0879,0.0155,0.0007,41004,4115125,4796457,16516,0.0759,0.0671,0.0672,207,548,1,3084,4,4,0,0,0,0,0,Normal
tcp,ssl,CON,6.1967,35,27,15925,20844,15.007950000000001,16447.38,26909.67,6,0,0.177,0.2295,0.0044,0.0015,24653,6168958,348096,63602,0.0049,0.0635,0.0517,364,772,0,2085,2,3,0,0,0,0,0,Normal
icmp,ssh,RST,1.459,760,14,78280,714,530.5091,429232.61,3915.08,39,5,0.00192,0.104213,0.448,0.0076,439,317,340,3849,0.000443,0.004769,0.000483,103,51,0,43,82,60,0,0,7,0,1,Generic
tcp,http,CON,6.2346,10,57,4337,18354,16.11975,4452.58,23551.22,0,46,0.6235,0.1094,0.0198,0.0173,52960,2825092,5409255,38763,0.0939,0.0274,0.0291,347,322,0,332,1,4,0,0,1,0,0,Normal
tcp,-,INT,1.4348,499,0,99301,0,347.7933,553686.95,0.0,6,9,0.002875,1.43476,0.0959,0.0834,1100,118,971,809,0.002054,0.001821,0.004043,199,0,1,75,46,43,0,0,1,1,1,DoS
udp,-,CON,1.5963,17,11,2486,3366,26.310900000000004,9968.09,16869.07,4,0,0.0939,0.1451,0.0108,0.0049,2806,5942411,6021981,49897,0.2727,0.0394,0.0017,117,306,1,654,3,2,0,0,1,0,0,Normal
tcp,dns,INT,7.4425,79,43,12541,13201,24.588449999999998,10784.53,14189.84,35,0,0.0942,0.1731,0.0069,0.0014,29822,9730885,8560577,28887,0.0792,0.0423,0.0604,127,307,0,4296,2,2,0,0,0,0,0,Normal
udp,http,INT,9.5961,53,41,15370,26404,14.69355,10250.85,22012.31,10,0,0.1811,0.2341,0.0082,0.0112,60175,9645187,6469384,49655,0.1827,0.0321,0.0939,232,644,0,2860,3,1,0,0,0,0,0,Normal
udp,dns,CON,5.1167,10,9,4500,3474,5.5699499999999995,5628.64,5431.64,1,0,0.5117,0.5685,0.0134,0.0083,20505,610954,1287865,27757,0.1621,0.0275,0.0927,360,386,1,3060,2,3,0,0,1,0,0,Normal
udp,-,FIN,7.1375,78,19,5655,11096,20.3853,5070.68,12436.84,57,0,0.0915,0.3757,0.0093,0.0016,37208,6520617,6573089,33422,0.022,0.0337,0.0342,58,584,0,1112,2,4,0,0,1,0,0,Normal
tcp,ssh,RST,0.7676,222,2,41292,8,291.8355,430374.04,83.38,32,1,0.003457,0.383778,0.1006,0.0292,4031,196,156,1333,0.002754,0.002753,0.001276,186,4,1,70,83,57,0,0,8,1,1,Analysis
udp,http,INT,7.017,33,49,4950,14994,17.529,4514.77,17094.56,0,14,0.2126,0.1432,0.0089,0.0093,20771,9266008,7596990,59477,0.117,0.0289,0.0186,120,306,2,3395,3,2,0,0,1,0,0,Normal
udp,http,CON,2.9201,39,34,21693,23766,37.49895,47546.66,65110.57,5,0,0.0749,0.0859,0.0054,0.0032,36148,9685243,5598946,18510,0.0515,0.0312,0.0544,445,699,0,1634,4,3,0,0,0,0,0,Normal
tcp,ssl,INT,2.5616,53,25,14177,2300,45.6744,35421.42,7182.97,26,0,0.0483,0.1025,0.0026,0.0138,53972,8054059,7955433,63859,0.2561,0.0371,0.0327,214,92,0,1539,3,2,0,0,1,0,0,Normal
udp,dns,FIN,9.7541,42,6,28717,2304,7.381500000000001,18842.48,1889.66,34,0,0.2322,1.6257,0.0055,0.018,10856,6191689,1609169,1434,0.2539,0.0876,0.0032,547,384,2,1557,2,1,0,0,1,0,0,Normal
tcp,-,FIN,8.4867,46,35,26392,4410,14.31645,19903.11,4157.09,10,0,0.1845,0.2425,0.0086,0.0013,5087,5211912,7903131,10322,0.0539,0.0656,0.0177,459,126,0,1812,4,4,0,0,1,0,0,Normal
tcp,dns,FIN,0.2316,37,8,9342,4904,291.48825,258202.41,169417.26,29,0,0.0063,0.0289,0.0038,0.0185,23114,6992285,4161200,27230,0.1638,0.0533,0.0253,202,613,2,121,4,2,0,0,0,0,0,Normal
udp,http,INT,0.9546,12,52,4740,19032,100.56615,31778.9,159497.88,0,38,0.0795,0.0184,0.0148,0.0054,25245,3466161,2916522,1949,0.0732,0.0671,0.0595,316,366,2,1309,4,3,0,0,0,0,0,Normal
tcp,dns,FIN,5.7988,34,46,10030,16652,20.693849999999998,11069.85,22972.97,0,11,0.1706,0.1261,0.0161,0.0161,15644,6415583,3049083,62364,0.1639,0.0165,0.0258,236,362,0,2446,4,3,0,0,1,0,0,Normal
udp,dns,FIN,0.7112,8,42,4760,31710,105.45915,42836.1,356704.99,0,33,0.0889,0.0169,0.0199,0.0031,1484,8174375,9953468,33021,0.0488,0.0086,0.0639,476,755,0,2986,1,3,0,0,0,0,0,Normal
icmp,http,INT,0.0427,263,10,17884,120,6393.7552,3350796.11,22483.53,33,0,0.000162,0.00427,0.2757,0.098,96,468,77,449,0.001263,0.004364,0.000701,68,12,0,172,78,23,0,0,6,1,1,Reconnaissance
udp,http,REQ,1.2395,622,16,119424,320,514.7286,770795.59,2065.37,16,8,0.001993,0.077468,0.0947,0.0328,3634,551,216,4073,0.003874,0.004977,0.001313,192,20,1,4,27,32,0,0,6,1,1,Analysis
tcp,dns,FIN,0.7741,54,17,22410,7922,137.5809,185280.72,81871.59,37,0,0.0143,0.0455,0.002,0.0113,5166,4937293,188715,16285,0.0734,0.0506,0.0731,332,466,2,554,1,1,0,0,1,0,0,Normal
tcp,-,CON,7.2597,6,18,3097,7956,4.95885,2730.69,8767.31,0,10,1.2099,0.4033,0.0067,0.0032,45192,2381236,2506610,44917,0.223,0.0448,0.0859,413,442,0,4995,4,3,0,0,0,0,0,Normal
tcp,http,INT,5.4193,70,4,50662,3140,20.482499999999998,59830.91,4635.31,65,0,0.0774,1.3548,0.0115,0.0165,37660,9455368,9295782,62047,0.0642,0.0472,0.0916,579,785,2,2143,4,4,0,0,1,0,0,Normal
tcp,http,INT,9.6353,62,54,29450,12474,18.0585,19561.35,10356.89,8,0,0.1554,0.1784,0.0097,0.0173,6244,4161110,4333226,21382,0.0367,0.0753,0.0553,380,231,0,1282,3,4,0,0,0,0,0,Normal
tcp,ssl,FIN,6.1908,69,40,19147,19280,26.41005,19794.43,24914.26,28,0,0.0897,0.1548,0.0038,0.0034,44367,8817077,5492176,31949,0.0995,0.086,0.0084,222,482,1,1474,4,2,0,0,0,0,0,Normal
udp,ftp,CON,0.3345,419,12,68716,864,1288.5465,1643503.71,20664.58,37,4,0.000798,0.027874,0.1166,0.005,3139,546,529,3192,0.00555,0.000422,0.004394,164,72,0,77,50,64,0,0,3,1,1,Reconnaissance
udp,ftp,CON,0.2133,177,18,27966,414,914.0039,1048657.79,15524.0,33,0,0.001205,0.011853,0.0711,0.059,2527,230,836,2496,0.009319,0.001183,0.004081,158,23,0,46,71,68,0,0,4,0,1,Exploit
tcp,ssh,REQ,0.5807,381,17,28194,1122,685.3792,388413.68,15457.19,32,1,0.001524,0.034159,0.1681,0.0729,2539,573,173,1891,0.00315,0.003598,0.001586,74,66,1,88,51,57,0,0,3,1,1,Generic
tcp,http,REQ,0.2546,115,29,14720,2030,565.5472,462491.93,63781.16,31,9,0.002214,0.00878,0.0547,0.0168,1611,399,457,2856,0.005284,0.00204,0.004175,128,70,0,91,26,43,0,0,1,1,1,Reconnaissance
tcp,http,INT,8.6486,24,49,1710,20237,12.6609,1265.4,18719.25,0,23,0.3604,0.1765,0.0038,0.0059,19315,7929597,2329162,25195,0.2653,0.0156,0.0991,57,413,1,3137,3,2,0,0,1,0,0,Normal
tcp,ssl,INT,9.4335,14,23,3535,5405,5.8833,2398.26,4583.65,0,8,0.6738,0.4102,0.0125,0.0025,5123,8049277,8298468,54333,0.1915,0.0423,0.0055,202,235,0,3578,2,3,0,0,1,0,0,Normal
udp,http,FIN,8.0418,36,20,3690,9240,10.4454,2936.65,9191.94,16,0,0.2234,0.4021,0.0067,0.0049,38616,5081354,7357772,15134,0.0081,0.0215,0.0655,82,462,2,1494,3,1,0,0,1,0,0,Normal
udp,ftp,REQ,0.1337,295,7,18880,364,2258.5025,1129550.39,21777.35,2,2,0.000453,0.019102,0.4737,0.0867,2470,484,755,37,0.009774,0.004127,0.003463,64,52,1,175,53,39,0,0,5,1,1,Worm
udp,ssl,INT,3.2814,15,30,2231,9870,20.57085,4351.86,24063.25,0,13,0.2188,0.1094,0.0028,0.0123,37272,8460672,7932403,8379,0.069,0.0436,0.0287,119,329,2,2083,4,4,0,0,0,0,0,Normal
tcp,-,FIN,0.769,25,25,8906,11575,97.52295,74117.45,120408.34,0,0,0.0308,0.0308,0.019,0.0133,31616,2107961,7212852,26892,0.1645,0.0243,0.0534,285,463,2,14,2,1,0,0,0,0,0,Normal
tcp,ssh,RST,0.9973,763,10,48832,570,775.0724,391703.36,4572.23,28,6,0.001307,0.099733,0.1203,0.0178,3564,836,726,766,0.00918,0.000275,0.002022,64,57,1,43,25,79,0,0,7,1,1,Analysis
udp,ftp,REQ,0.9078,219,11,35040,759,253.3694,308802.21,6688.95,44,3,0.004145,0.082524,0.2686,0.0869,472,738,690,2021,0.003995,0.003229,0.004521,160,69,0,52,43,35,0,0,4,1,1,Exploit
icmp,http,CON,1.1667,164,28,28700,1484,164.5639,196791.02,10175.54,13,7,0.007114,0.041669,0.2512,0.0292,2869,72,404,2193,0.007195,0.000915,0.004006,175,53,0,14,55,64,0,0,6,0,1,DoS
tcp,-,CON,8.381,67,42,32746,9072,19.508399999999998,25006.17,8659.61,25,0,0.1251,0.1995,0.0045,0.0155,43041,6945559,4263039,59210,0.235,0.0976,0.0937,391,216,0,4480,1,3,0,0,0,0,0,Normal
tcp,-,INT,4.0513,76,18,53580,6606,34.8039,84642.91,13044.77,56,0,0.0533,0.2251,0.0029,0.01,53193,1624671,9362824,36798,0.1047,0.0041,0.0037,564,367,1,2517,2,4,0,0,0,0,0,Normal
udp,dns,INT,0.777,11,17,8236,1428,54.054,67840.26,14702.67,0,4,0.0706,0.0457,0.0171,0.0133,34768,8645725,3670330,34899,0.1538,0.0929,0.0155,599,84,0,3801,4,2,0,0,1,0,0,Normal
tcp,-,CON,0.9777,50,41,30937,11931,139.61339999999998,202516.18,97625.07,8,0,0.0196,0.0238,0.008,0.0192,19248,8554230,3994533,31221,0.0126,0.0225,0.0457,495,291,1,4089,4,4,0,0,0,0,0,Normal
tcp,ssl,INT,2.3586,2,5,1022,3865,4.45185,2774.53,13109.49,0,1,1.1793,0.4717,0.0043,0.0003,20922,1974186,5662721,24890,0.087,0.0984,0.0233,409,773,1,694,3,3,0,0,1,0,0,Normal
udp,dns,FIN,1.7205,15,32,9206,23040,40.976549999999996,34245.95,107131.94,0,16,0.1147,0.0538,0.0009,0.0116,735,3470122,9700553,47840,0.2001,0.0984,0.023,491,720,0,3260,3,1,0,0,0,0,0,Normal
icmp,ftp,RST,0.7662,286,16,18590,1520,394.1309,194089.91,15869.64,15,5,0.002679,0.04789,0.3956,0.0034,3141,255,126,3330,0.007787,0.003245,0.003141,65,95,1,132,24,43,0,0,4,0,1,DoS
tcp,ssh,RST,0.811,559,21,57577,63,715.2086,567994.01,621.49,46,4,0.001451,0.038617,0.3526,0.079,2547,3,973,2879,0.009183,0.002196,0.004553,103,3,1,178,74,28,0,0,7,0,1,Reconnaissance
udp,dns,CON,8.2929,52,20,24570,9060,13.023150000000001,18961.7,8739.98,30,0,0.1595,0.4146,0.0198,0.0044,10119,9557928,5774535,54743,0.0893,0.0492,0.0765,378,453,2,1228,2,3,0,0,1,0,0,Normal
tcp,ssl,CON,1.4866,66,41,5197,26773,107.96564999999998,22376.12,144077.88,24,0,0.0225,0.0363,0.013,0.0182,63249,6173127,4835781,7867,0.2721,0.0133,0.059,63,653,2,4746,3,3,0,0,0,0,0,Normal
udp,ssl,FIN,6.8842,35,19,1925,11419,11.766,1789.6,13269.8,15,0,0.1967,0.3623,0.0116,0.0034,37112,4507449,8952747,53912,0.0112,0.0412,0.0706,44,601,2,4226,4,2,0,0,1,0,0,Normal
tcp,-,INT,0.48,340,25,54060,1450,760.4799,901074.88,24168.68,23,3,0.001412,0.019198,0.3742,0.0223,759,505,256,3068,0.006558,0.002448,0.002529,159,58,0,73,42,34,0,0,5,1,1,Botnet
udp,ssl,FIN,1.4801,18,2,9607,1150,20.268900000000002,41543.24,6215.81,14,0,0.0822,0.74,0.0073,0.0066,6865,7494246,7325038,51102,0.2163,0.0507,0.0063,427,575,0,414,4,2,0,0,1,0,0,Normal
udp,dns,INT,9.1115,2,16,362,11472,2.96325,254.62,10072.49,0,12,4.5558,0.5695,0.0191,0.0037,32188,2782546,901273,2296,0.2597,0.0149,0.0313,145,717,1,4297,1,2,0,0,0,0,0,Normal
udp,ssl,FIN,1.037,28,11,15645,1067,56.411550000000005,96553.45,8231.27,17,0,0.037,0.0943,0.0197,0.0075,19988,9606331,658515,58222,0.1163,0.0035,0.0257,447,97,0,1102,2,1,0,0,0,0,0,Normal
tcp,dns,CON,7.5267,1,30,483,13890,6.178049999999999,411.34,14763.42,0,29,7.5267,0.2509,0.0023,0.0191,56201,9974518,4697929,12945,0.0457,0.0548,0.0784,387,463,1,2073,1,1,0,0,0,0,0,Normal
udp,ssl,FIN,2.5561,19,8,6175,3024,15.844350000000002,15460.9,9464.32,9,0,0.1345,0.3195,0.0098,0.0138,27212,3285394,2930204,13381,0.2946,0.0323,0.0087,260,378,1,4275,2,3,0,0,1,0,0,Normal
udp,-,CON,8.1265,42,41,7822,26814,15.32025,6160.57,26396.53,1,0,0.1935,0.1982,0.0097,0.0145,50524,1835725,5117687,3247,0.1357,0.0991,0.0067,149,654,1,4567,1,1,0,0,0,0,0,Normal
udp,http,CON,6.1635,73,29,43982,15950,24.8235,45669.94,20702.42,44,0,0.0844,0.2125,0.0187,0.0051,36294,5247557,2890544,25276,0.0667,0.0092,0.0284,482,550,2,1358,4,3,0,0,0,0,0,Normal
udp,ssl,FIN,1.0778,25,32,6281,8320,79.32809999999999,37298.15,61755.34,0,6,0.0431,0.0337,0.0062,0.0042,17800,4005700,1019283,3199,0.0778,0.0276,0.0414,201,260,1,932,1,3,0,0,0,0,0,Normal
udp,ftp,INT,1.3108,581,20,44156,1300,458.506,269494.74,7934.21,41,1,0.002256,0.065539,0.3664,0.0074,2520,327,277,1112,0.005403,0.004069,0.000759,76,65,1,48,40,40,0,0,2,1,1,Analysis
tcp,dns,FIN,1.3835,28,5,3815,570,35.77785,17647.54,3295.9,21,0,0.0494,0.2767,0.0149,0.0148,35473,4147035,3439188,28995,0.0494,0.0525,0.0133,109,114,1,2788,3,2,0,0,0,0,0,Normal
udp,http,FIN,4.3111,13,54,5898,18684,23.311799999999998,8756.88,34671.24,0,39,0.3316,0.0798,0.0014,0.0046,48564,9656872,115156,7088,0.0586,0.0597,0.039,363,346,1,3167,3,2,0,0,0,0,0,Normal
udp,-,CON,0.6128,315,11,17955,220,531.9783,234396.84,2872.03,35,6,0.001945,0.05571,0.035,0.0019,246,634,81,2229,0.007931,0.004116,0.003279,57,20,1,180,97,37,0,0,0,1,1,Botnet
tcp,ssl,INT,9.206,29,3,5038,723,5.214,3502.92,628.28,24,0,0.3174,3.0687,0.0116,0.0081,7554,4375744,6534203,49853,0.123,0.0096,0.0501,139,241,1,3400,1,2,0,0,0,0,0,Normal
udp,-,CON,3.0864,71,33,50942,8547,50.5449,105636.22,22154.21,36,0,0.0435,0.0935,0.0086,0.0149,33881,3077143,9756552,34685,0.2723,0.0674,0.0852,574,259,1,3167,3,1,0,0,1,0,0,Normal
udp,http,CON,6.5821,73,5,52103,2445,17.77545,50662.2,2971.69,66,0,0.0902,1.3164,0.0067,0.0187,10939,5282530,1466005,12885,0.0059,0.0657,0.0732,571,489,2,3304,3,4,0,0,1,0,0,Normal
udp,http,INT,8.7763,17,21,10030,9828,6.4948500000000005,7314.26,8958.7,0,4,0.5163,0.4179,0.0128,0.019,12226,5803414,4834410,10321,0.1193,0.0912,0.0903,472,468,1,51,2,1,0,0,0,0,0,Normal
udp,dns,FIN,6.6402,76,1,26315,588,17.394,25362.91,708.41,75,0,0.0874,6.6402,0.0077,0.0084,62157,4918075,1465800,10412,0.0856,0.0487,0.0426,277,588,2,677,1,3,0,0,0,0,0,Normal
udp,dns,CON,8.7652,67,15,4355,5790,14.0328,3179.86,5284.55,52,0,0.1308,0.5843,0.0146,0.0166,42450,8706002,1552175,48542,0.0598,0.0521,0.0934,52,386,1,1352,2,3,0,0,0,0,0,Normal
icmp,-,REQ,0.092,453,26,77916,494,5205.2784,6773686.4,42946.26,44,7,0.000203,0.003539,0.2058,0.0815,101,733,590,1604,0.003205,0.001578,0.003447,172,19,0,86,40,12,0,0,7,1,1,Botnet
tcp,dns,FIN,4.2154,75,45,49125,2385,42.7008,74584.18,4526.29,30,0,0.0562,0.0937,0.008,0.0064,33834,4653545,1587694,35674,0.1772,0.0901,0.055,524,53,1,504,3,2,0,0,0,0,0,Normal
tcp,-,REQ,0.6178,63,9,3969,387,116.5388,51393.61,5011.17,3,2,0.009807,0.068647,0.0603,0.0135,277,727,738,487,0.005035,0.00273,0.003093,63,43,0,104,53,37,0,0,2,1,1,Shellcode
udp,dns,INT,2.065,60,25,29775,8975,61.7433,92280.92,34769.99,35,0,0.0344,0.0826,0.0073,0.0068,17455,8280369,4588006,57904,0.0741,0.0198,0.0059,397,359,0,2542,1,1,0,0,1,0,0,Normal
udp,-,FIN,1.4218,45,17,16425,2618,65.40795,73932.12,14730.16,28,0,0.0316,0.0836,0.0126,0.0032,27180,7324274,8826693,25674,0.0043,0.0138,0.0807,292,154,0,4885,1,1,0,0,0,0,0,Normal
tcp,ssl,INT,1.8789,24,21,3000,15456,35.92515,10218.72,65808.54,3,0,0.0783,0.0895,0.0175,0.0139,173,618340,3094237,29600,0.0916,0.041,0.0046,100,736,1,715,3,4,0,0,1,0,0,Normal
tcp,-,CON,1.3648,569,2,85350,16,418.3715,500287.3,93.79,28,6,0.002399,0.682408,0.3311,0.0386,1684,635,409,1723,0.008755,0.00168,0.001507,150,8,0,119,50,57,0,0,7,0,1,Botnet
tcp,-,FIN,9.6385,57,21,32988,6300,12.138749999999998,21904.62,5229.02,35,0,0.1691,0.459,0.0142,0.0053,44251,782213,8711618,5045,0.0732,0.0047,0.0632,463,300,1,2584,2,3,0,0,0,0,0,Normal
tcp,ssl,CON,5.9423,28,42,8400,21168,17.66985,9046.96,28497.92,0,13,0.2122,0.1415,0.001,0.0178,64673,8969906,6713816,9678,0.0388,0.0394,0.0089,240,504,1,4579,1,2,0,0,0,0,0,Normal
tcp,dns,FIN,2.351,65,26,30468,5980,58.0596,82942.22,20348.49,37,0,0.0362,0.0904,0.0144,0.0058,3719,4920764,5368937,44772,0.2461,0.0536,0.0357,375,230,2,1211,1,2,0,0,0,0,0,Normal
udp,-,FIN,9.3144,74,30,47452,3120,16.74825,32605.01,2679.72,43,0,0.1259,0.3105,0.0191,0.006,28360,8780566,9883259,9345,0.3,0.066,0.0659,513,104,1,2876,4,4,0,0,1,0,0,Normal
tcp,ssl,INT,7.5716,19,44,4370,26136,12.480749999999999,3693.78,27614.6,0,25,0.3985,0.1721,0.0075,0.0083,59702,1484197,3131066,58335,0.2379,0.0011,0.0508,184,594,2,3543,2,1,0,0,0,0,0,Normal
tcp,ssl,CON,1.9738,72,3,6030,636,56.99625,19551.98,2577.75,68,0,0.0274,0.6579,0.013,0.0142,25393,7449000,1090078,59092,0.1718,0.0368,0.0462,67,212,0,1967,3,1,0,0,1,0,0,Normal
udp,dns,INT,3.6926,32,48,23200,1536,32.4978,40210.67,3327.78,0,16,0.1154,0.0769,0.0174,0.0159,28867,3335218,7069922,23207,0.2894,0.0277,0.0186,580,32,0,3369,3,4,0,0,1,0,0,Normal
udp,ssh,RST,0.0809,688,3,54352,60,8541.0079,5374481.73,5932.97,44,0,0.000118,0.026968,0.4687,0.0141,2687,864,460,2613,0.004405,0.00335,0.004046,79,20,1,101,24,22,0,2,3,1,1,Backdoor
udp,ssl,CON,6.7838,19,21,9500,8715,8.8446,8962.47,10277.36,0,2,0.357,0.323,0.0197,0.0181,13399,1097962,5724207,51744,0.0387,0.0002,0.0932,400,415,0,4986,2,4,0,0,0,0,0,Normal
icmp,ftp,INT,0.6367,67,16,13333,1056,130.3619,167529.15,13268.64,11,9,0.009503,0.039793,0.2035,0.0426,2577,268,683,2098,0.006317,0.0005,0.002334,199,66,0,8,27,42,0,0,3,0,1,Generic
udp,http,INT,0.2942,55,21,5830,1470,258.2957,158512.02,39967.87,21,0,0.00535,0.014011,0.0753,0.0417,2256,47,638,1962,0.002427,0.003221,0.003533,106,70,0,143,50,24,0,0,0,1,1,Worm
tcp,http,REQ,1.2111,154,11,15092,209,136.2399,99691.31,1380.56,11,2,0.007864,0.1101,0.4187,0.0177,741,408,653,1221,0.001255,0.000902,0.004207,98,19,0,25,65,53,0,0,2,0,1,Exploit
tcp,dns,INT,0.1035,74,35,34132,24500,1579.0095000000001,2109672.5,1892879.81,38,0,0.0014,0.003,0.003,0.0084,57648,7377946,3845500,2805,0.1285,0.0445,0.0366,369,700,2,1586,4,1,0,0,1,0,0,Normal
udp,ssl,FIN,4.0564,36,51,16380,14178,32.171400000000006,25843.58,27961.71,0,15,0.1127,0.0795,0.0026,0.0126,36174,9510786,5173922,55571,0.198,0.0484,0.0653,364,278,2,1228,3,1,0,0,1,0,0,Normal
udp,http,FIN,0.9821,24,37,6600,2109,93.16545,43008.86,17179.11,0,13,0.0409,0.0265,0.0044,0.0114,9875,1499506,8186921,3058,0.2134,0.0249,0.0362,220,57,2,1526,1,2,0,0,0,0,0,Normal
tcp,http,FIN,8.2121,38,32,22942,21504,12.785999999999998,17879.87,20948.49,6,0,0.2161,0.2566,0.0027,0.0095,63330,9359104,2187730,23312,0.0982,0.0358,0.0553,483,672,2,1998,2,3,0,0,1,0,0,Normal
udp,dns,INT,6.7303,56,55,33040,36685,24.73905,31418.69,43606.04,1,0,0.1202,0.1224,0.0192,0.0063,46743,1484906,3958448,35327,0.0836,0.068,0.0333,472,667,2,1936,3,1,0,0,1,0,0,Normal
udp,-,FIN,4.3265,54,47,4792,8601,35.01675,7089.35,15903.88,6,0,0.0801,0.0921,0.0178,0.0004,29527,9689244,3729243,11329,0.1696,0.0263,0.0693,71,183,2,2346,4,4,0,0,0,0,0,Normal
icmp,ftp,REQ,1.0423,666,18,45954,414,656.2187,352700.28,3177.48,33,2,0.001565,0.057908,0.3957,0.083,947,629,143,616,0.006673,0.000336,0.003794,69,23,0,29,26,50,0,0,8,0,1,Worm
udp,http,CON,4.8369,11,6,3547,2904,5.2719000000000005,4693.87,4803.03,4,0,0.4397,0.8062,0.0189,0.0073,32451,1784275,7363643,32019,0.1095,0.0414,0.0657,258,484,2,4396,4,3,0,0,1,0,0,Normal
udp,-,CON,8.1031,70,0,23712,0,12.95805,18728.6,0.0,69,0,0.1158,8.1031,0.0006,0.0069,6200,2457505,189224,42366,0.1177,0.0564,0.097,271,0,2,1318,3,1,0,0,1,0,0,Normal
tcp,http,FIN,5.7027,42,50,29610,17850,24.19905,33230.65,25040.83,0,8,0.1358,0.1141,0.0007,0.0076,45795,5525626,9934037,31202,0.2166,0.0732,0.0122,564,357,0,2987,1,1,0,0,1,0,0,Normal
tcp,ssl,FIN,5.1461,57,49,31635,8820,30.897299999999998,39343.38,13711.42,7,0,0.0903,0.105,0.0002,0.0121,46859,8842162,9926735,57510,0.0103,0.0345,0.0906,444,180,1,4206,2,2,0,0,1,0,0,Normal
tcp,dns,CON,3.2276,38,39,4607,24648,35.7849,9136.14,61092.65,0,0,0.0849,0.0828,0.0065,0.0179,27748,8162926,6895158,61424,0.0384,0.0119,0.0845,97,632,2,3595,2,3,0,0,1,0,0,Normal
udp,-,CON,6.2248,18,10,8842,7420,6.7471499999999995,9091.31,9535.98,8,0,0.3458,0.6225,0.0158,0.0195,31534,4347490,5814015,40752,0.2648,0.0647,0.0431,393,742,0,2222,4,1,0,0,1,0,0,Normal
icmp,ssh,REQ,1.0435,309,1,32754,2,297.0814,251112.34,15.33,25,0,0.003377,1.043485,0.3631,0.07,144,706,782,955,0.000231,0.002721,0.00428,106,2,0,29,22,48,0,0,8,0,1,Reconnaissance
udp,-,INT,1.3991,695,27,78535,1215,516.0614,449073.47,6947.53,36,6,0.002013,0.051817,0.433,0.0795,228,884,997,2504,0.004337,0.000153,0.001885,113,45,1,74,64,74,0,0,2,1,1,Exploit
udp,-,CON,2.8456,29,45,18705,29790,39.0075,42069.11,83750.25,0,15,0.0981,0.0632,0.0168,0.009,28775,3990870,7150157,7459,0.2533,0.0209,0.0266,516,662,2,798,2,3,0,0,1,0,0,Normal
tcp,http,CON,0.5835,146,11,8760,759,269.085,120111.31,10406.91,40,2,0.003996,0.053042,0.146,0.0979,3923,836,596,160,0.001745,0.004321,0.001502,60,69,1,103,29,30,0,0,4,0,1,Analysis
tcp,dns,INT,3.4283,20,45,10050,29565,28.4394,18761.27,68989.69,0,23,0.1714,0.0762,0.0106,0.0089,61959,3125998,7551187,34187,0.1259,0.0667,0.0257,402,657,1,676,3,1,0,0,1,0,0,Normal
icmp,http,REQ,1.0914,236,25,23836,600,239.1319,174711.01,4397.83,30,5,0.004625,0.043658,0.1188,0.0457,2061,817,437,1223,0.007249,0.004938,0.004858,101,24,1,32,63,18,0,0,2,0,1,Exploit
icmp,-,CON,0.6901,779,11,85690,352,1144.808,993403.53,4080.73,8,8,0.000886,0.062734,0.1769,0.0612,4004,595,756,1964,0.007582,0.004657,0.001039,110,32,0,73,94,28,0,0,3,1,1,Botnet
tcp,ssh,RST,0.7333,207,16,39744,1328,304.1096,433597.52,14488.16,16,4,0.003542,0.045831,0.0659,0.0026,1254,875,156,1949,0.004212,2.2e-05,0.002085,192,83,0,85,20,12,0,0,2,0,1,Worm
tcp,dns,FIN,7.0744,65,29,21043,19488,19.93095,19037.59,22037.69,35,0,0.1088,0.2439,0.0013,0.0177,24610,1805853,3129000,32287,0.1177,0.0109,0.0321,259,672,1,4110,3,4,0,0,0,0,0,Normal
icmp,ftp,RST,1.2735,737,14,111287,308,589.7273,699110.35,1934.87,23,7,0.001728,0.090962,0.0315,0.0092,552,552,41,2447,0.001551,0.001461,0.003001,151,22,1,96,53,23,0,0,6,1,1,Worm
udp,dns,CON,5.3558,64,31,17600,4650,26.60655,21031.3,6945.71,31,0,0.0837,0.1728,0.0151,0.0017,4098,3895117,7118018,39897,0.1719,0.0509,0.0238,220,150,1,1659,2,2,0,0,0,0,0,Normal
tcp,-,FIN,3.306,77,56,55247,19656,60.34439999999999,106951.44,47564.09,19,0,0.0429,0.059,0.003,0.0098,61306,6515088,5151783,57317,0.277,0.0909,0.0523,574,351,2,3007,4,2,0,0,1,0,0,Normal
tcp,http,FIN,0.0864,28,3,12600,1392,538.1052,933178.62,128867.52,23,0,0.0031,0.0288,0.0051,0.0065,48197,401720,2689268,51985,0.1613,0.0753,0.0297,360,464,1,301,4,2,0,0,0,0,0,Normal
udp,dns,INT,9.9446,43,31,13921,4743,11.161950000000001,8959.27,3815.55,12,0,0.2313,0.3208,0.0003,0.0175,65453,3180000,7933884,15938,0.2474,0.0078,0.0197,259,153,2,1931,4,4,0,0,0,0,0,Normal
udp,dns,INT,6.7124,54,29,22410,15196,18.5478,21367.1,18111.02,25,0,0.1243,0.2315,0.002,0.0047,60724,4424295,9626565,55936,0.1508,0.0528,0.0184,332,524,0,4358,3,3,0,0,1,0,0,Normal
udp,http,FIN,1.9557,67,44,17671,34760,85.13535,57828.67,142188.9,22,0,0.0292,0.0444,0.0195,0.0126,9709,819248,9760572,10197,0.1685,0.0946,0.0418,211,790,2,2605,2,3,0,0,1,0,0,Normal
udp,http,FIN,2.5212,18,47,2182,8178,38.67165,5540.17,25949.3,0,27,0.1401,0.0536,0.011,0.0135,1263,109282,2329549,13095,0.2596,0.0557,0.0082,97,174,0,1808,1,2,0,0,1,0,0,Normal
tcp,ssl,FIN,1.4962,77,52,4908,34736,129.3237,20996.55,185723.5,25,0,0.0194,0.0288,0.0166,0.0054,30465,602701,6743931,48678,0.0674,0.0617,0.0123,51,668,2,2257,2,2,0,0,1,0,0,Normal
udp,dns,FIN,1.1181,35,44,3806,24200,105.97935000000001,21786.13,173144.26,0,9,0.0319,0.0254,0.0114,0.014,271,184737,1150281,52093,0.2469,0.0464,0.029,87,550,0,4354,2,2,0,0,1,0,0,Normal
tcp,dns,INT,3.0611,67,25,24371,6925,45.081149999999994,50953.5,18097.81,41,0,0.0457,0.1224,0.0127,0.0111,46848,6441153,9082243,45964,0.1357,0.0569,0.078,291,277,0,1769,3,3,0,0,0,0,0,Normal
udp,ssl,FIN,0.2382,54,31,34087,8742,535.34715,916010.5,293647.37,21,0,0.0044,0.0077,0.0136,0.0132,53794,1934846,6055914,18810,0.1119,0.0843,0.0442,505,282,1,4110,3,2,0,0,0,0,0,Normal
udp,-,FIN,6.8521,20,52,5375,38948,15.76155,5020.33,45472.52,0,32,0.3426,0.1318,0.0011,0.0017,28885,7944092,9558438,61251,0.1899,0.0896,0.0203,215,749,1,3218,4,2,0,0,1,0,0,Normal
udp,ftp,INT,0.425,673,9,90855,684,1604.5275,1710021.65,12873.86,29,3,0.000632,0.047227,0.3864,0.0002,2544,350,418,2245,0.003659,0.000328,0.003951,135,76,1,146,58,12,0,0,9,0,1,Reconnaissance
icmp,http,RST,0.0727,320,21,45760,2058,4687.9936,5032787.98,226343.48,11,9,0.000227,0.003464,0.3811,0.0994,971,759,528,998,0.007114,0.001981,0.001221,143,98,0,34,49,19,0,0,2,1,1,Worm
tcp,ftp,INT,0.7081,510,23,64260,230,752.6986,725979.88,2598.43,39,8,0.001388,0.030788,0.3819,0.0747,1476,166,887,827,0.005807,0.004664,0.004703,126,10,0,199,59,47,0,0,2,1,1,DoS
udp,ssl,INT,4.6691,7,12,3622,1800,6.10395,4965.43,3084.12,0,3,0.667,0.3891,0.0193,0.0023,56729,6365845,1115429,9507,0.2043,0.0024,0.0393,414,150,1,1492,1,2,0,0,0,0,0,Normal
tcp,ssh,CON,0.4463,619,18,115753,648,1427.233,2074806.86,11615.03,25,7,0.000721,0.024795,0.0599,0.0235,2538,764,452,3088,0.005059,0.003077,0.001664,187,36,1,71,84,22,0,0,3,0,1,Botnet
icmp,ftp,INT,0.8865,748,12,81532,1116,857.3348,735791.82,10071.43,2,4,0.001185,0.073872,0.4422,0.0787,880,909,199,2305,0.007145,0.00154,0.000501,109,93,0,101,22,75,0,0,4,1,1,Reconnaissance
udp,ssl,FIN,3.4998,74,10,42827,7170,36.0018,78317.11,16389.4,62,0,0.0473,0.35,0.0014,0.0063,6736,4063114,8103820,10154,0.2585,0.0503,0.0203,463,717,0,2878,1,2,0,0,0,0,0,Normal
udp,http,INT,0.4184,582,18,88464,1494,1434.1227,1691576.41,28567.72,4,4,0.000719,0.023243,0.292,0.0782,3144,301,916,3412,0.001288,0.001097,0.002621,152,83,1,93,96,18,0,0,9,1,1,Botnet
tcp,-,INT,4.3405,16,56,11160,8904,24.881700000000002,16455.11,16410.88,0,39,0.2713,0.0775,0.0065,0.0045,11903,5861427,6889736,14117,0.1068,0.0356,0.0951,558,159,0,3652,2,2,0,0,1,0,0,Normal
udp,ssl,INT,2.8262,11,16,6187,9264,14.32995,14011.55,26222.83,0,4,0.2569,0.1766,0.0137,0.0007,36851,3357670,4141523,30760,0.0684,0.0756,0.0292,450,579,0,4400,4,3,0,0,0,0,0,Normal
tcp,-,INT,0.7816,651,18,34503,846,855.9168,353144.37,8658.96,45,8,0.001201,0.043423,0.1055,0.0987,1002,191,707,1444,0.007685,0.003911,0.002647,53,47,1,27,34,22,0,0,7,0,1,Exploit
udp,http,INT,7.4491,59,34,36653,9452,18.72705,31491.6,10151.03,23,0,0.1263,0.2191,0.0085,0.0197,12543,6799997,2996420,20963,0.2495,0.0075,0.0209,497,278,2,4672,2,2,0,0,0,0,0,Normal
udp,ssl,CON,1.6722,22,20,13337,14680,37.675650000000005,51047.59,70232.3,1,0,0.076,0.0836,0.0199,0.0179,381,8392416,653378,23210,0.1848,0.0783,0.0005,485,734,1,790,2,3,0,0,1,0,0,Normal
tcp,dns,INT,5.1448,49,5,32891,3905,15.744,40915.87,6072.15,43,0,0.105,1.029,0.0125,0.0028,8739,2971171,1795129,37616,0.2901,0.096,0.0863,537,781,1,2930,3,1,0,0,1,0,0,Normal
tcp,http,CON,3.8497,73,30,32850,14430,40.1334,54612.66,29987.09,43,0,0.0527,0.1283,0.0109,0.0141,30471,8877477,8838101,21674,0.166,0.0082,0.0062,360,481,2,4491,2,3,0,0,1,0,0,Normal
udp,-,CON,6.6246,69,22,9573,2442,20.6049,9249.13,2949.0,45,0,0.096,0.3011,0.0073,0.0066,1023,3836815,7322826,49064,0.0201,0.0138,0.0316,111,111,1,3873,2,3,0,0,0,0,0,Normal
tcp,ftp,REQ,0.8349,236,12,34220,252,297.0261,327878.5,2414.53,0,7,0.003538,0.069579,0.2623,0.0479,3941,335,648,494,0.004554,0.004494,0.001785,145,21,0,158,67,51,0,0,5,1,1,Exploit
icmp,http,REQ,0.557,727,29,45801,667,1357.2858,657831.18,9580.0,14,5,0.000766,0.019207,0.0583,0.0644,2863,346,584,2906,0.004397,0.001673,0.003401,63,23,1,145,50,21,0,0,8,0,1,Generic
udp,ssh,INT,0.4789,798,3,71022,87,1672.4598,1186331.46,1453.22,18,9,0.0006,0.159645,0.4616,0.0051,192,662,62,3095,0.002552,0.001527,0.001583,89,29,0,119,62,72,0,0,4,0,1,DoS
tcp,http,INT,6.161,42,57,4095,16986,24.1032,4253.84,22056.09,0,14,0.1467,0.1081,0.0135,0.0101,31385,2355351,3452215,59128,0.1186,0.083,0.0143,78,298,1,3697,2,2,0,0,1,0,0,Normal
udp,-,INT,6.0599,1,39,306,4212,9.90105,323.44,5560.45,0,38,6.0599,0.1554,0.0104,0.0151,56123,7358256,871491,17422,0.048,0.0588,0.0856,245,108,2,799,2,2,0,0,0,0,0,Normal
udp,ssl,INT,3.0331,24,52,5250,38948,37.585049999999995,11077.71,102727.32,0,28,0.1264,0.0583,0.0035,0.0051,40427,1325358,1366645,25758,0.0275,0.0756,0.0481,175,749,0,2233,4,2,0,0,0,0,0,Normal
udp,ssh,RST,0.4079,303,11,50601,605,769.7701,992385.61,11865.25,39,3,0.001346,0.037083,0.0748,0.0232,3563,413,825,1916,0.005369,0.004424,0.001993,167,55,1,57,45,21,0,0,9,1,1,Analysis
tcp,http,INT,0.7948,115,6,5635,144,152.2446,56720.57,1449.47,22,3,0.006911,0.132462,0.4364,0.0166,3239,519,461,1900,0.006325,0.002524,0.00267,49,24,1,75,30,64,1,4,7,1,1,Backdoor
tcp,ssh,CON,0.8609,665,11,117705,1056,785.2229,1093783.02,9812.96,26,1,0.001295,0.078264,0.0926,0.0597,2238,917,648,676,0.006568,0.000625,4.4e-05,177,96,1,84,21,42,0,0,9,1,1,DoS
udp,http,CON,3.2535,38,39,24272,20826,35.50035,47746.86,51208.98,0,0,0.0856,0.0834,0.0199,0.0182,57210,3681108,4577498,61514,0.0773,0.0328,0.0123,511,534,1,4978,3,2,0,0,1,0,0,Normal
icmp,ssh,CON,1.4537,758,29,53818,435,541.3634,296163.61,2393.83,26,2,0.001918,0.050129,0.2282,0.0815,2177,696,869,228,0.004538,0.001413,0.004162,71,15,0,167,98,79,0,0,8,1,1,Botnet
tcp,dns,INT,7.4852,47,55,8812,26345,20.440199999999997,7534.85,28156.81,0,6,0.1593,0.1361,0.0114,0.0102,62551,7415215,3160223,62720,0.2762,0.0092,0.0126,150,479,2,2973,3,1,0,0,1,0,0,Normal
icmp,http,REQ,1.1027,727,0,44347,0,659.2944,321735.67,0.0,37,5,0.001517,1.102694,0.3589,0.007,3717,724,206,1454,0.002839,0.003622,0.003383,61,0,1,98,75,15,0,0,9,1,1,Backdoor
udp,dns,INT,0.6398,49,3,12005,1665,121.90485000000001,120079.43,20817.6,44,0,0.0131,0.2133,0.0182,0.0122,60769,6481065,4918926,52909,0.1153,0.066,0.0815,196,555,1,2869,3,4,0,0,0,0,0,Normal
tcp,dns,FIN,7.5262,48,24,14040,1920,14.349899999999998,11939.17,2040.88,23,0,0.1568,0.3136,0.007,0.0076,28210,3026772,2506538,43977,0.2088,0.0413,0.0007,234,80,2,4509,1,3,0,0,1,0,0,Normal
udp,-,INT,8.3471,8,53,740,18815,10.96185,567.38,18032.53,0,44,1.0434,0.1575,0.0165,0.0009,37233,6071770,5008656,56015,0.1993,0.0562,0.0404,74,355,2,2699,4,2,0,0,0,0,0,Normal
tcp,ssh,INT,0.9698,472,10,39176,140,497.0188,323173.58,1154.9,10,6,0.002055,0.096978,0.3343,0.0079,932,518,255,503,0.009189,0.004049,0.001972,83,14,0,19,86,10,0,0,9,0,1,Generic
icmp,ftp,INT,0.9382,376,24,20680,168,426.3557,176340.73,1432.56,23,9,0.002495,0.039091,0.0238,0.068,787,652,355,2231,0.001199,0.004726,0.004714,55,7,0,179,89,21,0,0,3,0,1,Reconnaissance
udp,-,FIN,0.3421,24,57,15600,25365,355.11345,291806.83,593083.36,0,31,0.0143,0.006,0.0104,0.0192,56024,6519949,5157617,5111,0.0172,0.066,0.0966,520,445,0,754,4,4,0,0,0,0,0,Normal
udp,http,CON,1.0186,12,46,7545,36294,85.41029999999999,47405.68,285046.69,0,32,0.0849,0.0221,0.0012,0.0136,27987,1851029,4294433,12581,0.0942,0.0995,0.0543,503,789,1,2270,1,2,0,0,0,0,0,Normal
tcp,-,INT,0.3848,54,15,21060,9210,268.97595,350276.95,191479.74,38,0,0.0071,0.0257,0.0173,0.005,18733,1887496,4405576,61590,0.0242,0.0474,0.0658,312,614,0,3135,1,1,0,0,0,0,0,Normal
udp,dns,FIN,0.1166,22,31,15647,19623,681.95205,859036.55,1346610.82,0,9,0.0053,0.0038,0.0082,0.0061,54771,3570418,7920865,47507,0.0879,0.0525,0.0551,569,633,2,1759,4,1,0,0,0,0,0,Normal
udp,dns,FIN,3.4856,62,39,19840,26559,43.465050000000005,36429.19,60957.85,21,0,0.0562,0.0894,0.015,0.0047,28106,7878961,1412846,46258,0.0305,0.0948,0.098,256,681,2,1294,3,3,0,0,0,0,0,Normal
icmp,-,REQ,0.1695,127,7,5715,441,790.6761,269773.97,20817.2,20,2,0.001334,0.024211,0.4401,0.0805,3486,711,167,1088,0.005161,7e-05,0.002626,45,63,0,57,86,78,0,0,9,0,1,Shellcode
udp,-,INT,8.5199,79,46,27650,3450,22.00725,20770.22,3239.48,33,0,0.1078,0.1852,0.0012,0.0105,36953,6427782,2367160,56857,0.0995,0.0507,0.0931,280,75,0,4088,2,1,0,0,1,0,0,Normal
udp,ssl,CON,0.3293,3,35,2077,8680,173.11455,40381.26,210896.09,0,32,0.1098,0.0094,0.0144,0.0188,52407,7005472,8127438,22594,0.2708,0.0571,0.0241,554,248,1,2449,4,3,0,0,0,0,0,Normal
udp,http,FIN,5.4182,64,29,16560,5858,25.7466,19560.73,8649.36,34,0,0.0847,0.1868,0.005,0.0095,29642,9377001,8652015,23112,0.2932,0.0656,0.0983,207,202,2,1359,4,1,0,0,0,0,0,Normal
udp,ssl,CON,8.743,34,57,19507,28842,15.61245,14279.71,26390.84,0,22,0.2571,0.1534,0.0096,0.0049,45472,233632,7875941,33546,0.1971,0.0969,0.0402,459,506,1,3964,2,2,0,0,1,0,0,Normal
tcp,dns,CON,9.2131,75,18,9562,6390,15.14145,6642.7,5548.61,56,0,0.1228,0.5118,0.0148,0.0142,51148,9357029,1562361,63729,0.1699,0.0896,0.0851,102,355,0,3930,3,1,0,0,1,0,0,Normal
udp,http,INT,7.8649,76,1,29545,259,14.68545,24042.04,263.45,73,0,0.1035,7.8649,0.0167,0.0039,37306,9481137,3890710,46081,0.0152,0.0696,0.0978,311,259,1,2505,2,2,0,0,0,0,0,Normal
icmp,ftp,RST,1.1895,284,18,39476,72,253.8951,265503.65,484.25,16,7,0.004188,0.066082,0.1398,0.0103,3338,934,584,1753,0.005913,0.00457,0.001586,139,4,1,79,46,67,0,0,0,1,1,Worm
icmp,ftp,RST,0.7091,117,19,19890,437,191.7861,224389.79,4930.03,9,3,0.006061,0.037322,0.3916,0.0956,689,854,15,3346,0.007942,0.002576,0.002811,170,23,1,136,23,21,0,0,5,1,1,Exploit
udp,dns,CON,5.3915,13,7,5281,805,5.5642499999999995,6269.12,1194.47,5,0,0.4147,0.7702,0.0021,0.016,40332,7657024,976173,28840,0.1163,0.0192,0.0674,325,115,1,3583,3,2,0,0,0,0,0,Normal
tcp,ssl,CON,9.1847,45,37,9956,12136,13.391849999999998,6937.65,10570.66,8,0,0.2041,0.2482,0.0142,0.0046,42399,9722972,5303849,12784,0.1954,0.0444,0.0744,177,328,1,2607,2,3,0,0,0,0,0,Normal
udp,-,CON,2.8453,60,38,9525,23902,51.66405,21424.75,67203.99,21,0,0.0474,0.0749,0.0105,0.0021,63578,9433570,5735551,35931,0.1159,0.0744,0.0913,127,629,1,3253,4,4,0,0,0,0,0,Normal
tcp,ssl,INT,3.2404,63,13,15513,3939,35.18085,30640.68,9724.73,49,0,0.0514,0.2493,0.0074,0.0146,47651,3468257,9396344,7577,0.2397,0.0058,0.0563,197,303,2,3378,3,3,0,0,1,0,0,Normal
udp,dns,INT,5.0098,38,0,18667,0,11.37765,23847.44,0.0,36,0,0.1318,5.0098,0.0029,0.0149,8575,4558669,6206942,29108,0.2853,0.0791,0.0453,393,0,2,3996,2,1,0,0,0,0,0,Normal
tcp,-,CON,0.209,55,13,21175,7683,487.94669999999996,648299.4,294030.95,40,0,0.0038,0.0161,0.0176,0.0169,63321,3349975,2391516,7020,0.2575,0.0584,0.0709,308,591,1,395,3,1,0,0,0,0,0,Normal
udp,dns,FIN,0.9533,14,16,8697,8800,47.20485,58391.32,73849.32,0,0,0.0681,0.0596,0.0146,0.0109,25626,2569380,6235833,55439,0.2122,0.0146,0.0018,497,550,1,4792,2,4,0,0,1,0,0,Normal
udp,-,INT,1.674,78,38,10432,25916,103.94505000000001,39886.21,123854.67,38,0,0.0215,0.0441,0.0023,0.0177,8777,1238599,5803450,55674,0.013,0.0603,0.0246,107,682,2,2924,4,3,0,0,1,0,0,Normal
udp,http,CON,2.0271,46,47,13052,2256,68.8176,41209.69,8903.38,0,0,0.0441,0.0431,0.0115,0.0023,57811,4620743,9923484,48349,0.1844,0.0423,0.0962,227,48,0,3981,1,2,0,0,0,0,0,Normal
udp,dns,FIN,5.8955,16,51,6900,28152,17.0469,7490.45,38201.27,0,34,0.3685,0.1156,0.0069,0.0187,43726,7594813,5040582,29974,0.0339,0.0083,0.0842,345,552,0,2533,4,4,0,0,0,0,0,Normal
udp,dns,FIN,0.2427,60,38,37125,2318,605.6331,978900.78,76400.4,21,0,0.004,0.0064,0.016,0.0138,9863,9277637,2465914,49608,0.2829,0.0068,0.0107,495,61,1,2612,3,2,0,0,1,0,0,Normal
udp,dns,FIN,7.739,57,7,8407,385,12.4047,6952.82,397.98,48,0,0.1358,1.1056,0.0118,0.0164,27690,4022852,4573632,28691,0.1524,0.0385,0.0239,118,55,2,2612,4,1,0,0,0,0,0,Normal
udp,ssl,CON,0.1338,9,39,6142,26286,538.12245,293814.89,1571676.49,0,28,0.0149,0.0034,0.0048,0.0198,45641,2136840,5503894,9753,0.0496,0.059,0.0937,546,674,0,53,3,1,0,0,0,0,0,Normal
tcp,-,INT,7.4584,72,43,15300,16598,23.12835,13128.89,17803.38,28,0,0.1036,0.1735,0.0108,0.0124,31062,4865225,7396862,8605,0.2666,0.0209,0.0364,170,386,2,1717,1,4,0,0,0,0,0,Normal
tcp,ssl,INT,6.7089,77,20,19731,14640,21.68775,18822.83,17457.48,55,0,0.0871,0.3354,0.0153,0.0042,1919,7314637,8278336,64769,0.2981,0.0866,0.0348,205,732,1,3734,2,4,0,0,0,0,0,Normal
tcp,http,INT,9.6919,71,28,44907,10668,15.3222,29654.6,8805.75,43,0,0.1365,0.3461,0.0022,0.0119,24255,2455797,8108030,39828,0.2135,0.0432,0.0906,506,381,0,1270,1,2,0,0,1,0,0,Normal
tcp,ssh,CON,0.8026,506,14,45034,1330,647.8968,448882.81,13256.96,34,4,0.001586,0.057328,0.2829,0.0613,1180,696,129,2989,0.00141,0.003679,0.00216,89,95,1,156,65,68,0,0,7,0,1,Analysis
udp,dns,INT,8.9852,46,28,2990,3500,12.353549999999998,2129.72,3116.22,16,0,0.1953,0.3209,0.0191,0.0023,12918,7488317,2604504,23363,0.1499,0.0692,0.0597,52,125,2,1118,3,2,0,0,1,0,0,Normal
udp,-,CON,2.0412,68,12,27710,780,58.789950000000005,86883.6,3057.07,54,0,0.03,0.1701,0.0087,0.0074,49126,2066629,2158603,23647,0.2979,0.05,0.0211,326,65,1,4258,1,1,0,0,1,0,0,Normal
tcp,ssl,CON,1.0131,54,25,7357,3550,116.97,46480.05,28033.33,29,0,0.0188,0.0405,0.0077,0.0023,63728,9966540,116838,41785,0.1613,0.0451,0.0695,109,142,1,762,4,4,0,0,1,0,0,Normal
tcp,http,INT,3.3665,4,51,1810,32385,24.506550000000004,3441.01,76959.36,0,47,0.8416,0.066,0.0073,0.0145,4137,6145983,8676625,4479,0.0622,0.0611,0.0839,362,635,0,268,3,4,0,0,0,0,0,Normal
icmp,ftp,RST,0.7615,430,27,41280,2457,600.12,433662.18,25811.72,1,8,0.001771,0.028204,0.4559,0.0451,3103,994,857,402,0.001762,0.000732,0.00113,96,91,0,175,78,56,0,0,0,1,1,Exploit
tcp,http,FIN,8.6061,74,39,34687,18681,19.6953,25795.57,17365.3,33,0,0.1163,0.2207,0.0136,0.0123,57990,6088129,6771325,52678,0.1144,0.0909,0.0378,375,479,1,552,3,3,0,0,1,0,0,Normal
tcp,dns,CON,0.5134,74,27,28952,12393,295.0698,360892.7,193098.32,47,0,0.0069,0.019,0.0021,0.0079,30869,9063016,1381367,10274,0.0724,0.0586,0.0251,313,459,1,424,2,4,0,0,1,0,0,Normal
udp,ssh,REQ,0.5811,185,8,33300,32,332.1277,458439.44,440.54,14,4,0.003141,0.072638,0.1039,0.0026,1725,318,12,1029,0.001949,0.001092,0.00389,180,4,0,134,89,60,0,0,6,1,1,Shellcode
udp,http,FIN,2.6293,31,39,8680,17706,39.934200000000004,21127.86,53872.38,0,8,0.0848,0.0674,0.0067,0.016,35044,1044158,1953617,16168,0.1445,0.0296,0.0136,224,454,0,129,3,3,0,0,1,0,0,Normal
tcp,ssl,FIN,0.5134,62,26,24722,10504,257.0988,308175.71,163670.63,36,0,0.0083,0.0197,0.0157,0.0006,11944,3747426,2918860,3318,0.2639,0.0798,0.0212,319,404,1,1079,1,3,0,0,0,0,0,Normal
tcp,ssl,CON,8.2922,56,57,21350,10431,20.44095,16478.2,10063.47,0,0,0.1481,0.1455,0.0113,0.0184,65297,2319832,3583488,43206,0.2996,0.031,0.0919,305,183,0,828,1,4,0,0,1,0,0,Normal
tcp,-,CON,0.1337,286,25,26884,2025,2325.6798,1608323.48,121144.73,17,0,0.000468,0.005349,0.2309,0.0191,1234,851,605,1883,0.003084,0.004762,0.004008,94,81,0,61,48,16,1,4,9,0,1,Backdoor
tcp,ftp,CON,0.8736,594,28,27324,2716,712.0035,250222.31,24872.05,24,0,0.001471,0.0312,0.0971,0.0364,435,219,523,3489,0.001322,0.001961,0.004819,46,97,1,24,32,42,0,0,0,0,1,Reconnaissance
udp,-,FIN,6.9844,16,18,2600,11034,7.3020000000000005,2382.46,12638.47,0,0,0.4365,0.388,0.0043,0.0101,310,5416046,7564445,7550,0.0659,0.0867,0.0078,130,613,1,1160,3,1,0,0,1,0,0,Normal
udp,-,CON,5.6122,16,27,9040,12015,11.492700000000001,10308.88,17126.83,0,9,0.3508,0.2079,0.0116,0.0002,59604,6164029,1920888,62271,0.2968,0.0402,0.0741,452,445,1,567,4,3,0,0,0,0,0,Normal
udp,-,INT,2.3584,56,39,12460,16419,60.4212,33812.16,55694.4,15,0,0.0421,0.0605,0.0161,0.0088,42282,9458323,191975,53747,0.1998,0.0275,0.0462,178,421,1,4334,3,2,0,0,0,0,0,Normal
tcp,http,FIN,5.9506,36,42,16920,17136,19.662,18197.93,23037.8,0,5,0.1653,0.1417,0.0198,0.0193,51557,3566633,4174403,9127,0.2414,0.0686,0.0871,376,408,1,1309,4,2,0,0,1,0,0,Normal
tcp,-,CON,4.7803,53,0,30475,0,16.63065,40800.45,0.0,52,0,0.0902,4.7803,0.0073,0.0032,37029,562626,6695294,20484,0.2616,0.0624,0.0448,460,0,2,3540,3,3,0,0,1,0,0,Normal
udp,http,CON,9.9854,1,35,508,9450,5.4079500000000005,326.08,7571.08,0,33,9.9854,0.2853,0.016,0.0177,18551,1237353,6380650,31889,0.0284,0.0927,0.0134,407,270,1,97,4,2,0,0,0,0,0,Normal
udp,http,CON,6.3923,28,26,3780,13572,12.671399999999998,3784.54,16985.39,1,0,0.2283,0.2459,0.0179,0.0058,25171,1670736,8201589,29839,0.2855,0.0739,0.0591,108,522,1,3952,1,2,0,0,1,0,0,Normal
udp,http,CON,5.1524,60,30,26250,23910,26.20125,32605.96,37124.22,29,0,0.0859,0.1717,0.0093,0.0188,36596,4151004,4720858,3174,0.2914,0.0233,0.0883,350,797,1,1778,2,3,0,0,0,0,0,Normal
tcp,ssl,FIN,9.1998,13,25,8840,16275,6.195749999999999,6149.69,14152.47,0,10,0.7077,0.368,0.0192,0.0114,5029,7978217,9622259,20059,0.0847,0.0943,0.0525,544,651,1,2568,2,3,0,0,1,0,0,Normal
udp,ssl,FIN,5.084,34,48,13005,16992,24.1935,16371.37,26738.02,0,13,0.1495,0.1059,0.0139,0.0193,31488,2399647,9500343,63594,0.038,0.0075,0.0942,306,354,2,3643,1,3,0,0,0,0,0,Normal
udp,-,CON,6.7688,41,46,25215,18170,19.279799999999998,23841.28,21475.12,0,5,0.1651,0.1471,0.0013,0.0042,52617,7970109,9662584,15416,0.0188,0.0088,0.0176,492,395,0,2400,2,1,0,0,0,0,0,Normal
tcp,http,CON,0.6832,754,5,39962,250,1110.978,467951.53,2927.48,38,0,0.000906,0.136636,0.4423,0.0052,17,997,405,2670,0.000311,0.003425,0.002103,53,50,1,67,31,26,0,0,4,0,1,Analysis
tcp,-,CON,2.2072,37,39,24235,24921,51.6489,70271.42,90325.67,0,0,0.0597,0.0566,0.0057,0.0021,58462,5574173,4355349,53514,0.194,0.0859,0.0683,524,639,1,3513,3,4,0,0,0,0,0,Normal
tcp,ssl,INT,5.8222,30,18,16837,3546,12.36645,18508.49,4872.39,10,0,0.1941,0.3235,0.0154,0.0126,5089,595863,6510632,17927,0.294,0.0325,0.0341,449,197,1,3115,1,4,0,0,0,0,0,Normal
udp,ssl,INT,4.0645,70,35,29312,15225,38.7504,46156.12,29967.03,35,0,0.0581,0.1161,0.0058,0.0043,2682,2326667,4882319,59876,0.0432,0.0519,0.0552,335,435,1,1516,3,1,0,0,0,0,0,Normal
icmp,ssh,INT,1.3218,388,15,40740,750,304.8939,246578.22,4539.36,4,0,0.003407,0.088118,0.2791,0.0468,336,757,739,2824,0.006421,0.000419,0.000206,105,50,1,129,68,71,0,0,0,0,1,Exploit
tcp,http,INT,0.4447,335,10,17085,600,775.8413,307368.09,10794.31,20,6,0.001327,0.044468,0.1424,0.0167,2279,800,584,3865,0.00387,0.003045,0.003497,51,60,0,125,91,19,0,0,4,1,1,DoS
udp,-,CON,2.4635,14,19,1400,9348,20.0934,3637.1,30356.82,0,3,0.176,0.1297,0.0031,0.0006,50397,5185201,354075,33877,0.1549,0.0054,0.0023,80,492,1,202,3,2,0,0,1,0,0,Normal
udp,http,INT,7.564,45,28,18731,18844,14.47635,15848.65,19930.06,16,0,0.1681,0.2701,0.0196,0.013,24333,8579074,2923993,38993,0.0193,0.0251,0.0664,333,673,2,3486,1,3,0,0,1,0,0,Normal
udp,ssl,FIN,0.5177,20,18,3475,3456,110.1048,42960.2,53406.64,0,0,0.0259,0.0288,0.0067,0.0064,6451,2505831,116310,4702,0.1913,0.0442,0.0125,139,192,0,3701,2,1,0,0,1,0,0,Normal
udp,ssl,FIN,3.6801,43,16,9890,2880,24.048299999999998,17199.57,6260.71,27,0,0.0856,0.23,0.0181,0.0166,1898,3282485,519318,6361,0.0929,0.0053,0.0426,184,180,2,1893,4,1,0,0,1,0,0,Normal
tcp,dns,CON,7.8982,56,52,3570,9828,20.510849999999998,2892.8,9954.63,2,0,0.141,0.1519,0.0036,0.0155,14303,3732578,7236586,58221,0.175,0.0146,0.073,51,189,1,537,1,3,0,0,1,0,0,Normal
udp,ssl,FIN,7.7886,21,41,9108,4674,11.94045,7484.76,4800.85,0,20,0.3709,0.19,0.0146,0.0032,18918,9949902,336187,7545,0.0731,0.0408,0.0966,347,114,1,4604,4,1,0,0,0,0,0,Normal
udp,ssl,INT,8.6312,51,31,6566,7502,14.250600000000002,4868.85,6953.39,18,0,0.1692,0.2784,0.0157,0.0013,61757,9481652,4569073,47392,0.236,0.0629,0.0558,103,242,2,4307,4,1,0,0,0,0,0,Normal
tcp,http,INT,0.8535,11,9,5568,4311,35.1474,41755.12,40405.46,0,0,0.0776,0.0948,0.0184,0.0192,12525,8568375,6266176,10882,0.2828,0.0294,0.0877,405,479,1,3915,3,3,0,0,1,0,0,Normal
tcp,http,FIN,0.7353,47,4,30256,188,104.03580000000001,263339.73,2045.36,43,0,0.0156,0.1838,0.0073,0.0148,15778,1568881,1282910,29008,0.2999,0.0441,0.053,515,47,0,2951,4,1,0,0,0,0,0,Normal
udp,ssl,INT,9.1688,35,4,9318,2800,6.3804,6504.66,2443.07,30,0,0.262,2.2922,0.0102,0.0175,64917,3935635,7629728,38389,0.2668,0.0261,0.0542,213,700,2,3731,1,2,0,0,0,0,0,Normal
udp,dns,FIN,4.6678,44,12,4015,2640,17.9955,5504.9,4524.57,31,0,0.1061,0.389,0.0007,0.0119,64588,1482597,1276498,57325,0.0067,0.0002,0.0332,73,220,0,957,3,2,0,0,0,0,0,Normal
udp,ssl,CON,7.8977,21,59,12101,46020,15.1944,9806.42,46616.22,0,36,0.3761,0.1339,0.0038,0.0005,963,7137056,6972914,53045,0.1577,0.0552,0.0317,461,780,1,2460,2,2,0,0,1,0,0,Normal
udp,dns,CON,3.0508,7,18,2213,10440,12.29205,4644.08,27376.73,0,10,0.4358,0.1695,0.0175,0.0132,14702,3927874,8948723,56730,0.0071,0.0457,0.0813,253,580,1,185,3,1,0,0,1,0,0,Normal
tcp,http,REQ,0.3978,412,28,58916,0,1106.0938,1184847.64,0.0,37,3,0.000966,0.014207,0.1026,0.0147,3431,780,820,282,0.008708,0.002749,0.002319,143,0,0,8,32,22,0,0,3,0,1,Exploit
udp,ssh,RST,0.742,649,14,93456,910,893.5568,1007641.0,9811.6,33,5,0.001143,0.052998,0.3398,0.025,1341,631,344,1019,0.000939,0.004631,0.003169,144,65,0,46,24,78,0,0,7,1,1,Generic
tcp,ftp,RST,0.7035,727,23,94510,552,1066.1108,1074753.36,6277.26,40,8,0.000968,0.030587,0.0561,0.0447,3374,184,577,3357,0.000362,0.001919,0.003249,130,24,1,198,31,51,0,2,1,0,1,Backdoor
tcp,http,CON,2.7179,9,58,6255,31146,36.97755,14729.19,91677.71,0,49,0.302,0.0469,0.0043,0.014,23111,375297,6711918,2506,0.1568,0.0956,0.0232,556,537,0,1396,4,3,0,0,0,0,0,Normal
udp,http,CON,1.1422,652,10,29340,110,579.5668,205492.31,770.42,18,8,0.001752,0.114223,0.1448,0.0792,2840,744,22,2717,0.003591,0.00202,0.001032,45,11,0,157,81,41,0,0,2,0,1,Exploit
udp,-,CON,9.3611,36,36,2475,5436,11.537099999999999,1692.1,4645.59,0,0,0.26,0.26,0.0083,0.0174,35746,4714567,4392358,38040,0.0079,0.0923,0.0483,55,151,0,2005,1,1,0,0,0,0,0,Normal
tcp,ssl,INT,2.9877,28,52,13475,34164,40.16475,28865.04,91479.14,0,23,0.1067,0.0575,0.0161,0.0161,17766,7294022,6801685,42014,0.0505,0.0859,0.0607,385,657,0,4553,2,4,0,0,1,0,0,Normal
udp,http,INT,5.3122,60,52,41175,39624,31.6254,49606.63,59672.53,7,0,0.0885,0.1022,0.0182,0.0085,55754,7666645,1081072,37202,0.2477,0.0761,0.0553,549,762,2,2539,4,4,0,0,0,0,0,Normal
udp,-,INT,7.7648,1,6,485,312,1.35225,399.75,321.45,0,4,7.7648,1.2941,0.0028,0.002,30367,2725962,2288825,13201,0.0453,0.0227,0.0875,388,52,1,3711,4,4,0,0,1,0,0,Normal
udp,http,INT,4.6782,76,26,33915,4394,32.7051,46397.55,7514.04,49,0,0.0616,0.1799,0.0097,0.018,43650,8886446,2545928,12288,0.0674,0.0515,0.0663,357,169,1,751,3,2,0,0,1,0,0,Normal
tcp,ftp,CON,1.3181,340,3,49980,276,260.2273,303350.63,1675.17,26,2,0.003877,0.43936,0.1521,0.078,4015,64,954,578,0.005894,0.000815,0.001315,147,92,0,85,82,19,0,0,4,1,1,Analysis
tcp,-,INT,8.2519,67,52,5276,33800,21.6315,4092.16,32768.31,13,0,0.1232,0.1587,0.0054,0.0182,42100,5836321,3147005,37867,0.1155,0.0112,0.0394,63,650,1,16,3,4,0,0,0,0,0,Normal
tcp,-,FIN,5.619,45,12,28406,7848,15.2163,32354.76,11173.6,33,0,0.1249,0.4682,0.0044,0.0001,28795,7410332,9324389,25507,0.0247,0.0077,0.0146,505,654,1,4133,2,4,0,0,0,0,0,Normal
udp,dns,FIN,7.7949,2,33,1370,15213,6.73515,1124.83,15613.23,0,29,3.8975,0.2362,0.0074,0.0179,53079,2102360,9100504,5985,0.2635,0.0899,0.0274,548,461,2,4420,2,1,0,0,1,0,0,Normal
icmp,ftp,CON,0.9476,552,18,79488,414,601.4933,671038.59,3494.99,20,5,0.001717,0.052647,0.195,0.0579,1546,977,907,825,0.003827,0.003463,0.003398,144,23,0,48,76,20,0,0,3,1,1,Shellcode
udp,http,FIN,1.4789,39,0,6288,0,39.5577,27215.71,0.0,38,0,0.0379,1.4789,0.0179,0.0061,51256,1008824,5160698,2290,0.1701,0.0809,0.0175,129,0,2,3500,1,1,0,0,0,0,0,Normal
udp,ssl,CON,9.4109,36,40,8415,9960,12.11355,5722.72,8466.78,0,3,0.2614,0.2353,0.0095,0.0158,34542,1791871,1471766,21608,0.0071,0.0124,0.0941,187,249,0,2864,1,1,0,0,0,0,0,Normal
udp,dns,INT,0.9884,6,25,1050,19125,47.04435,6798.67,154791.18,0,19,0.1647,0.0395,0.0118,0.0014,52953,2861522,4289305,55132,0.2235,0.0375,0.0374,140,765,2,3667,3,2,0,0,0,0,0,Normal
icmp,ssh,CON,0.3232,618,16,38316,1456,1961.3942,948300.05,36035.2,19,5,0.000523,0.020202,0.0427,0.0949,1311,23,620,1885,0.002673,0.003833,0.001673,62,91,0,36,59,28,0,0,1,0,1,Generic
udp,http,INT,1.3419,56,22,24570,1628,87.18975,117183.07,9705.64,32,0,0.024,0.061,0.0168,0.0022,56433,553718,7938664,796,0.202,0.0728,0.0012,351,74,1,2253,1,3,0,0,0,0,0,Normal
tcp,http,FIN,4.3645,44,45,2255,6480,30.58785,3306.7,11877.72,0,0,0.0992,0.097,0.0025,0.0145,46637,1649259,8475121,5094,0.2386,0.0292,0.0123,41,144,1,4623,3,4,0,0,1,0,0,Normal
tcp,http,INT,6.8051,23,10,9631,7640,7.273950000000001,9057.89,8981.48,13,0,0.2959,0.6805,0.0059,0.007,32700,1181505,8014739,36957,0.1284,0.0239,0.0357,335,764,1,1511,4,4,0,0,0,0,0,Normal
udp,-,FIN,4.7083,26,36,16997,13356,19.75215,23104.53,22693.34,0,9,0.1811,0.1308,0.0006,0.0199,55440,2924549,9180635,3137,0.2829,0.0859,0.0757,523,371,1,1764,4,3,0,0,0,0,0,Normal
tcp,ssl,CON,5.4867,77,42,52552,16842,32.53305,61299.92,24556.71,33,0,0.0713,0.1306,0.004,0.0071,31442,920572,4186495,14472,0.2358,0.0008,0.0703,546,401,1,2016,3,1,0,0,1,0,0,Normal
tcp,-,FIN,3.0106,1,11,701,2112,5.979,1490.76,5612.26,0,8,3.0106,0.2737,0.0137,0.0105,4652,8581935,8482251,23382,0.0218,0.0849,0.0568,561,192,1,3283,1,3,0,0,1,0,0,Normal
tcp,ssh,RST,0.5434,408,16,38352,752,780.2739,564623.87,11071.06,2,5,0.001332,0.033962,0.4766,0.0353,297,276,903,3204,0.007943,0.004343,0.000928,94,47,0,185,73,15,0,0,2,0,1,Analysis
udp,-,INT,3.7492,71,49,44375,16905,48.01035,75749.68,36071.79,22,0,0.0528,0.0765,0.0197,0.0063,61813,5709172,390447,44620,0.2325,0.0446,0.0965,500,345,1,3246,3,2,0,0,0,0,0,Normal
udp,dns,FIN,1.2993,6,19,825,9253,28.862399999999997,4063.82,56973.49,0,11,0.2165,0.0684,0.005,0.0093,3352,3128350,5340360,52572,0.1652,0.0347,0.0947,110,487,0,3282,4,4,0,0,0,0,0,Normal
tcp,http,INT,3.0131,11,23,2090,10511,16.925849999999997,4439.21,27907.03,0,10,0.2739,0.131,0.0114,0.007,20312,567327,2648076,24682,0.013,0.0188,0.0956,152,457,2,2535,4,2,0,0,0,0,0,Normal
udp,-,INT,5.1635,26,36,19175,10008,18.01125,23767.03,15505.89,0,8,0.1986,0.1434,0.0104,0.0039,4193,7802637,2382608,17712,0.0998,0.0343,0.0219,590,278,2,768,1,3,0,0,1,0,0,Normal
tcp,http,CON,6.2664,52,7,24570,2954,14.12295,25093.77,3771.21,44,0,0.1205,0.8952,0.0033,0.0148,14627,1521722,4179721,2374,0.1295,0.0332,0.0751,378,422,2,3981,3,3,0,0,1,0,0,Normal
udp,ssl,FIN,5.4181,20,9,5700,1071,8.02875,6733.01,1581.37,11,0,0.2709,0.602,0.0079,0.0188,39142,1712256,8160322,6504,0.2019,0.0949,0.0289,228,119,1,1326,4,4,0,0,0,0,0,Normal
tcp,http,CON,1.1582,20,31,4600,6138,66.0528,25419.52,42398.1,0,10,0.0579,0.0374,0.0105,0.0106,30471,1051436,1680403,11714,0.2053,0.0489,0.0387,184,198,0,636,4,2,0,0,1,0,0,Normal
udp,dns,CON,6.6317,35,27,22443,270,14.02365,21659.75,325.71,8,0,0.1895,0.2456,0.0172,0.0097,32771,7435189,403158,23959,0.1618,0.0557,0.0237,513,10,2,2851,3,4,0,0,1,0,0,Normal
tcp,http,RST,0.6531,703,24,53428,1656,1113.1798,654470.11,20285.29,37,6,0.000929,0.027212,0.2881,0.0604,3140,285,296,3293,0.009875,0.002869,0.00273,76,69,0,34,63,58,0,0,6,0,1,Worm
tcp,http,CON,3.5077,29,49,20372,16807,33.355650000000004,37171.32,38332.21,0,18,0.121,0.0716,0.0045,0.0023,60416,2320970,929541,38079,0.2282,0.013,0.0766,562,343,1,800,1,1,0,0,0,0,0,Normal
tcp,ftp,REQ,0.8911,714,11,78540,407,813.5965,705102.04,3653.89,23,8,0.001248,0.08101,0.4232,0.0959,2051,32,428,202,0.009013,0.002767,0.002587,110,37,0,180,45,10,0,0,6,0,1,Analysis
tcp,http,INT,9.3474,13,8,8385,6248,3.3699,5741.04,5347.35,5,0,0.719,1.1684,0.0144,0.019,23605,9374175,8431076,19222,0.0524,0.0331,0.0468,516,781,0,2638,3,2,0,0,1,0,0,Normal
udp,http,INT,3.1625,44,3,18755,2367,22.2927,37955.02,5987.7,39,0,0.0719,1.0542,0.0078,0.01,54362,1699974,6362015,53319,0.1827,0.0319,0.0292,341,789,2,1638,4,1,0,0,0,0,0,Normal
tcp,http,CON,9.2877,11,16,3781,4304,4.36065,2605.6,3707.27,0,3,0.8443,0.5805,0.018,0.0031,56810,6554984,302005,2020,0.1532,0.0439,0.0507,275,269,1,2423,4,3,0,0,1,0,0,Normal
udp,dns,FIN,6.2981,14,51,9170,5661,15.480900000000002,9318.42,7190.78,0,35,0.4499,0.1235,0.0143,0.0077,28958,7856076,1817462,16523,0.0685,0.0417,0.0343,524,111,0,1974,4,2,0,0,1,0,0,Normal
udp,ssl,CON,6.4233,29,13,17436,2873,9.808050000000001,17373.07,3578.24,14,0,0.2215,0.4941,0.0076,0.01,16071,4784427,5837026,1426,0.2814,0.0883,0.0115,481,221,0,3018,3,2,0,0,0,0,0,Normal
icmp,-,INT,0.0468,528,17,64944,1190,11650.6469,11106636.55,203512.22,10,2,8.9e-05,0.002752,0.1244,0.0846,3479,87,669,3969,0.00286,0.000243,0.000911,123,70,1,117,39,30,0,0,0,0,1,Exploit
tcp,dns,CON,2.9926,22,34,7535,23086,28.0689,16114.2,61714.09,0,10,0.136,0.088,0.0126,0.006,57295,5249194,2622036,32045,0.0249,0.0175,0.0156,274,679,0,758,2,2,0,0,0,0,0,Normal
tcp,ssl,INT,5.2873,27,13,14816,6045,11.347949999999999,17934.2,9146.4,14,0,0.1958,0.4067,0.0104,0.0017,16519,6410743,6982786,19726,0.1792,0.0779,0.0541,439,465,1,2022,2,2,0,0,0,0,0,Normal
udp,ssl,INT,8.4597,68,33,4845,1386,17.90835,3665.37,1310.68,34,0,0.1244,0.2564,0.0003,0.0128,721,5455736,9030447,34302,0.2592,0.0872,0.0231,57,42,0,1487,3,4,0,0,0,0,0,Normal
udp,ssh,REQ,1.0411,686,14,78890,1358,672.3966,606232.73,10435.59,35,9,0.001518,0.074361,0.0368,0.0026,709,803,9,3864,0.004583,0.001487,0.002299,115,97,1,86,48,78,0,0,1,0,1,Analysis
tcp,http,INT,8.6285,3,39,648,6552,7.301400000000001,481.2,6074.77,0,34,2.8762,0.2212,0.0132,0.012,10402,3153921,8194638,20705,0.2633,0.0466,0.0585,173,168,1,1661,1,2,0,0,1,0,0,Normal
tcp,http,CON,3.5728,50,13,33062,3016,26.44965,59224.7,6753.18,36,0,0.0715,0.2748,0.0016,0.0029,9469,2396387,4662264,3422,0.2159,0.0785,0.0033,529,232,1,655,4,4,0,0,1,0,0,Normal
icmp,-,CON,0.3259,610,13,114070,689,1911.7115,2800243.11,16913.89,17,3,0.000534,0.025068,0.0229,0.0516,3448,958,639,3790,0.009781,0.002396,0.000261,187,53,0,105,68,54,1,0,4,1,1,Backdoor
tcp,dns,FIN,4.8821,45,46,27731,31372,27.959250000000004,36353.18,51407.34,0,1,0.1085,0.1061,0.0109,0.0126,49402,7810959,5855744,12539,0.1966,0.0466,0.0744,493,682,2,483,1,3,0,0,0,0,0,Normal
tcp,ssl,FIN,8.7924,76,53,15865,21147,22.0077,11548.18,19241.2,22,0,0.1157,0.1659,0.0071,0.0022,36716,1292032,7877419,14694,0.1545,0.0953,0.0132,167,399,2,1240,1,1,0,0,0,0,0,Normal
tcp,dns,CON,1.8909,2,3,797,1593,3.9663000000000004,2699.25,6739.66,0,0,0.9454,0.6303,0.0008,0.013,9282,4977478,5156144,45049,0.1466,0.0706,0.0461,319,531,1,2419,4,3,0,0,0,0,0,Normal
udp,ftp,CON,0.4071,433,18,62785,702,1107.7973,1233757.05,13794.66,33,9,0.00094,0.022617,0.0709,0.0409,3877,628,546,284,0.004655,0.00295,0.004428,145,39,1,120,26,48,0,0,0,0,1,Botnet
udp,ftp,INT,1.4492,292,23,23944,2277,217.3612,132177.7,12569.69,19,9,0.004963,0.063009,0.3538,0.09,2545,392,678,2857,0.000829,0.002284,0.000661,82,99,1,153,42,40,0,0,8,0,1,Exploit
tcp,-,FIN,0.0691,47,27,34897,19791,1606.50855,3232468.85,2291489.04,18,0,0.0015,0.0026,0.0083,0.0136,26448,9974534,6151429,3116,0.0186,0.0164,0.0796,594,733,2,4924,4,3,0,0,1,0,0,Normal
udp,dns,FIN,3.9721,58,14,3915,4690,27.1899,6308.07,9445.99,43,0,0.0685,0.2837,0.0023,0.0127,36745,5527652,7016715,429,0.0701,0.0865,0.0744,54,335,0,4523,3,2,0,0,0,0,0,Normal
icmp,http,CON,0.597,54,11,8802,264,108.8721,117943.66,3537.51,8,0,0.011056,0.054276,0.0631,0.0575,221,297,964,3186,0.000915,0.000609,0.003121,163,24,0,116,59,68,0,0,1,1,1,Worm
tcp,dns,CON,3.3027,53,24,31800,13392,34.97145,61622.48,32439.01,29,0,0.0623,0.1376,0.0078,0.0016,24849,3460920,9451835,37173,0.2883,0.021,0.0938,480,558,1,4437,1,1,0,0,1,0,0,Normal
tcp,ssl,INT,7.6233,36,47,4500,4841,16.33155,3777.9,5080.23,0,9,0.2118,0.1622,0.0174,0.0057,45002,5968008,3528895,3427,0.223,0.0422,0.0423,100,103,2,4121,2,4,0,0,0,0,0,Normal
tcp,dns,FIN,0.885,79,44,9875,29392,208.46519999999998,71409.24,265678.52,34,0,0.0112,0.0201,0.0161,0.0055,10477,9875477,6433058,46502,0.212,0.0008,0.0341,100,668,2,4863,4,1,0,0,0,0,0,Normal
tcp,ftp,CON,1.4728,151,14,13288,952,112.0298,72177.05,5171.02,9,5,0.009754,0.105202,0.1563,0.0251,3395,389,557,3239,0.009991,0.003131,0.00206,88,68,0,159,52,16,0,0,0,0,1,DoS
tcp,-,CON,6.2568,51,31,17913,23498,19.65855,18323.62,30044.55,18,0,0.1227,0.2018,0.0074,0.0113,5820,2814803,1361867,22163,0.1418,0.0132,0.0269,281,758,0,2241,1,1,0,0,1,0,0,Normal
tcp,http,FIN,2.8387,32,48,18720,6768,42.2724,42204.83,19073.34,0,16,0.0887,0.0591,0.0053,0.0092,1295,8124499,2557896,60598,0.1671,0.0093,0.0123,468,141,2,221,4,2,0,0,0,0,0,Normal
tcp,-,FIN,7.6585,43,41,11448,29561,16.4523,9567.44,30879.26,2,0,0.1781,0.1868,0.0129,0.0047,64570,4131171,445005,42332,0.0406,0.0511,0.0852,213,721,2,1855,2,1,0,0,0,0,0,Normal
tcp,dns,CON,2.5938,37,50,15632,1400,50.311499999999995,38571.41,4317.93,0,12,0.0701,0.0519,0.0148,0.0043,7752,4357105,5162238,52754,0.1465,0.0577,0.0636,338,28,1,3277,2,1,0,0,1,0,0,Normal
udp,-,CON,0.1553,42,33,20055,9504,724.4265,826503.04,489596.42,7,0,0.0037,0.0047,0.0067,0.0142,28411,2567293,3472643,65515,0.1054,0.0406,0.0549,382,288,0,4756,3,2,0,0,1,0,0,Normal
udp,ssh,INT,0.4296,205,4,16195,116,486.4802,301571.18,2160.07,22,2,0.002096,0.107404,0.3948,0.0745,155,280,226,1170,0.009443,0.003083,0.000318,79,29,0,26,41,17,0,0,7,0,1,Analysis
udp,dns,CON,3.7871,28,46,7910,35650,29.310299999999998,13367.61,75308.96,0,17,0.1353,0.0823,0.0176,0.0132,49842,6289982,6532881,59234,0.2798,0.0329,0.0529,226,775,1,85,3,4,0,0,1,0,0,Normal
tcp,dns,CON,5.0915,56,59,39130,7670,33.8802,49186.69,12051.56,0,3,0.0909,0.0863,0.0127,0.0124,11224,7386669,4835954,45907,0.2742,0.0665,0.0451,559,130,1,2250,3,3,0,0,1,0,0,Normal
udp,ftp,RST,0.5916,733,0,141469,0,1238.9329,1912912.43,0.0,27,6,0.000807,0.591638,0.2174,0.0547,1529,775,773,1692,0.001181,0.00403,0.003541,193,0,0,196,64,35,0,0,8,0,1,Exploit
tcp,ssl,CON,8.1614,23,16,2616,11376,7.1678999999999995,2051.6,11150.99,7,0,0.3548,0.5101,0.0074,0.0141,24660,1628926,6843651,5366,0.0481,0.0888,0.0642,91,711,0,2029,4,2,0,0,1,0,0,Normal
tcp,-,FIN,7.277,58,59,31900,11918,24.1173,28055.71,13102.19,0,0,0.1255,0.1233,0.0112,0.0077,38466,1999134,2152449,8996,0.1907,0.0292,0.0749,440,202,0,3707,2,2,0,0,1,0,0,Normal
tcp,http,FIN,9.1171,23,4,10120,200,4.44225,7104.03,175.49,19,0,0.3964,2.2793,0.0028,0.0012,19225,313996,6715142,20630,0.252,0.0783,0.0463,352,50,2,3798,2,2,0,0,0,0,0,Normal
tcp,ssl,FIN,7.5127,34,4,8287,3140,7.587149999999999,7060.02,3343.66,28,0,0.221,1.8782,0.0147,0.0027,51096,9211970,9265094,35868,0.0211,0.0294,0.0879,195,785,1,3068,2,2,0,0,0,0,0,Normal
tcp,ssl,FIN,4.2093,74,20,17760,11160,33.497249999999994,27003.09,21210.2,53,0,0.0569,0.2105,0.0191,0.0096,59008,5175586,4770438,28322,0.1818,0.0315,0.0923,192,558,0,3184,3,4,0,0,1,0,0,Normal
tcp,http,CON,0.6453,72,35,34830,16170,248.73494999999997,345457.96,200475.71,36,0,0.009,0.0184,0.0065,0.0152,56095,2575877,8864772,62193,0.1814,0.0484,0.0063,387,462,0,4325,4,1,0,0,0,0,0,Normal
udp,ssh,CON,0.2371,744,11,132432,231,3184.6405,4468856.33,7794.99,39,5,0.000319,0.021552,0.1114,0.039,2181,637,513,3196,0.005698,0.00447,0.0005,178,21,0,103,82,72,0,0,9,0,1,DoS
udp,http,CON,1.4896,7,42,4567,30366,49.3425,19624.24,163084.24,0,34,0.2128,0.0355,0.0171,0.006,45332,324493,2886946,25630,0.0722,0.0558,0.0924,522,723,2,3225,4,4,0,0,0,0,0,Normal
tcp,http,INT,0.3279,16,50,10760,10350,301.9611,210042.91,252549.27,0,33,0.0205,0.0066,0.0026,0.0197,2006,5097107,7595134,55359,0.2645,0.0478,0.034,538,207,0,25,3,1,0,0,0,0,0,Normal
udp,http,CON,7.7523,32,36,11480,16596,13.157399999999999,9477.4,17126.2,0,2,0.2423,0.2153,0.0028,0.0093,53221,1169245,1464138,37068,0.1678,0.0701,0.0495,287,461,2,4617,1,1,0,0,1,0,0,Normal
tcp,http,INT,0.2201,545,19,72485,1216,2562.8736,2635033.92,44205.03,9,6,0.000404,0.011582,0.4887,0.0352,3647,461,672,1888,0.005431,0.000213,0.001735,133,64,1,189,92,13,0,0,9,0,1,Analysis
tcp,ftp,RST,0.3975,356,24,17800,768,956.0296,358259.51,15457.49,42,4,0.001117,0.016562,0.2438,0.0809,1248,760,632,2512,0.00033,0.004557,0.002665,50,32,1,35,96,31,0,0,3,1,1,Reconnaissance
udp,http,INT,4.1358,23,23,11270,12006,16.68345,17439.72,23223.3,0,0,0.1798,0.1798,0.0078,0.0063,33795,231386,2383105,51499,0.1595,0.056,0.0131,392,522,2,3726,2,2,0,0,0,0,0,Normal
tcp,ssl,CON,4.3255,41,47,4458,10293,30.51645,6597.1,19036.7,0,5,0.1055,0.092,0.0017,0.0014,2671,5854503,1150375,2621,0.0338,0.0392,0.0536,87,219,0,2012,4,1,0,0,1,0,0,Normal
udp,-,CON,4.3911,19,44,4203,19580,21.52095,6126.97,35672.34,0,25,0.2311,0.0998,0.0119,0.0141,6788,6742821,3299782,3823,0.1814,0.0368,0.0647,177,445,1,2754,1,3,0,0,1,0,0,Normal
udp,http,REQ,1.4404,555,17,87690,1003,397.1254,487047.89,5570.86,13,5,0.002595,0.084727,0.2996,0.0472,3691,473,184,654,0.009569,0.002058,0.004715,158,59,1,194,33,16,0,0,6,1,1,DoS
tcp,dns,CON,1.7582,34,56,16065,22624,76.78335,58478.24,102942.09,0,22,0.0517,0.0314,0.0159,0.0124,37681,1976647,7674332,48501,0.1988,0.0855,0.0782,378,404,1,3765,2,2,0,0,0,0,0,Normal
tcp,-,INT,9.5542,72,48,45630,12816,18.84,30565.9,10731.22,24,0,0.1327,0.199,0.0017,0.0016,50815,3606828,7435129,36682,0.0982,0.0294,0.0796,507,267,2,3400,4,1,0,0,1,0,0,Normal
udp,dns,FIN,2.467,21,51,3438,14688,43.7772,8920.81,47629.55,0,30,0.1175,0.0484,0.0079,0.0074,5390,4199889,3367984,6211,0.0632,0.004,0.0725,131,288,0,497,3,3,0,0,0,0,0,Normal
udp,ftp,RST,0.7748,699,11,97161,1078,916.3936,1003241.95,11130.96,17,4,0.001108,0.070434,0.3695,0.0065,7,795,713,48,0.004466,0.004249,0.00246,139,98,1,170,63,25,0,0,3,1,1,Exploit
tcp,ssh,REQ,0.9871,677,12,86656,456,698.0248,702328.49,3695.78,19,1,0.001458,0.082256,0.1858,0.0466,426,949,387,3560,0.00985,0.002264,0.00305,128,38,1,92,76,30,0,0,5,0,1,Generic
tcp,ssl,CON,3.5181,50,27,31937,19494,32.8299,58098.87,44327.96,21,0,0.0704,0.1303,0.016,0.0029,60336,3662908,4270036,52772,0.1642,0.099,0.0921,511,722,2,2668,2,1,0,0,0,0,0,Normal
udp,http,FIN,9.4686,47,35,2996,24290,12.9903,2025.22,20522.58,12,0,0.2015,0.2705,0.0183,0.0064,8274,6983799,6235315,46122,0.0719,0.0973,0.0098,51,694,1,1956,3,4,0,0,1,0,0,Normal
tcp,ssl,CON,7.5288,6,38,540,27550,8.7663,459.04,29274.11,0,30,1.2548,0.1981,0.0135,0.0008,222,9795002,1681556,53991,0.2604,0.0983,0.0006,72,725,2,4685,4,2,0,0,0,0,0,Normal
tcp,dns,CON,2.9255,45,22,8493,5390,34.353300000000004,18581.57,14739.46,21,0,0.065,0.133,0.0111,0.0124,53628,4787938,9305327,38166,0.2675,0.0558,0.0536,151,245,2,4936,4,1,0,0,0,0,0,Normal
udp,-,INT,3.4542,59,15,28615,1245,32.1351,53018.97,2883.48,42,0,0.0585,0.2303,0.0124,0.0195,13667,4240173,3528243,32622,0.1909,0.0381,0.0224,388,83,1,507,4,2,0,0,1,0,0,Normal
icmp,http,INT,1.2471,448,21,72128,924,376.0817,462704.03,5927.5,22,3,0.002784,0.059384,0.3183,0.0909,1309,141,287,27,0.003192,0.003432,0.001035,161,44,1,108,59,61,0,0,3,1,1,DoS
tcp,-,CON,0.5266,672,29,98112,1566,1331.1583,1490471.92,23789.94,33,3,0.000784,0.018159,0.2373,0.0933,13,653,834,3654,0.004263,0.004504,0.003795,146,54,0,199,93,56,0,0,0,0,1,Shellcode
tcp,ssl,FIN,3.0479,4,36,1600,19440,19.68555,3359.67,51024.95,0,32,0.762,0.0847,0.0158,0.0035,64663,6414683,2169220,23866,0.0086,0.0569,0.0184,320,540,2,607,1,3,0,0,0,0,0,Normal
tcp,-,INT,9.9416,33,45,10890,945,11.768699999999999,7010.51,760.44,0,12,0.3013,0.2209,0.0116,0.016,31381,4589245,7812869,15583,0.2627,0.0841,0.0646,264,21,0,659,4,1,0,0,1,0,0,Normal
udp,-,INT,5.4436,29,18,11128,5112,12.951,13084.04,7512.71,9,0,0.1877,0.3024,0.0052,0.0186,8913,654251,3955793,27640,0.016,0.0012,0.0626,307,284,0,1072,4,2,0,0,0,0,0,Normal
udp,-,REQ,0.695,227,6,15890,570,335.272,182917.47,6561.55,34,8,0.003061,0.115826,0.2009,0.0299,2399,914,443,22,0.004072,0.003843,0.002223,70,95,1,7,33,22,0,0,7,0,1,Shellcode
udp,dns,CON,1.4655,41,41,27777,31488,83.93235,121310.28,171893.54,0,0,0.0357,0.0357,0.0009,0.0026,38996,1385110,6748701,36699,0.2652,0.0752,0.0212,542,768,0,1617,2,3,0,0,1,0,0,Normal
udp,dns,CON,6.5914,25,21,16906,7875,10.4682,16415.27,9557.88,4,0,0.2637,0.3139,0.0169,0.0194,65029,101591,4253425,55574,0.1511,0.0129,0.0339,541,375,2,4612,4,4,0,0,0,0,0,Normal
tcp,http,CON,7.8647,78,22,48652,3520,19.072499999999998,39591.59,3580.56,56,0,0.1008,0.3575,0.0048,0.0114,19235,4643020,1859788,12291,0.0833,0.0701,0.0579,499,160,2,519,4,4,0,0,1,0,0,Normal
udp,dns,INT,8.588,31,24,22358,8832,9.60645,16662.24,8227.25,5,0,0.277,0.3578,0.02,0.0157,18496,8405275,4598919,58855,0.126,0.0392,0.0122,577,368,1,3199,3,4,0,0,1,0,0,Normal
tcp,http,INT,7.1122,39,55,11017,7370,19.825049999999997,9914.19,8289.94,0,15,0.1824,0.1293,0.0042,0.0015,54700,8200140,3742614,30134,0.088,0.0305,0.0635,226,134,0,1569,1,3,0,0,1,0,0,Normal
udp,http,INT,7.9879,22,3,16032,420,4.6945500000000004,12845.41,420.64,17,0,0.3631,2.6626,0.0191,0.0133,20420,8702751,9289405,62790,0.1586,0.0147,0.0839,583,140,1,3818,1,2,0,0,1,0,0,Normal
udp,dns,INT,1.852,48,51,18240,4998,80.1822,63031.27,21589.25,0,3,0.0386,0.0363,0.0009,0.0032,48787,9441664,3620182,21245,0.0557,0.023,0.0985,304,98,2,716,1,4,0,0,1,0,0,Normal
tcp,http,FIN,5.8974,8,22,2200,10758,7.6305,2387.5,14593.6,0,12,0.7372,0.2681,0.0098,0.0081,48549,3355736,494430,46874,0.2126,0.0997,0.0228,220,489,2,92,2,3,0,0,0,0,0,Normal
udp,ssl,FIN,6.2694,48,35,3600,25270,19.8582,3674.97,32245.33,12,0,0.1306,0.1791,0.0139,0.0015,3133,4813341,930077,25392,0.1422,0.0778,0.0553,60,722,1,759,3,2,0,0,1,0,0,Normal
udp,ssh,CON,0.3212,167,24,30895,216,594.675,769528.07,5380.1,49,3,0.001923,0.013383,0.417,0.0976,91,62,759,2903,0.00994,0.004498,0.002899,185,9,1,14,26,67,0,0,1,0,1,Exploit
udp,http,INT,3.377,16,50,11940,39700,29.31585,22628.32,94047.78,0,33,0.2111,0.0675,0.0025,0.0082,33994,1385839,9378125,35245,0.0065,0.0675,0.0817,597,794,2,966,3,4,0,0,0,0,0,Normal
udp,dns,FIN,3.9855,68,9,11390,2763,28.9803,18290.42,5546.14,59,0,0.0586,0.4428,0.0016,0.0032,15269,8754660,4658768,22566,0.1881,0.0067,0.0676,134,307,2,281,4,2,0,0,0,0,0,Normal
tcp,dns,INT,2.6115,28,2,7875,1176,17.23155,19299.4,3602.56,24,0,0.0933,1.3057,0.0007,0.0061,54552,4906861,7861621,2199,0.1368,0.044,0.0823,225,588,0,1361,1,4,0,0,1,0,0,Normal
udp,dns,INT,3.9084,25,53,16562,9063,29.935200000000002,27120.83,18550.65,0,26,0.1563,0.0737,0.0088,0.0139,32677,3439306,1831622,34826,0.2834,0.0863,0.0991,530,171,2,2891,3,3,0,0,1,0,0,Normal
udp,ssl,CON,8.3739,57,58,30993,10092,20.599800000000002,23687.99,9641.43,0,1,0.1469,0.1444,0.0153,0.0101,37730,7686620,4002365,48912,0.1782,0.0335,0.0069,435,174,1,4775,3,1,0,0,0,0,0,Normal
tcp,dns,INT,3.9664,29,14,19756,2436,16.261650000000003,31877.97,4913.3,13,0,0.1368,0.2833,0.0097,0.0149,53772,5827768,7552016,233,0.2005,0.0846,0.0124,545,174,2,2742,1,2,0,0,1,0,0,Normal
udp,ssl,FIN,7.0407,25,1,16468,186,5.5392,14970.0,211.34,22,0,0.2816,7.0407,0.0172,0.0035,45846,1029556,6964868,37283,0.2727,0.0908,0.0743,527,186,1,1815,3,3,0,0,1,0,0,Normal
icmp,ftp,RST,0.9606,425,26,69700,832,469.491,580461.57,6928.9,5,9,0.00226,0.036947,0.2732,0.0525,722,832,626,1431,0.004177,0.000108,0.001493,164,32,1,147,32,33,0,0,9,0,1,Backdoor
tcp,-,INT,4.2829,10,35,6925,7840,15.760349999999999,10348.13,14644.29,0,25,0.4283,0.1224,0.0121,0.0119,49826,9592791,2790636,419,0.0716,0.0064,0.0539,554,224,2,1017,4,3,0,0,0,0,0,Normal
udp,-,FIN,3.1653,54,5,36585,2840,27.9591,73971.43,7177.77,48,0,0.0586,0.6331,0.0169,0.0075,6860,6892211,2946577,16435,0.1474,0.034,0.0014,542,568,0,4225,4,3,0,0,0,0,0,Normal
tcp,ftp,RST,1.294,274,3,33702,285,214.0641,208357.81,1761.97,43,5,0.004723,0.431335,0.1063,0.0539,397,691,183,1923,0.005786,0.002355,0.001443,123,95,1,13,66,15,0,0,1,0,1,DoS
tcp,ssl,INT,2.892,66,36,38610,21060,52.90469999999999,85444.13,58257.36,29,0,0.0438,0.0803,0.0104,0.0153,20079,4979014,631942,28561,0.2601,0.0232,0.0117,468,585,0,3274,4,3,0,0,0,0,0,Normal
udp,http,CON,6.9634,20,22,5975,836,9.04725,5491.58,960.45,0,0,0.3482,0.3165,0.0066,0.0007,65257,8110252,1573015,26400,0.2635,0.0198,0.0419,239,38,1,3905,4,2,0,0,0,0,0,Normal
udp,http,FIN,2.7068,45,45,12318,1395,49.8741,29126.45,4122.92,0,0,0.0602,0.0602,0.0096,0.0037,63426,510107,1185497,11017,0.0065,0.0261,0.0729,219,31,0,2981,2,4,0,0,0,0,0,Normal
udp,-,CON,2.9985,43,32,4515,10976,37.519349999999996,9636.98,29284.45,10,0,0.0697,0.0937,0.0133,0.0161,3149,3043143,1193234,18564,0.0181,0.0099,0.0439,84,343,1,4278,3,3,0,0,1,0,0,Normal
tcp,http,FIN,5.5421,55,30,3093,19680,23.0058,3572.67,28408.16,25,0,0.1008,0.1847,0.0063,0.0082,58326,8686294,5632918,31019,0.1418,0.0823,0.0298,45,656,2,394,4,1,0,0,0,0,0,Normal
udp,http,FIN,5.008,62,41,42082,19598,30.8505,53779.3,31306.56,21,0,0.0808,0.1221,0.0143,0.0139,62360,9020853,6082303,48969,0.0978,0.0763,0.0264,543,478,2,3483,4,3,0,0,0,0,0,Normal
tcp,http,REQ,1.2135,102,16,11526,848,97.238,75984.11,5590.36,11,3,0.011897,0.075845,0.4532,0.0292,527,775,355,2043,0.003481,0.003684,0.003372,113,53,1,78,38,32,0,0,0,0,1,Shellcode
udp,http,CON,2.1776,75,57,46687,34428,90.92385,137212.39,126477.86,17,0,0.029,0.0382,0.0052,0.0152,28335,6836505,4493985,61083,0.1927,0.0337,0.095,498,604,1,3309,2,2,0,0,1,0,0,Normal
tcp,dns,FIN,1.1303,10,14,5675,4438,31.850849999999998,32134.02,31412.07,0,3,0.113,0.0807,0.007,0.0158,18526,373805,767497,8459,0.1509,0.0773,0.0502,454,317,2,2989,3,4,0,0,0,0,0,Normal
tcp,-,CON,3.7785,71,27,36298,14337,38.9046,61483.12,30355.16,42,0,0.0532,0.1399,0.0124,0.0114,5703,3014265,1586684,719,0.1742,0.0656,0.0213,409,531,2,560,3,1,0,0,1,0,0,Normal
tcp,ftp,RST,0.3356,771,20,145719,540,2357.2767,3474083.41,12874.13,36,0,0.000435,0.016778,0.2689,0.0995,2886,439,405,509,0.000564,0.00464,0.00187,189,27,0,50,56,26,0,0,3,1,1,DoS
udp,ssl,INT,7.321,38,43,15295,6235,16.59615,13370.9,6813.3,0,4,0.1927,0.1703,0.0095,0.0145,47014,3503042,2319514,47052,0.0535,0.0372,0.0474,322,145,2,4108,1,2,0,0,0,0,0,Normal
tcp,http,INT,0.7382,38,52,22230,28496,182.88585,192737.35,308830.61,0,12,0.0194,0.0142,0.0196,0.0056,54560,8559257,4448396,32949,0.2401,0.0817,0.088,468,548,0,4188,1,1,0,0,1,0,0,Normal
udp,dns,CON,9.6577,32,47,10960,14335,12.27,7262.98,11874.41,0,13,0.3018,0.2055,0.0056,0.0075,54809,8413772,7856328,24362,0.208,0.0933,0.0053,274,305,0,4640,4,2,0,0,1,0,0,Normal
tcp,ssl,CON,1.5882,41,11,16656,5368,49.110749999999996,67117.96,27038.59,28,0,0.0387,0.1444,0.011,0.0199,41249,3642155,786169,32505,0.0731,0.0486,0.0481,325,488,1,4386,3,3,0,0,0,0,0,Normal
udp,dns,FIN,3.6948,69,5,48041,1750,30.041999999999998,83214.62,3789.08,63,0,0.0535,0.739,0.0111,0.0103,62847,4669389,8245738,37633,0.164,0.0637,0.0446,557,350,1,4551,4,1,0,0,0,0,0,Normal
udp,dns,INT,2.3706,40,6,12150,2286,29.107049999999997,32802.44,7714.65,34,0,0.0593,0.3951,0.0025,0.0146,6523,8814275,1912429,45290,0.2123,0.0048,0.0912,243,381,2,2602,4,1,0,0,0,0,0,Normal
tcp,http,INT,7.204,30,19,20887,5111,10.2027,18556.29,5675.71,10,0,0.2401,0.3792,0.009,0.0063,45669,6222087,7420773,14045,0.1369,0.0839,0.0364,557,269,2,4404,2,1,0,0,1,0,0,Normal
tcp,http,CON,2.3558,34,33,20017,3531,42.6612,54382.25,11990.99,0,0,0.0693,0.0714,0.011,0.0049,21538,6200017,1974906,25831,0.1213,0.0747,0.0493,471,107,1,406,1,1,0,0,1,0,0,Normal
tcp,http,FIN,7.9547,68,8,45985,4128,14.331,36997.27,4151.48,59,0,0.117,0.9943,0.0018,0.0128,25090,7643531,554122,42507,0.0554,0.0234,0.0111,541,516,1,1293,4,3,0,0,0,0,0,Normal
tcp,http,INT,2.2801,14,58,1505,24592,47.36565,4224.31,86282.58,0,42,0.1629,0.0393,0.0177,0.0172,42453,8028050,5003267,41854,0.1917,0.0015,0.0465,86,424,1,2298,1,4,0,0,0,0,0,Normal
tcp,ftp,RST,0.2217,488,11,97112,935,2251.2169,3504932.66,33745.7,39,9,0.000454,0.020151,0.2526,0.0942,2882,61,80,2884,0.005097,0.003845,0.000753,199,85,1,24,82,31,0,0,4,1,1,DoS
tcp,dns,INT,4.0968,15,38,1068,24130,19.4052,1669.58,47119.36,0,23,0.2731,0.1078,0.0092,0.0141,19900,7162882,5656186,1013,0.2145,0.1,0.0545,57,635,1,381,2,4,0,0,0,0,0,Normal
udp,-,INT,8.7847,75,29,47250,20445,17.758200000000002,34423.48,18618.73,45,0,0.1171,0.3029,0.0195,0.0095,11685,9361337,8229526,47393,0.2372,0.044,0.0741,504,705,2,1708,2,3,0,0,0,0,0,Normal
icmp,http,CON,1.2619,89,0,12104,0,70.5259,76732.23,0.0,33,1,0.014179,1.261947,0.4151,0.0651,3201,0,706,3786,0.002408,0.00166,0.001638,136,0,1,151,22,43,0,0,7,1,1,Botnet
udp,ssl,FIN,1.0008,48,7,9300,4095,82.4358,59473.65,32734.49,40,0,0.0208,0.143,0.0011,0.0174,27737,2458954,291364,55316,0.1132,0.092,0.0607,155,585,2,3692,3,4,0,0,1,0,0,Normal
tcp,http,FIN,7.1747,66,25,12870,10150,19.02525,11480.35,11317.55,40,0,0.1087,0.287,0.0119,0.0015,20797,1165484,5426564,2546,0.032,0.0661,0.0045,156,406,2,907,1,4,0,0,1,0,0,Normal
udp,http,CON,0.6453,23,53,16732,7632,176.65275,165942.08,94611.53,0,28,0.0281,0.0122,0.0134,0.0027,53241,1954885,2046475,29533,0.2645,0.0334,0.0471,582,144,0,4905,2,1,0,0,0,0,0,Normal
tcp,-,FIN,2.0556,21,9,3963,2232,21.89115,12340.78,8686.41,11,0,0.0979,0.2284,0.0016,0.0098,7095,1091969,695117,48477,0.08,0.0946,0.0984,151,248,2,4636,4,3,0,0,1,0,0,Normal
tcp,http,FIN,4.5801,63,16,23152,1088,25.8729,32352.18,1900.4,47,0,0.0727,0.2863,0.0014,0.0061,19781,9991867,9844412,53391,0.194,0.0718,0.0401,294,68,0,144,1,4,0,0,0,0,0,Normal
tcp,-,CON,4.3146,59,26,29647,11596,29.550449999999998,43976.7,21500.71,33,0,0.0731,0.1659,0.0024,0.0159,13683,859245,3412645,6555,0.0833,0.0962,0.0325,402,446,2,4736,1,1,0,0,1,0,0,Normal
tcp,ssl,CON,7.2154,15,23,10125,14421,7.899749999999999,8980.73,15989.03,0,8,0.481,0.3137,0.0188,0.0044,12467,1952271,3403620,62267,0.0903,0.0325,0.0521,540,627,0,3151,3,1,0,0,1,0,0,Normal
tcp,dns,FIN,5.7365,1,8,610,3632,2.35335,680.55,5065.1,0,6,5.7365,0.7171,0.0072,0.0152,5330,2474171,2399291,42323,0.2395,0.0134,0.0795,488,454,2,3169,4,3,0,0,1,0,0,Normal
tcp,http,FIN,7.6977,78,27,55380,12231,20.4606,46043.72,12711.29,51,0,0.0987,0.2851,0.0104,0.0115,3523,249115,7153058,11740,0.116,0.024,0.0116,568,453,1,4377,2,4,0,0,1,0,0,Normal
tcp,dns,INT,4.9354,47,1,29551,291,14.5884,38320.47,471.69,44,0,0.105,4.9354,0.0097,0.0147,38714,598143,4836994,57847,0.0325,0.0078,0.0208,503,291,1,1432,4,2,0,0,0,0,0,Normal
tcp,ssh,RST,0.7156,727,19,55252,1691,1042.5022,617697.92,18904.79,4,0,0.000984,0.037662,0.4364,0.0925,444,711,588,3306,0.001409,0.004106,0.000117,76,89,0,95,71,30,0,0,0,1,1,Shellcode
icmp,ftp,CON,1.0415,690,19,89700,513,680.7206,688977.63,3940.31,29,9,0.001509,0.054818,0.3513,0.0024,2778,212,708,1604,0.008148,0.001636,0.001441,130,27,0,122,37,69,0,0,3,1,1,Analysis
udp,ssl,INT,0.9286,10,27,7037,9342,59.76945,48504.74,80485.13,0,16,0.0929,0.0344,0.0164,0.0141,4980,2225860,6857121,62173,0.25,0.0602,0.0117,563,346,1,2843,1,3,0,0,0,0,0,Normal
tcp,http,CON,1.1324,32,35,18800,11515,88.7517,106254.7,81351.26,0,3,0.0354,0.0324,0.0093,0.0081,4020,7846298,2046325,50951,0.0223,0.0912,0.0731,470,329,1,1723,1,1,0,0,0,0,0,Normal
tcp,ssl,CON,7.6131,33,30,7425,3540,12.4128,6241.85,3719.89,1,0,0.2307,0.2538,0.0009,0.0178,8093,4557859,4893306,64555,0.0539,0.0969,0.0477,180,118,1,3424,4,2,0,0,0,0,0,Normal
icmp,http,CON,0.6235,652,16,46292,1088,1071.4045,593981.53,13960.34,38,1,0.000956,0.038968,0.0888,0.0384,3901,777,187,3005,0.009712,0.001538,0.001689,71,68,0,18,75,67,0,0,2,0,1,Reconnaissance
udp,dns,INT,0.6643,73,43,13596,28638,261.91544999999996,130981.79,344861.32,29,0,0.0091,0.0154,0.0065,0.0168,7187,6155768,5454181,3132,0.2183,0.0854,0.0067,149,666,2,1566,1,3,0,0,1,0,0,Normal
udp,ssl,INT,2.3297,64,55,35760,41305,76.62015,98238.71,141839.69,7,0,0.0364,0.0424,0.0166,0.0121,13337,8366930,1481647,40868,0.0666,0.0619,0.054,447,751,1,1190,4,3,0,0,1,0,0,Normal
udp,ftp,RST,1.2735,215,5,10535,345,172.758,66182.02,2167.33,40,4,0.005923,0.254692,0.3351,0.0566,1641,464,187,1355,0.001388,0.004043,0.001472,49,69,1,115,46,62,0,0,5,1,1,Exploit
udp,dns,CON,7.4132,8,44,2060,21780,10.52175,1778.44,23503.96,0,34,0.9267,0.1685,0.0025,0.0144,65066,3226546,2526250,31711,0.17,0.0147,0.0998,206,495,2,4852,1,1,0,0,1,0,0,Normal
tcp,dns,INT,5.4754,46,8,25415,608,14.79345,29706.79,888.34,37,0,0.119,0.6844,0.0197,0.004,51876,4924657,3517535,65053,0.0578,0.0323,0.0626,442,76,2,4701,2,1,0,0,1,0,0,Normal
tcp,ssl,INT,1.8513,40,59,5050,34869,80.21565,17458.38,150682.24,0,17,0.0463,0.0314,0.0053,0.0176,62930,7961379,3925750,29797,0.207,0.0858,0.0709,101,591,2,3993,1,4,0,0,0,0,0,Normal
udp,dns,CON,5.2722,30,41,18862,21279,20.2005,22897.68,32288.91,0,10,0.1757,0.1286,0.0163,0.0186,32801,6489415,9764609,33395,0.0499,0.0105,0.0485,503,519,1,2538,2,4,0,0,1,0,0,Normal
udp,http,INT,0.6301,72,23,53010,8533,226.13729999999998,538387.61,108330.07,47,0,0.0088,0.0274,0.0141,0.0155,27034,6291724,4397294,1755,0.1442,0.0109,0.0604,589,371,2,3432,2,1,0,0,1,0,0,Normal
udp,dns,INT,7.4795,34,36,13940,25848,14.038350000000001,11928.09,27646.82,0,2,0.22,0.2078,0.0049,0.0025,11525,5312750,8402503,19643,0.1589,0.0546,0.016,328,718,2,4886,3,2,0,0,1,0,0,Normal
tcp,-,FIN,2.6326,72,16,40590,11920,50.1405,98676.59,36222.74,55,0,0.0366,0.1645,0.0134,0.0024,10260,8068329,5162191,51151,0.0344,0.0534,0.0048,451,745,2,600,2,4,0,0,1,0,0,Normal
udp,dns,INT,9.0653,4,52,1060,7436,9.2661,748.35,6562.14,0,47,2.2663,0.1743,0.0007,0.0132,63784,7630041,7006831,32517,0.1088,0.0906,0.0696,212,143,1,2038,2,1,0,0,1,0,0,Normal
icmp,http,RST,1.1411,227,1,11123,74,199.8121,77982.79,518.81,18,7,0.005027,1.141072,0.1635,0.0856,3686,151,466,1775,0.000191,0.002365,0.002744,49,74,0,13,92,71,0,0,3,0,1,Shellcode
udp,ssh,REQ,1.2253,715,7,44330,672,589.227,289423.08,4387.37,29,2,0.001714,0.175048,0.1704,0.0595,569,522,588,2019,0.004549,0.000895,0.002994,62,96,1,124,66,31,0,0,0,1,1,Reconnaissance
udp,dns,CON,5.9795,47,33,18271,5544,20.0685,19556.14,7417.34,12,0,0.1272,0.1812,0.0137,0.0123,35670,2462894,3215827,46277,0.1878,0.0251,0.0934,311,168,0,2639,2,3,0,0,0,0,0,Normal
udp,-,INT,1.9791,18,41,12577,1640,44.71665,40672.39,6629.17,0,22,0.11,0.0483,0.0164,0.0143,31839,3218336,2811444,49145,0.0302,0.0433,0.001,559,40,1,3104,4,3,0,0,1,0,0,Normal
tcp,-,FIN,3.1338,4,22,400,5082,12.445049999999998,816.91,12973.52,0,18,0.7834,0.1424,0.0165,0.0051,49790,532961,4097206,13190,0.2742,0.0176,0.0436,80,231,2,4096,3,3,0,0,0,0,0,Normal
tcp,ssl,INT,3.8767,32,22,13720,6600,20.894099999999998,22650.2,13619.84,8,0,0.1211,0.1762,0.0162,0.0072,6889,4001160,7704010,34205,0.0203,0.0607,0.0761,343,300,2,4463,2,1,0,0,0,0,0,Normal
tcp,ssl,INT,6.8597,75,14,4406,1750,19.46145,4110.96,2040.9,60,0,0.0915,0.49,0.0158,0.0015,27654,7733522,1131034,55290,0.2297,0.0722,0.0215,47,125,2,2897,4,4,0,0,0,0,0,Normal
udp,ssh,CON,0.6029,158,2,15168,84,265.3863,201268.94,1114.62,41,6,0.003816,0.301447,0.4544,0.0742,1548,669,517,2110,0.004641,0.000103,0.000248,96,42,1,126,62,62,0,0,9,1,1,Analysis
icmp,ssh,INT,0.9779,686,5,56252,290,706.626,460192.47,2372.46,28,0,0.001425,0.195577,0.3912,0.0898,166,372,554,2276,0.00953,0.004196,0.004802,82,58,1,143,82,41,0,0,7,1,1,Worm
udp,ssl,CON,0.4787,74,15,35797,10215,278.8929,478617.72,170720.02,57,0,0.0065,0.0319,0.0067,0.0153,41033,9859252,8258354,52713,0.1326,0.0955,0.0759,387,681,1,4846,2,3,0,0,0,0,0,Normal
tcp,dns,CON,8.1215,45,42,29700,10836,16.068450000000002,23404.48,10673.86,2,0,0.1805,0.1934,0.0087,0.0001,30994,2139597,5167749,56670,0.1076,0.0047,0.0564,528,258,0,3978,2,3,0,0,0,0,0,Normal
tcp,ssh,CON,0.2718,440,10,68640,80,1655.6897,2020382.97,2354.76,9,3,0.000618,0.027179,0.3061,0.0184,2051,245,422,300,0.007214,0.002976,0.001555,156,8,0,127,79,71,0,0,9,1,1,Generic
icmp,http,INT,1.1902,113,4,15255,364,98.3058,102540.51,2446.72,19,3,0.010532,0.297541,0.3146,0.0401,3166,614,604,3047,0.006673,0.003007,0.002447,135,91,0,183,66,58,0,0,3,0,1,Analysis
tcp,ssl,INT,0.5492,59,7,43143,2723,180.2718,502794.32,39667.07,52,0,0.0093,0.0785,0.0034,0.0193,28934,2805035,5539331,48658,0.1243,0.0714,0.079,585,389,2,3028,4,2,0,0,1,0,0,Normal
udp,dns,INT,3.3049,33,12,12498,60,20.424,24203.72,145.24,21,0,0.1001,0.2754,0.0063,0.0005,42173,3591783,3153208,50931,0.0401,0.017,0.0539,303,5,0,1381,4,1,0,0,1,0,0,Normal
tcp,dns,INT,1.3711,21,6,8688,3150,29.53875,40557.82,18379.68,15,0,0.0653,0.2285,0.002,0.0168,63238,4689894,3268276,46221,0.1339,0.0022,0.0171,331,525,2,1421,4,2,0,0,1,0,0,Normal
tcp,ftp,CON,0.1018,201,1,18090,41,1984.833,1422005.14,3222.9,21,5,0.000506,0.101772,0.2462,0.0156,534,362,487,60,0.007729,0.004584,0.000817,90,41,0,127,39,41,0,0,8,0,1,Analysis
udp,dns,INT,6.5041,10,45,6887,26460,12.684450000000002,6777.31,32545.85,0,34,0.6504,0.1445,0.0148,0.0035,37965,7322518,2080119,4681,0.0744,0.0591,0.0022,551,588,1,168,3,4,0,0,1,0,0,Normal
tcp,-,RST,1.0039,798,14,130074,882,808.8629,1036571.78,7028.74,34,6,0.001258,0.071706,0.214,0.0776,2100,545,192,3423,0.007138,0.002043,0.003609,163,63,1,107,49,54,0,0,9,0,1,Analysis
udp,http,CON,4.2913,57,28,25080,21308,29.711550000000003,37404.4,39723.53,27,0,0.0753,0.1533,0.0088,0.0157,11777,9950255,8724706,13722,0.0109,0.0164,0.0255,352,761,0,1898,1,4,0,0,0,0,0,Normal
tcp,-,INT,6.878,18,42,10012,1680,13.085249999999998,9316.72,1954.07,0,24,0.3821,0.1638,0.0142,0.0006,38422,678012,5831582,60741,0.2649,0.0201,0.017,445,40,2,3161,2,1,0,0,1,0,0,Normal
udp,-,CON,3.4556,68,58,3995,29232,54.6936,7398.97,67674.16,9,0,0.0508,0.0596,0.0192,0.0062,10186,9269876,7621180,1863,0.1438,0.0389,0.0888,47,504,1,599,4,2,0,0,1,0,0,Normal
tcp,ssl,INT,3.6199,47,20,17507,1840,27.7635,30953.69,4066.46,27,0,0.077,0.181,0.0047,0.0027,36024,2336730,9456788,17986,0.1925,0.0069,0.0619,298,92,0,1595,1,2,0,0,1,0,0,Normal
udp,dns,FIN,2.4056,65,26,46962,6006,56.742000000000004,124940.34,19973.16,39,0,0.037,0.0925,0.0121,0.0098,16399,8374345,6212987,5920,0.2314,0.0549,0.0482,578,231,2,3290,1,3,0,0,0,0,0,Normal
tcp,ssl,INT,6.9817,49,7,22356,3654,12.031500000000001,20493.61,4186.95,42,0,0.1425,0.9974,0.0014,0.0106,2304,6270216,2542241,56334,0.1317,0.0619,0.0571,365,522,1,1054,3,4,0,0,1,0,0,Normal
icmp,http,INT,0.9391,614,18,65698,1224,673.0184,559695.75,10427.53,10,7,0.001529,0.05217,0.0515,0.0082,2328,88,880,3715,0.001245,0.004972,0.002584,107,68,1,65,56,69,0,0,6,1,1,Analysis
tcp,-,FIN,9.9175,62,51,21312,24684,17.091,13753.46,19911.46,11,0,0.16,0.1945,0.0082,0.0089,32686,1226030,2226475,25339,0.2402,0.0253,0.0989,275,484,1,2037,4,3,0,0,0,0,0,Normal
udp,ssl,INT,7.0147,45,53,16087,12773,20.95605,14677.83,14567.2,0,8,0.1559,0.1324,0.0079,0.0185,13286,9631534,4755975,44552,0.0272,0.0256,0.0715,286,241,2,165,1,2,0,0,0,0,0,Normal
udp,dns,INT,1.0381,18,34,2610,14892,75.1374,16090.97,114763.75,0,15,0.0577,0.0305,0.0028,0.0158,46224,3438654,8063699,43365,0.0669,0.0095,0.0387,116,438,1,4371,1,3,0,0,0,0,0,Normal
udp,-,REQ,0.1111,720,4,129600,64,6518.4251,9334672.81,4609.71,36,4,0.000154,0.027767,0.078,0.0102,2566,294,905,712,0.002655,0.003629,0.004528,180,16,1,118,74,77,1,3,3,1,1,Backdoor
tcp,-,FIN,5.1683,30,51,14737,38760,23.50875,18249.75,59996.63,0,20,0.1723,0.1013,0.0103,0.011,21228,9750012,3932474,12426,0.2523,0.0823,0.0201,393,760,1,2743,2,3,0,0,1,0,0,Normal
tcp,http,RST,1.3928,713,17,89838,782,524.128,516017.62,4491.7,3,4,0.001953,0.081929,0.2895,0.0975,2066,274,941,41,0.008115,0.002297,0.001968,126,46,0,72,64,60,0,0,6,0,1,Botnet
udp,http,INT,4.335,41,27,22140,16200,23.52915,32686.15,29895.87,13,0,0.1057,0.1606,0.018,0.0019,14142,3117073,589916,54993,0.2502,0.022,0.053,432,600,0,2827,3,2,0,0,1,0,0,Normal
tcp,ssl,INT,6.4107,50,35,25312,14560,19.88865,25270.23,18169.61,13,0,0.1282,0.1832,0.0056,0.0124,42788,4602246,7604547,28809,0.0996,0.0437,0.0811,405,416,1,3082,4,3,0,0,1,0,0,Normal
tcp,-,CON,8.7849,69,13,50973,6578,14.001299999999999,37135.71,5990.31,54,0,0.1273,0.6758,0.0016,0.0034,63898,6598434,5959753,40713,0.1564,0.0595,0.0686,591,506,2,2233,4,2,0,0,1,0,0,Normal
udp,-,CON,7.8795,22,56,10147,43848,14.8488,8242.19,44518.8,0,33,0.3582,0.1407,0.018,0.001,8693,3384338,8188602,38835,0.1841,0.0067,0.0464,369,783,0,1132,1,1,0,0,0,0,0,Normal
tcp,dns,INT,4.9876,32,2,17360,1290,10.22535,22275.95,2069.12,28,0,0.1559,2.4938,0.0028,0.0074,35727,9937914,935675,49979,0.1378,0.0291,0.0578,434,645,2,4565,2,4,0,0,1,0,0,Normal
udp,dns,INT,6.9483,11,1,2255,549,2.5905,2077.06,632.1,10,0,0.6317,6.9483,0.0044,0.0139,15740,724927,8467819,18099,0.0228,0.027,0.0194,164,549,0,4077,4,3,0,0,1,0,0,Normal
tcp,dns,INT,0.6097,6,13,2992,10192,46.7448,31412.54,133732.92,0,7,0.1016,0.0469,0.0186,0.0163,54654,3225764,6565059,62917,0.2026,0.0132,0.0645,399,784,1,3267,1,1,0,0,0,0,0,Normal
tcp,-,CON,9.4324,63,59,38351,413,19.40115,26021.67,350.28,4,0,0.1497,0.1599,0.0131,0.0097,35258,6599744,5663211,55453,0.2417,0.0197,0.0545,487,7,2,1518,4,1,0,0,1,0,0,Normal
udp,http,CON,3.4051,72,20,9990,7740,40.5276,18776.62,18184.57,50,0,0.0473,0.1703,0.0038,0.0013,42210,5433001,5580357,31363,0.1209,0.0851,0.0512,111,387,0,2540,3,2,0,0,0,0,0,Normal
tcp,-,CON,8.5859,54,43,33615,26101,16.946399999999997,25056.86,24319.84,10,0,0.159,0.1997,0.0055,0.0067,44306,363305,9458647,58113,0.2456,0.0245,0.0437,498,607,0,3952,4,4,0,0,0,0,0,Normal
udp,-,FIN,0.9465,72,44,53100,21164,183.82995,359039.02,178877.16,28,0,0.0131,0.0215,0.0094,0.0192,9009,9222849,8184076,30065,0.1078,0.0681,0.0678,590,481,2,1652,3,1,0,0,0,0,0,Normal
udp,http,CON,1.1111,28,42,4935,27636,94.50450000000001,28426.95,198988.63,0,14,0.0397,0.0265,0.0038,0.0068,10250,5940108,1924266,51714,0.2642,0.1,0.0705,141,658,0,2457,2,3,0,0,0,0,0,Normal
udp,ftp,CON,0.566,115,0,15985,0,203.1834,225939.93,0.0,30,4,0.004922,0.565991,0.2356,0.0716,762,262,752,3256,0.008079,0.000604,0.001982,139,0,1,128,41,74,0,0,2,1,1,Worm
icmp,-,CON,1.0105,126,6,17262,570,130.6328,136665.62,4512.77,13,3,0.00802,0.168411,0.1658,0.0446,3488,100,782,6,0.002136,0.004002,0.003844,137,95,1,114,31,67,0,0,5,0,1,Worm
tcp,ftp,CON,0.9856,788,20,66192,260,819.7882,537261.6,2110.35,41,8,0.001251,0.049281,0.4971,0.0873,3564,895,897,996,0.007242,0.00358,0.004653,84,13,1,44,68,10,0,0,6,1,1,Shellcode
udp,http,INT,8.3968,64,55,14480,23155,21.25815,11036.57,22060.76,9,0,0.1312,0.1527,0.0047,0.0125,1271,1164164,4016754,44971,0.0536,0.0576,0.0066,181,421,0,155,1,2,0,0,1,0,0,Normal
tcp,ssl,FIN,5.7443,37,13,6983,1456,13.05645,7780.91,2027.74,23,0,0.1553,0.4419,0.0158,0.0172,48046,5116966,271418,16353,0.1811,0.094,0.0577,151,112,1,1858,2,3,0,0,0,0,0,Normal
tcp,ssl,FIN,7.1395,42,47,24412,28482,18.69885,21883.94,31914.92,0,4,0.17,0.1519,0.0029,0.0027,44124,2929633,6641923,7623,0.2384,0.0613,0.0395,465,606,1,3396,2,4,0,0,0,0,0,Normal
tcp,-,FIN,0.8737,45,10,16931,2870,94.4289,124028.14,26279.86,34,0,0.0194,0.0874,0.0102,0.0145,31713,6758594,2522975,54303,0.2811,0.0619,0.0802,301,287,2,3232,3,4,0,0,0,0,0,Normal
udp,http,FIN,4.7011,30,11,12337,6050,13.082099999999999,16796.11,10295.49,18,0,0.1567,0.4274,0.0103,0.0056,57117,8760160,3211690,45850,0.1932,0.0055,0.0775,329,550,2,2236,3,3,0,0,0,0,0,Normal
tcp,-,INT,4.0202,34,27,10030,9288,22.75995,15967.23,18482.51,7,0,0.1182,0.1489,0.0103,0.0176,65058,7180082,6085250,159,0.1285,0.0697,0.0004,236,344,2,1253,2,3,0,0,1,0,0,Normal
tcp,ssl,INT,1.8068,65,54,25593,9126,98.79435,90658.38,40407.73,10,0,0.0278,0.0335,0.01,0.0164,5713,4002142,4739828,54162,0.1451,0.0657,0.0412,315,169,0,1340,4,2,0,0,1,0,0,Normal
udp,http,INT,4.9774,6,12,2587,4668,5.4246,3327.06,7502.77,0,6,0.8296,0.4148,0.0075,0.0082,57319,9785894,9933373,36345,0.0157,0.0729,0.0638,345,389,0,792,4,2,0,0,0,0,0,Normal
tcp,http,CON,6.1767,13,37,6841,2812,12.142500000000002,7088.6,3642.09,0,24,0.4751,0.1669,0.0144,0.0167,13141,6034785,4305997,2431,0.1435,0.0162,0.0786,421,76,1,1166,2,4,0,0,1,0,0,Normal
udp,ssl,CON,4.965,76,0,50635,0,22.9605,65269.23,0.0,75,0,0.0653,4.965,0.0152,0.0102,2599,2255394,7248970,54343,0.2966,0.012,0.0004,533,0,1,2578,4,4,0,0,1,0,0,Normal
tcp,-,FIN,7.3463,35,3,5075,1437,7.75905,4421.28,1564.87,31,0,0.2099,2.4488,0.0086,0.0121,46986,1091838,9803398,51878,0.2989,0.0753,0.0073,116,479,0,236,3,2,0,0,0,0,0,Normal
udp,ssl,FIN,8.8526,30,5,17062,2820,5.9304,12335.29,2548.39,23,0,0.2951,1.7705,0.016,0.0119,11115,9417071,8728740,39715,0.098,0.0696,0.003,455,564,2,1492,1,3,0,0,0,0,0,Normal
tcp,-,INT,9.4665,14,58,4672,24824,11.4087,3158.94,20978.45,0,44,0.6762,0.1632,0.0131,0.0038,24497,2513617,9365801,47685,0.2285,0.0203,0.0098,267,428,2,1404,1,4,0,0,0,0,0,Normal
udp,-,CON,0.2765,739,12,29560,336,2716.2161,855300.65,9721.96,14,4,0.000374,0.023041,0.2861,0.0581,3488,902,244,931,0.006909,0.004142,0.002064,40,28,0,51,59,49,0,0,6,1,1,Botnet
tcp,http,INT,3.6424,38,28,10165,2940,27.179850000000002,17860.72,6457.27,10,0,0.0959,0.1301,0.0107,0.02,13294,3734971,3989891,51279,0.0337,0.0118,0.0864,214,105,1,1341,3,4,0,0,1,0,0,Normal
tcp,http,INT,2.8236,52,43,4160,21973,50.466899999999995,9428.98,62254.47,9,0,0.0543,0.0657,0.0015,0.0129,52342,8235188,4079639,454,0.0384,0.0892,0.0961,64,511,0,491,4,3,0,0,1,0,0,Normal
udp,-,FIN,7.8651,53,30,2915,2130,15.829500000000001,2372.01,2166.54,22,0,0.1484,0.2622,0.0026,0.0073,31433,9399617,7788125,24262,0.2746,0.032,0.0594,44,71,1,4073,2,2,0,0,0,0,0,Normal
tcp,-,CON,1.9691,55,23,23856,299,59.41905,77539.35,1214.79,32,0,0.0358,0.0856,0.009,0.018,19616,5268241,6825133,5800,0.1859,0.042,0.0865,347,13,0,3114,2,4,0,0,0,0,0,Normal
tcp,-,INT,1.3251,58,32,31827,4768,101.88135,153724.6,28786.38,25,0,0.0228,0.0414,0.0055,0.0013,12873,4869065,6643008,50176,0.0406,0.0015,0.0876,439,149,2,4569,3,2,0,0,1,0,0,Normal
udp,ssl,CON,1.0099,75,9,16968,6489,124.7685,107538.61,51404.64,66,0,0.0135,0.1122,0.0179,0.0026,4395,2445716,7528612,3617,0.1317,0.0056,0.0561,181,721,1,7,3,2,0,0,1,0,0,Normal
tcp,ssh,RST,0.0717,363,1,43560,48,5075.5062,4859100.01,5354.38,34,3,0.000198,0.071717,0.2771,0.0988,2793,38,896,1229,0.001837,4.3e-05,0.002769,120,48,0,46,63,52,0,0,4,1,1,DoS
udp,dns,FIN,1.1069,29,16,16856,8048,60.9807,97460.75,58165.67,11,0,0.0382,0.0692,0.0012,0.0148,21044,5170940,7946253,20581,0.0636,0.0935,0.0391,465,503,2,3958,1,4,0,0,0,0,0,Normal
udp,dns,CON,6.5044,26,49,2925,36505,17.2959,2878.04,44898.71,0,23,0.2502,0.1327,0.0057,0.0185,6390,3388979,5529802,1757,0.2145,0.0154,0.0691,90,745,1,2668,3,1,0,0,1,0,0,Normal
tcp,dns,CON,4.1207,54,58,13432,25868,40.76955,20862.34,50220.28,0,2,0.0763,0.071,0.0008,0.0084,50137,1835229,7918855,378,0.2338,0.0721,0.0351,199,446,0,3892,1,4,0,0,1,0,0,Normal
udp,ssl,FIN,6.6201,11,53,4372,10176,14.50125,4227.09,12297.0,0,40,0.6018,0.1249,0.0158,0.0139,12918,9483516,6697367,14681,0.2092,0.0252,0.0726,318,192,0,568,4,1,0,0,1,0,0,Normal
udp,dns,FIN,8.7416,28,26,11515,5928,9.26595,8430.45,5425.06,2,0,0.3122,0.3362,0.0128,0.0198,60961,369815,2433851,15971,0.0267,0.0217,0.0114,329,228,1,4354,2,4,0,0,1,0,0,Normal
tcp,-,CON,7.055,53,41,26963,30750,19.986,24460.54,34869.11,11,0,0.1331,0.1721,0.0124,0.0053,43046,653343,3798586,21305,0.1296,0.013,0.06,407,750,1,35,3,2,0,0,0,0,0,Normal
tcp,dns,FIN,5.9387,43,0,30046,0,10.86105,32380.24,0.0,41,0,0.1381,5.9387,0.004,0.0018,41543,5220510,1652942,61737,0.1172,0.0076,0.0179,559,0,1,2164,3,4,0,0,1,0,0,Normal
icmp,ssh,INT,0.931,352,23,34848,667,402.7848,299439.85,5731.36,0,6,0.002645,0.040479,0.0649,0.0304,150,490,239,2318,0.000618,0.001458,0.003486,99,29,0,63,34,28,0,0,9,0,1,Exploit
udp,dns,CON,7.7714,60,48,13725,33072,20.8455,11302.93,34044.66,12,0,0.1295,0.1619,0.0074,0.0035,12883,2491461,551418,38164,0.1825,0.0926,0.0785,183,689,0,4160,1,2,0,0,0,0,0,Normal
udp,-,INT,4.3692,60,40,18450,30760,34.33125,27025.52,56321.48,18,0,0.0728,0.1092,0.015,0.0055,47522,8324913,4244641,52871,0.2269,0.0082,0.0396,246,769,1,3923,3,1,0,0,1,0,0,Normal
tcp,ssl,INT,2.3711,77,55,35997,1375,83.50604999999999,97163.99,4639.23,21,0,0.0308,0.0431,0.0006,0.0083,35963,3824235,6813135,24284,0.0135,0.0669,0.0633,374,25,2,1182,4,3,0,0,0,0,0,Normal
tcp,-,FIN,8.5126,33,31,12828,17732,11.27745,9644.98,16664.21,0,0,0.258,0.2746,0.0077,0.0058,51453,969038,2491795,12828,0.1457,0.0603,0.0272,311,572,0,3100,3,2,0,0,1,0,0,Normal
tcp,ssl,CON,6.7404,52,44,24895,4048,21.363599999999998,23637.66,4804.44,7,0,0.1296,0.1532,0.007,0.0019,15893,3704621,5194584,40566,0.0865,0.0495,0.0551,383,92,2,4554,2,2,0,0,1,0,0,Normal
tcp,-,FIN,5.6528,68,21,14705,4389,23.61645,16648.68,6211.41,47,0,0.0831,0.2692,0.0194,0.0146,51551,8135120,1137686,24670,0.1389,0.0309,0.0635,173,209,0,23,1,4,0,0,1,0,0,Normal
tcp,http,INT,1.1763,24,59,1980,16343,105.83924999999999,10772.64,111147.3,0,35,0.049,0.0199,0.0058,0.0009,16946,9858621,1740482,25846,0.1253,0.0052,0.034,66,277,0,2787,4,3,0,0,0,0,0,Normal
udp,ssh,REQ,0.8316,118,28,22538,1484,175.5581,216807.03,14275.52,27,4,0.007048,0.029701,0.0778,0.0756,175,749,23,2085,0.005042,0.003933,0.002209,191,53,0,82,75,31,0,0,5,0,1,Botnet
udp,http,RST,0.4385,291,12,25026,420,690.9474,456545.18,7661.99,29,8,0.001507,0.036544,0.1418,0.0034,3946,973,299,2428,0.006998,0.00346,0.004882,86,35,0,106,70,19,0,0,0,0,1,DoS
tcp,-,FIN,6.6094,46,29,11902,13050,17.021250000000002,11525.4,15795.68,15,0,0.1437,0.2279,0.0025,0.0185,55919,1121403,949562,5923,0.225,0.016,0.0458,207,450,1,1983,3,4,0,0,0,0,0,Normal
tcp,-,INT,2.5121,24,10,17340,4990,20.30145,44175.88,15890.83,14,0,0.1047,0.2512,0.0165,0.0106,55586,7032248,267070,42573,0.0802,0.0472,0.0717,578,499,1,931,2,4,0,0,1,0,0,Normal
tcp,ssl,INT,7.0204,31,56,6665,34440,18.58875,6076.01,39245.66,0,23,0.2265,0.1254,0.0189,0.0128,14,1021169,6541791,33150,0.0211,0.0027,0.0065,172,615,1,4683,3,3,0,0,1,0,0,Normal
tcp,dns,CON,2.0796,30,10,19275,4580,28.8516,59318.97,17618.74,18,0,0.0693,0.208,0.0187,0.001,31531,3378516,538497,22275,0.0362,0.0494,0.0366,514,458,0,1482,2,4,0,0,1,0,0,Normal
tcp,-,CON,5.0368,20,23,6800,1587,12.805800000000001,8640.48,2520.67,0,3,0.2518,0.219,0.0105,0.0168,8905,5835170,8506421,39871,0.18,0.0967,0.0892,272,69,1,3435,2,2,0,0,0,0,0,Normal
udp,ssl,CON,2.1953,4,44,660,4972,32.7975,1924.12,18118.76,0,38,0.5488,0.0499,0.0111,0.0138,57261,7161827,6530223,18596,0.1618,0.0952,0.0571,132,113,0,457,3,1,0,0,0,0,0,Normal
icmp,ftp,INT,0.9268,256,6,47360,366,282.7072,408824.77,3159.41,30,5,0.00362,0.154459,0.4108,0.0749,3484,907,405,506,0.008657,0.00394,0.004962,185,61,1,126,92,22,0,0,8,0,1,Generic
tcp,dns,INT,3.3773,43,0,10212,0,19.09815,19352.72,0.0,41,0,0.0785,3.3773,0.0086,0.0082,119,5964312,5309802,40637,0.2896,0.0441,0.0655,190,0,1,2138,4,4,0,0,0,0,0,Normal
udp,-,INT,7.8766,49,16,20641,11728,12.37845,16771.67,11911.72,31,0,0.1607,0.4923,0.0112,0.0114,57473,5386666,206406,45243,0.0032,0.0715,0.0547,337,733,1,3061,4,1,0,0,1,0,0,Normal
tcp,http,INT,2.3961,65,51,40218,28254,72.6177,107424.09,94332.88,12,0,0.0369,0.047,0.0006,0.0008,59369,5139200,3448872,51904,0.0777,0.0315,0.0939,495,554,1,3945,4,4,0,0,1,0,0,Normal
udp,ssh,RST,1.3696,483,3,52647,231,354.847,307516.57,1349.29,11,7,0.002836,0.456535,0.3129,0.0352,3181,614,810,546,0.000693,0.004073,0.001917,109,77,0,173,30,46,0,0,2,0,1,Shellcode
udp,ssl,CON,7.9491,39,34,9213,23698,13.775100000000002,7418.21,23849.78,4,0,0.2038,0.2338,0.0002,0.0083,11632,8820990,8532239,18883,0.0276,0.0693,0.0709,189,697,0,3930,3,4,0,0,0,0,0,Normal
udp,ssl,INT,2.0217,19,23,8716,13179,31.1616,27592.4,52149.75,0,3,0.1064,0.0879,0.0006,0.0134,36445,9553267,8661078,54338,0.0483,0.0005,0.097,367,573,1,2122,3,3,0,0,0,0,0,Normal
icmp,ssh,CON,0.1293,671,7,98637,35,5242.561,6101598.69,2165.07,4,0,0.000193,0.018475,0.1876,0.0902,751,361,598,833,0.004056,0.001643,0.004454,147,5,1,193,48,48,0,2,9,0,1,Backdoor
udp,http,INT,5.1169,38,52,16767,1196,26.38335,20972.18,1869.89,0,12,0.1347,0.0984,0.0073,0.0102,58224,4876361,8988443,29802,0.0708,0.0096,0.0611,353,23,1,4688,4,4,0,0,0,0,0,Normal
tcp,dns,INT,4.0961,57,51,9120,24990,39.550200000000004,14249.78,48807.83,6,0,0.0719,0.0803,0.0004,0.015,2558,9003077,6350175,24411,0.233,0.0483,0.0576,128,490,1,2603,1,4,0,0,1,0,0,Normal
icmp,http,INT,0.8845,120,23,9000,322,161.6812,81405.94,2912.52,7,1,0.00737,0.038455,0.2767,0.005,1875,7,514,1907,0.000799,0.001538,0.003209,75,14,0,109,85,21,0,0,8,1,1,DoS
udp,dns,FIN,8.2382,21,7,12862,4739,5.0982,9992.45,4601.97,14,0,0.3923,1.1769,0.0147,0.0081,37777,2548964,602513,39133,0.2822,0.0686,0.0551,490,677,1,3567,1,4,0,0,1,0,0,Normal
tcp,http,FIN,7.6347,72,19,17100,10279,17.87895,14334.55,10770.82,51,0,0.106,0.4018,0.0137,0.0043,33033,2672392,7357095,6641,0.0454,0.0498,0.0122,190,541,1,1573,2,2,0,0,0,0,0,Normal
udp,ssl,CON,0.0195,14,44,6772,12188,4466.8156500000005,2225398.36,5006119.46,0,29,0.0014,0.0004,0.0069,0.0004,57931,4699625,206338,26325,0.148,0.0187,0.0997,387,277,0,1662,1,3,0,0,1,0,0,Normal
tcp,-,CON,0.0238,584,25,43216,1850,25572.7825,14517614.01,621473.2,47,6,4.1e-05,0.000953,0.4165,0.0451,3038,876,531,1929,0.000794,0.002789,0.000392,74,74,0,165,91,16,0,0,8,1,1,Shellcode
udp,-,FIN,2.2775,6,56,4035,22960,40.83495,11338.94,80651.19,0,50,0.3796,0.0407,0.0077,0.0163,52469,1375246,3856443,8031,0.0781,0.0553,0.0705,538,410,1,2593,2,1,0,0,0,0,0,Normal
udp,dns,FIN,4.791,2,0,742,0,0.62625,991.86,0.0,0,0,2.3955,4.791,0.0056,0.0031,49559,4070632,7216431,50348,0.2108,0.0784,0.0899,297,0,1,3114,1,3,0,0,1,0,0,Normal
udp,-,INT,7.4088,19,10,7885,0,5.8713,6811.32,0.0,7,0,0.3899,0.7409,0.0107,0.0171,53662,6890718,8457851,13359,0.1886,0.0829,0.0728,332,0,1,1783,1,1,0,0,0,0,0,Normal
icmp,-,INT,0.7237,73,2,4307,80,103.6318,47609.82,884.32,13,7,0.009914,0.361858,0.1896,0.0476,1556,414,152,1444,0.000303,0.000111,0.002136,59,40,0,122,94,25,0,0,5,0,1,Botnet
tcp,-,CON,7.2926,76,16,39995,4928,18.9234,35099.79,5406.04,58,0,0.096,0.4558,0.0073,0.007,16612,6287508,126886,3883,0.2961,0.0146,0.0215,421,308,1,669,4,1,0,0,1,0,0,Normal
tcp,-,FIN,8.5685,32,22,5600,9240,9.45315,4182.74,8626.9,9,0,0.2678,0.3895,0.0035,0.0162,46302,8779670,8806819,17843,0.1297,0.0109,0.0863,140,420,0,632,2,2,0,0,1,0,0,Normal
tcp,ssl,INT,2.1395,30,16,3600,3248,32.24985,10768.62,12144.61,13,0,0.0713,0.1337,0.0093,0.0183,46271,6108457,8294960,42072,0.1207,0.0855,0.0445,96,203,0,1121,3,2,0,0,0,0,0,Normal
udp,-,INT,3.8858,1,25,705,17100,10.03665,1161.16,35205.3,0,22,3.8858,0.1554,0.0108,0.011,9200,5254990,6285345,62185,0.2702,0.0441,0.0195,564,684,0,4790,2,3,0,0,1,0,0,Normal
tcp,dns,INT,0.8982,1,45,420,21735,76.81649999999999,2992.5,193577.55,0,44,0.8982,0.02,0.0,0.0176,4651,6922513,4881152,65325,0.1299,0.099,0.0921,336,483,2,2839,3,3,0,0,1,0,0,Normal
tcp,dns,FIN,8.291,48,36,31620,6264,15.19725,24408.19,6044.15,12,0,0.1727,0.2303,0.0153,0.0117,35323,6504029,7317758,31770,0.1062,0.0126,0.0991,527,174,1,15,4,4,0,0,0,0,0,Normal
udp,dns,INT,8.3628,22,48,9157,25728,12.5556,7008.19,24611.89,0,24,0.3801,0.1742,0.0139,0.0032,34695,886525,6078640,63086,0.0974,0.0446,0.0852,333,536,0,27,2,1,0,0,1,0,0,Normal
tcp,-,INT,3.6774,13,48,8823,36000,24.8814,15356.3,78315.16,0,35,0.2829,0.0766,0.0185,0.0188,39230,4308967,3352936,42631,0.2049,0.0925,0.0463,543,750,2,2580,4,2,0,0,0,0,0,Normal
tcp,http,CON,3.6279,11,0,1718,0,4.54815,3032.07,0.0,9,0,0.3298,3.6279,0.018,0.0057,9840,4458643,7847129,17117,0.0988,0.0611,0.0892,125,0,0,3329,1,2,0,0,1,0,0,Normal
udp,http,INT,2.2559,49,26,21070,13364,49.869600000000005,59776.23,47392.59,23,0,0.046,0.0868,0.0192,0.0061,2622,5742928,9488921,35370,0.2578,0.0538,0.0689,344,514,1,1186,2,2,0,0,0,0,0,Normal
tcp,-,CON,0.1198,16,50,8240,18100,826.0683000000001,440035.7,1208229.1,0,32,0.0075,0.0024,0.0175,0.007,33111,5807685,4848185,4763,0.2986,0.0729,0.0138,412,362,2,2500,3,2,0,0,1,0,0,Normal
udp,ftp,REQ,0.1863,55,29,7810,841,450.81,335316.79,36107.74,35,9,0.003388,0.006425,0.3026,0.0574,885,515,43,517,0.009334,0.001633,0.002382,142,29,0,194,94,14,0,0,3,0,1,Botnet
tcp,dns,INT,7.1595,68,56,13345,26544,25.9797,11929.4,29660.35,10,0,0.1053,0.1278,0.0017,0.0091,49641,6261156,869765,46642,0.1476,0.0919,0.0916,157,474,0,4704,2,3,0,0,1,0,0,Normal
udp,-,INT,0.8765,422,20,64144,1540,504.2818,585459.76,14056.0,28,5,0.002077,0.043825,0.0208,0.05,2599,26,78,61,0.008289,0.004405,0.001503,152,77,1,89,31,46,0,0,8,1,1,Worm
tcp,-,INT,6.7562,53,57,34715,22401,24.421950000000002,32884.71,26524.93,0,4,0.1275,0.1185,0.0184,0.0157,35672,9559746,5691695,16791,0.0463,0.0341,0.0923,524,393,0,1883,3,4,0,0,1,0,0,Normal
tcp,http,FIN,3.6628,27,28,13938,20132,22.5234,24354.83,43970.17,0,1,0.1357,0.1308,0.0015,0.0136,313,2538652,175714,51882,0.0612,0.0446,0.0769,413,719,1,870,2,1,0,0,1,0,0,Normal
udp,dns,FIN,6.2783,56,49,28420,31997,25.08645,28971.03,40771.73,6,0,0.1121,0.1281,0.0014,0.0074,12654,6517765,9526532,25361,0.2444,0.0559,0.0338,406,653,0,4947,2,4,0,0,1,0,0,Normal
udp,-,CON,9.0632,46,49,23230,7252,15.722999999999999,16403.92,6401.27,0,2,0.197,0.185,0.0077,0.0159,46932,9396100,5526805,25842,0.2009,0.0048,0.0009,404,148,1,327,4,3,0,0,1,0,0,Normal
tcp,ssl,CON,0.1287,41,15,4612,3855,652.7198999999999,229384.45,239641.48,26,0,0.0031,0.0086,0.0045,0.0006,40773,8243650,4427637,30607,0.2928,0.0304,0.0587,90,257,1,1138,1,3,0,0,0,0,0,Normal
tcp,ssl,CON,2.4943,58,24,29580,8088,49.3125,75897.9,25940.76,34,0,0.043,0.1039,0.0137,0.0052,11985,6710468,344290,6426,0.1279,0.0562,0.0281,408,337,2,2801,1,4,0,0,1,0,0,Normal
tcp,ftp,CON,0.5896,71,23,10579,1058,159.4187,143531.1,14354.47,27,0,0.008305,0.025637,0.222,0.0597,1398,532,984,982,0.001599,0.004596,0.001053,149,46,0,108,87,33,0,0,4,1,1,Analysis
tcp,-,CON,1.0299,39,29,16477,8584,99.03764999999999,102393.21,66677.54,8,0,0.0264,0.0355,0.0113,0.0008,6481,7844990,459365,46210,0.0855,0.0212,0.0149,338,296,2,2128,4,1,0,0,1,0,0,Normal
tcp,ssl,FIN,9.0273,43,5,15372,2100,7.9758,10898.45,1861.01,36,0,0.2099,1.8055,0.012,0.0111,59348,7904609,4226785,8909,0.1561,0.0074,0.0519,286,420,2,4337,3,4,0,0,0,0,0,Normal
udp,dns,FIN,1.8655,48,9,3000,3033,45.83265,10292.23,13006.81,39,0,0.0389,0.2073,0.0131,0.0077,963,4718244,8315084,31487,0.0446,0.0314,0.045,50,337,1,4697,1,4,0,0,0,0,0,Normal
udp,dns,CON,0.9802,61,13,5108,9347,113.24700000000001,33357.87,76289.71,48,0,0.0161,0.0754,0.0066,0.0038,56400,3161664,8672162,37616,0.1564,0.0051,0.0041,67,719,0,167,4,4,0,0,0,0,0,Normal
tcp,-,FIN,1.1689,7,49,4567,2254,71.86080000000001,25007.55,15426.11,0,42,0.167,0.0239,0.0065,0.0034,42219,5402062,5416885,17514,0.1423,0.023,0.0265,522,46,0,3122,3,4,0,0,1,0,0,Normal
tcp,http,CON,8.387,19,28,9547,9352,8.405850000000001,7285.56,8920.47,0,9,0.4414,0.2995,0.0032,0.0179,34561,437678,4569092,31007,0.1044,0.0232,0.011,402,334,2,817,3,3,0,0,0,0,0,Normal
udp,-,FIN,5.3336,52,25,28340,18925,21.65505,34006.02,28385.85,27,0,0.1026,0.2133,0.0136,0.0045,16010,3248578,3827373,59013,0.0836,0.1,0.0734,436,757,1,2553,4,4,0,0,1,0,0,Normal
udp,http,FIN,3.2287,11,23,2667,12811,15.79575,5287.55,31742.64,0,11,0.2935,0.1404,0.0072,0.0125,52362,7207677,162987,6520,0.0746,0.0086,0.0625,194,557,1,3110,1,2,0,0,1,0,0,Normal
tcp,-,INT,7.9087,41,56,6713,34888,18.397350000000003,5432.99,35290.69,0,13,0.1929,0.1412,0.0165,0.0181,29836,5448603,1607344,64910,0.1516,0.0975,0.0892,131,623,0,2389,4,2,0,0,1,0,0,Normal
tcp,dns,CON,4.1055,61,3,26611,2310,23.3835,41484.24,4501.32,56,0,0.0673,1.3685,0.0087,0.0015,35430,663516,6328814,45395,0.1778,0.0983,0.0058,349,770,2,384,2,4,0,0,0,0,0,Normal
udp,ssl,CON,3.8599,68,5,40460,1985,28.368750000000002,67085.87,4114.11,63,0,0.0568,0.772,0.0067,0.0171,35464,161886,4457366,32878,0.0324,0.0159,0.0909,476,397,2,1265,4,1,0,0,0,0,0,Normal
udp,-,CON,4.2338,45,56,10687,25480,35.783699999999996,16155.79,48146.14,0,9,0.0941,0.0756,0.0083,0.0011,63769,1074825,7270921,21090,0.1695,0.0273,0.0779,190,455,1,538,3,4,0,0,0,0,0,Normal
tcp,-,CON,7.7154,74,35,33207,26180,21.191399999999998,27545.94,27145.71,39,0,0.1043,0.2204,0.0164,0.008,53954,7296842,9712898,35782,0.0085,0.099,0.0169,359,748,1,360,2,3,0,0,0,0,0,Normal
udp,ssl,INT,6.5563,19,2,973,958,4.8045,950.54,1168.96,15,0,0.3451,3.2781,0.0124,0.0055,33158,3677607,9192712,8981,0.1387,0.095,0.0744,41,479,1,4939,3,1,0,0,1,0,0,Normal
tcp,ssl,FIN,0.2897,36,5,11205,990,212.28449999999998,247534.05,27338.1,31,0,0.008,0.0579,0.01,0.0187,4922,3565879,123501,45961,0.0719,0.0155,0.0157,249,198,1,94,4,4,0,0,1,0,0,Normal
tcp,http,CON,9.9414,34,49,8160,147,12.52335,5253.17,118.29,0,15,0.2924,0.2029,0.0049,0.0099,56604,7906843,5243345,52149,0.0016,0.0355,0.0009,192,3,2,4791,1,1,0,0,1,0,0,Normal
tcp,-,CON,6.1646,62,25,12555,12825,21.1692,13034.41,16643.39,36,0,0.0994,0.2466,0.0106,0.0157,25660,4587010,4138818,41547,0.0459,0.0528,0.014,162,513,1,315,3,2,0,0,1,0,0,Normal
udp,dns,CON,3.5292,38,32,18905,3936,29.751599999999996,34282.88,8922.07,4,0,0.0929,0.1103,0.0151,0.0176,41720,1375874,9760128,48031,0.077,0.0628,0.002,398,123,1,1725,2,1,0,0,1,0,0,Normal
udp,dns,INT,3.1987,9,33,4455,5973,19.6956,8913.64,14938.6,0,22,0.3554,0.0969,0.0032,0.0161,14401,9596764,1037165,20262,0.0135,0.0522,0.0007,396,181,0,787,4,2,0,0,1,0,0,Normal
udp,dns,FIN,6.9709,10,0,662,0,2.1517500000000003,608.24,0.0,9,0,0.6971,6.9709,0.0014,0.0028,41170,5511003,8263977,17900,0.2296,0.007,0.0154,53,0,2,4340,1,4,0,0,1,0,0,Normal
udp,dns,CON,3.476,58,22,41107,1650,34.52235,75686.79,3797.46,34,0,0.0599,0.158,0.0137,0.0012,25598,4014481,5506534,19890,0.1414,0.0748,0.0285,567,75,0,2878,4,2,0,0,1,0,0,Normal
udp,-,INT,0.6776,56,52,38010,24752,239.06535000000002,358987.54,292214.54,4,0,0.0121,0.013,0.0042,0.013,42537,373484,3941358,26546,0.1981,0.0421,0.024,543,476,2,2411,4,2,0,0,1,0,0,Normal
tcp,dns,CON,0.8342,64,44,41280,20856,194.20844999999997,316717.95,200020.28,19,0,0.013,0.019,0.0159,0.0141,15672,9662328,7761132,13865,0.1086,0.079,0.075,516,474,0,2685,1,2,0,0,0,0,0,Normal
tcp,-,CON,2.6299,47,8,27318,5360,31.3701,66481.67,16304.82,37,0,0.056,0.3287,0.0043,0.0067,58230,144092,4719803,12778,0.2688,0.061,0.077,465,670,1,3177,1,1,0,0,0,0,0,Normal
udp,-,FIN,6.8827,11,30,4840,18840,8.9355,4500.56,21898.41,0,17,0.6257,0.2294,0.0139,0.0042,22310,1927950,6683753,6124,0.2705,0.0256,0.0084,352,628,1,265,1,3,0,0,1,0,0,Normal
icmp,-,REQ,0.7537,567,8,44793,568,762.9326,475464.88,6029.16,36,1,0.001329,0.094209,0.3992,0.058,1848,207,333,2553,0.001492,0.004654,0.002681,79,71,0,98,44,47,0,0,4,0,1,DoS
tcp,-,INT,5.3646,19,47,1876,16685,18.454349999999998,2238.38,24881.63,0,26,0.2823,0.1141,0.0052,0.0064,27883,8285199,5586327,5172,0.0576,0.0733,0.0798,79,355,0,2630,2,4,0,0,1,0,0,Normal
udp,http,CON,0.8642,46,21,7072,2058,116.2872,52374.37,19050.28,23,0,0.0188,0.0412,0.0114,0.0148,349,7566541,979797,44197,0.0515,0.0658,0.0362,123,98,0,3997,1,3,0,0,1,0,0,Normal
udp,ssl,FIN,6.6312,50,59,6750,43129,24.656100000000002,6514.65,52031.58,0,7,0.1326,0.1124,0.0084,0.016,1749,4841667,8664167,50494,0.0842,0.0092,0.0668,108,731,0,2124,4,4,0,0,0,0,0,Normal
tcp,ssl,CON,8.3194,28,53,11515,265,14.60445,8858.35,254.83,0,23,0.2971,0.157,0.019,0.006,1835,1591172,5014133,20109,0.12,0.0909,0.0114,329,5,2,1520,4,3,0,0,1,0,0,Normal
udp,http,REQ,0.1428,234,3,36738,51,1659.3142,2057717.68,2856.54,11,9,0.00061,0.04761,0.0228,0.0123,749,472,430,2057,0.003153,0.002395,0.004253,157,17,0,183,56,44,1,4,0,1,1,Backdoor
udp,dns,CON,9.2407,23,55,7848,24200,12.6615,5435.97,20950.88,0,30,0.4018,0.168,0.0055,0.0064,15185,5771728,6287283,18079,0.0518,0.0318,0.0852,273,440,1,4386,2,3,0,0,1,0,0,Normal
tcp,http,CON,1.7496,27,35,7425,9905,53.155950000000004,27160.96,45291.12,0,8,0.0648,0.05,0.0038,0.011,24820,9568803,2322988,35600,0.1671,0.0403,0.0741,220,283,2,789,4,4,0,0,0,0,0,Normal
udp,dns,INT,0.5949,31,41,2402,18327,181.5441,25846.49,246456.11,0,9,0.0192,0.0145,0.0095,0.0104,4635,948174,7453825,29484,0.2732,0.0141,0.0509,62,447,0,1516,4,1,0,0,1,0,0,Normal
udp,http,CON,1.3374,40,47,11250,15792,97.57650000000001,53835.32,94463.05,0,5,0.0334,0.0285,0.0118,0.007,39041,5567438,1106411,33207,0.1272,0.0254,0.0855,225,336,1,2207,3,4,0,0,0,0,0,Normal
tcp,ssl,CON,4.9652,3,5,2096,2055,2.4168,2702.02,3311.06,0,0,1.6551,0.993,0.0024,0.0087,35367,6323968,7525855,5537,0.1251,0.0823,0.0824,559,411,2,4128,1,2,0,0,1,0,0,Normal
icmp,ftp,INT,1.0021,52,6,9204,456,57.8801,73479.82,3640.46,35,1,0.019271,0.167012,0.1003,0.0537,2589,77,120,692,0.002974,0.001351,0.001436,177,76,0,134,38,73,0,0,1,0,1,Worm
udp,-,INT,2.7542,14,41,2852,18573,29.9541,6628.38,53947.79,0,25,0.1967,0.0672,0.0061,0.0019,45042,508476,8984581,19948,0.2247,0.0404,0.0258,163,453,1,2397,4,3,0,0,1,0,0,Normal
icmp,http,REQ,0.4317,610,3,118340,216,1419.8268,2192787.03,4002.38,13,7,0.000708,0.143914,0.4683,0.0198,1838,457,195,3973,0.005986,0.001185,0.001519,194,72,1,57,38,72,0,0,0,1,1,Generic
udp,-,INT,3.7619,74,10,21367,6220,33.49395,36352.06,13227.44,63,0,0.0508,0.3762,0.0118,0.0098,2518,7840589,4728677,29970,0.1024,0.0062,0.0264,231,622,1,3632,2,4,0,0,0,0,0,Normal
tcp,http,FIN,2.4157,58,44,6307,3916,63.336600000000004,16710.93,12968.69,13,0,0.0416,0.0549,0.0029,0.001,6905,8947310,4523986,44537,0.1885,0.0202,0.0867,87,89,2,4519,2,1,0,0,1,0,0,Normal
tcp,dns,FIN,6.2762,69,31,28721,11842,23.8998,29287.79,15094.49,37,0,0.091,0.2025,0.0144,0.0142,34873,6526672,4516610,62143,0.1624,0.0987,0.0332,333,382,1,4319,4,1,0,0,1,0,0,Normal
udp,dns,FIN,8.2223,62,27,21002,19899,16.2363,16347.77,19361.04,35,0,0.1326,0.3045,0.0123,0.0125,27918,2507934,6950184,55926,0.2646,0.0624,0.0233,271,737,1,3821,2,3,0,0,0,0,0,Normal
udp,ssl,FIN,0.9477,16,52,5480,2704,107.62455,37005.94,22824.83,0,35,0.0592,0.0182,0.0064,0.0009,55508,3769455,2441353,34963,0.1698,0.023,0.06,274,52,0,762,3,4,0,0,0,0,0,Normal
tcp,dns,INT,1.644,22,32,4702,24736,49.2705,18306.75,120371.04,0,10,0.0747,0.0514,0.0045,0.007,63800,3528446,2705649,27689,0.2982,0.0012,0.077,171,773,0,4018,4,4,0,0,0,0,0,Normal
tcp,ssl,FIN,3.4863,8,50,2790,30700,24.9546,5121.7,70446.34,0,40,0.4358,0.0697,0.014,0.0119,2564,284107,4022321,34380,0.2973,0.0753,0.072,279,614,2,4356,3,3,0,0,0,0,0,Normal
icmp,ssh,RST,0.8044,217,10,37758,30,282.2051,375524.26,298.37,18,4,0.003707,0.080438,0.0335,0.0233,2439,848,283,1276,0.000128,0.001397,0.001958,174,3,1,158,81,66,0,0,2,0,1,Botnet
udp,dns,CON,1.0255,71,15,19613,4980,125.79390000000001,122408.25,38849.85,55,0,0.0144,0.0684,0.0059,0.0143,12635,7090019,4234212,13733,0.2248,0.0158,0.0651,221,332,1,1427,2,1,0,0,1,0,0,Normal
udp,http,INT,2.9306,58,18,16022,8676,38.900099999999995,34991.0,23684.03,40,0,0.0505,0.1628,0.0055,0.0067,33896,2991419,7424013,36412,0.174,0.0806,0.0921,221,482,1,765,4,4,0,0,0,0,0,Normal
udp,ssl,CON,2.7474,1,58,317,22446,32.2128,739.62,65360.28,0,55,2.7474,0.0474,0.0074,0.0197,30668,3274882,3688570,14721,0.1631,0.0623,0.0591,254,387,1,3589,3,2,0,0,1,0,0,Normal
tcp,ftp,RST,0.6669,760,6,95000,576,1148.5641,1139567.55,6909.38,8,0,0.000878,0.111153,0.3805,0.0932,2533,912,698,3228,0.007927,0.004085,0.001492,125,96,0,5,83,22,0,0,2,0,1,Shellcode
tcp,-,CON,6.6862,39,42,6532,22722,18.17175,6252.88,27186.76,0,3,0.1714,0.1592,0.0177,0.0182,47051,5792889,1280443,28163,0.046,0.0378,0.0764,134,541,0,2922,3,3,0,0,0,0,0,Normal
udp,ssl,CON,2.2506,46,17,19665,11713,41.988749999999996,55921.02,41635.07,27,0,0.0489,0.1324,0.0032,0.0128,61341,9505494,8008969,39108,0.144,0.001,0.089,342,689,0,1539,3,1,0,0,1,0,0,Normal
tcp,http,INT,3.4787,58,30,25810,6300,37.9452,47484.44,14488.18,27,0,0.06,0.116,0.0012,0.0086,16173,9749956,8837080,2017,0.0661,0.0079,0.0348,356,210,1,2879,1,3,0,0,0,0,0,Normal
tcp,dns,INT,7.3283,19,24,10925,14256,8.80155,9541.08,15562.67,0,4,0.3857,0.3053,0.0105,0.002,21022,6896115,1219593,24364,0.2832,0.078,0.0285,460,594,0,4882,2,1,0,0,0,0,0,Normal
tcp,http,CON,0.5123,68,19,5508,1482,169.8093,86005.49,23140.91,7,9,0.007534,0.026965,0.4215,0.0187,3102,445,424,3207,0.004428,0.003678,0.004206,81,78,1,119,51,63,0,0,4,0,1,Botnet
udp,ftp,CON,0.0197,786,3,66024,291,40082.0123,26832697.42,118264.8,23,4,2.5e-05,0.006562,0.3338,0.0553,2869,160,623,906,0.00261,0.001531,0.002649,84,97,1,49,26,21,0,0,2,0,1,Generic
udp,http,RST,1.209,755,8,77010,720,631.112,509587.76,4764.36,18,5,0.001601,0.151122,0.339,0.0312,982,120,957,339,0.003676,0.004715,0.00426,102,90,1,70,62,28,0,0,0,0,1,Analysis
tcp,ssh,INT,1.0504,524,18,54496,1188,515.9834,415041.02,9047.8,2,7,0.002005,0.058357,0.4395,0.0841,1714,346,532,2456,0.008456,0.003972,0.004114,104,66,0,118,21,29,0,0,3,1,1,Shellcode
tcp,http,FIN,8.3586,42,45,31185,14805,15.6126,23877.59,14169.78,0,3,0.199,0.1857,0.0101,0.015,15447,2373199,9380014,24120,0.1532,0.0719,0.0064,594,329,1,998,2,2,0,0,1,0,0,Normal
udp,ftp,REQ,1.3078,70,4,11270,336,56.585,68941.89,2055.41,21,7,0.018682,0.326942,0.1061,0.0201,621,814,798,2334,0.004992,0.003185,0.004596,161,84,1,174,62,54,0,0,0,0,1,Generic
tcp,ssh,CON,1.4301,146,18,25258,540,114.6804,141297.41,3020.85,17,8,0.009795,0.079448,0.3167,0.009,3559,885,187,2887,0.002493,0.00297,0.002064,173,30,0,106,21,47,0,0,3,1,1,Worm
tcp,http,FIN,4.3776,38,15,9215,2415,18.160800000000002,13472.36,4413.42,23,0,0.1152,0.2918,0.0077,0.002,1932,7826091,8325765,64210,0.0561,0.051,0.0103,194,161,2,2237,3,1,0,0,0,0,0,Normal
tcp,ssl,CON,7.8666,8,23,4110,17250,5.91105,3343.76,17542.53,0,15,0.9833,0.342,0.0126,0.0172,28252,1371241,6010065,1710,0.1196,0.0364,0.0965,411,750,1,2421,3,3,0,0,0,0,0,Normal
icmp,ssh,CON,0.8352,577,0,99821,0,690.8536,956141.39,0.0,9,7,0.001447,0.835199,0.0636,0.0723,3697,357,505,2994,0.004639,0.000745,0.002112,173,0,1,116,45,53,0,0,8,0,1,Worm
udp,http,INT,7.9376,13,31,2031,16771,8.3148,1637.77,16902.81,0,16,0.6106,0.2561,0.0041,0.0022,40671,8346296,2563314,54027,0.1677,0.0309,0.0075,125,541,1,1945,3,3,0,0,1,0,0,Normal
udp,ssl,CON,5.5859,20,36,14700,17532,15.0378,16842.38,25108.89,0,16,0.2793,0.1552,0.0098,0.0139,52252,4908261,4120507,8183,0.0968,0.0304,0.0477,588,487,0,1141,4,4,0,0,0,0,0,Normal
tcp,-,RST,1.3984,643,4,100951,296,462.6733,577524.93,1693.37,22,5,0.002175,0.349599,0.2646,0.0281,4076,183,905,3830,0.001762,0.000737,5e-05,157,74,0,141,85,51,0,0,6,1,1,Analysis
udp,http,CON,1.4596,187,22,15334,1078,143.1872,84043.34,5908.36,31,6,0.007805,0.066347,0.2027,0.0779,3106,906,720,280,0.004285,0.001744,0.000198,82,49,1,161,27,74,0,0,0,0,1,Reconnaissance
udp,ssl,CON,5.0028,62,49,37200,539,33.281549999999996,47589.53,861.92,11,0,0.0807,0.1021,0.0024,0.0013,18767,8377173,8013776,54742,0.2425,0.0755,0.0423,480,11,1,4685,1,2,0,0,0,0,0,Normal
tcp,dns,INT,3.4342,70,13,37450,8398,36.252750000000006,69791.67,19563.1,55,0,0.0491,0.2642,0.018,0.0006,57265,6026762,8454201,34615,0.2866,0.0229,0.0442,428,646,0,1212,3,2,0,0,0,0,0,Normal
udp,dns,FIN,6.939,59,8,40488,4536,14.48325,37343.45,5229.54,50,0,0.1176,0.8674,0.0133,0.0182,21985,6463614,9582862,17261,0.0063,0.021,0.0363,549,567,1,4440,3,1,0,0,1,0,0,Normal
udp,http,CON,9.4465,17,53,11411,265,11.1153,7731.15,224.42,0,34,0.5557,0.1782,0.0104,0.0132,30728,5932165,403788,50339,0.0242,0.002,0.0968,537,5,1,4306,2,1,0,0,0,0,0,Normal
icmp,ssh,CON,0.2664,484,2,35816,180,1824.237,1075504.06,5405.15,31,5,0.00055,0.133206,0.0943,0.0522,699,759,974,2010,0.001349,0.004155,0.001792,74,90,1,81,72,13,0,0,1,1,1,Worm
udp,ssh,RST,0.4385,154,10,25102,490,373.9847,457939.67,8939.15,14,0,0.002848,0.043852,0.1699,0.0084,1660,531,889,3573,0.005256,0.003113,0.002855,163,49,0,62,49,38,0,0,9,0,1,Worm
tcp,dns,CON,8.8357,13,39,6126,7293,8.8278,4437.48,6603.25,0,26,0.6797,0.2266,0.0025,0.0039,31324,9563293,9786176,20516,0.1581,0.098,0.086,377,187,1,1102,3,4,0,0,1,0,0,Normal
udp,dns,CON,2.6023,30,47,16200,16826,44.383649999999996,39841.52,51726.34,0,17,0.0867,0.0554,0.0181,0.0023,63463,7623285,9566087,45430,0.0422,0.031,0.0074,432,358,0,797,3,3,0,0,0,0,0,Normal
udp,dns,CON,0.5449,32,21,15880,6993,145.90395,186522.17,102672.35,10,0,0.017,0.0259,0.0192,0.0005,52502,5455097,4407283,26723,0.0842,0.0432,0.0753,397,333,2,1441,3,3,0,0,0,0,0,Normal
tcp,ssl,CON,8.4223,73,48,53746,10080,21.5499,40840.93,9574.54,24,0,0.1154,0.1755,0.0014,0.0016,32082,2308394,7958208,11182,0.2581,0.0838,0.058,589,210,1,3054,3,4,0,0,0,0,0,Normal
tcp,dns,FIN,5.3593,22,48,9240,17136,19.59225,11034.37,25579.68,0,24,0.2436,0.1117,0.0133,0.0075,953,6122374,4995751,63568,0.0441,0.0394,0.0042,336,357,1,3100,2,3,0,0,1,0,0,Normal
udp,http,CON,2.299,66,40,29452,31320,69.16065,81990.59,108986.73,26,0,0.0348,0.0575,0.0038,0.0009,2375,9047299,1019943,26727,0.0605,0.0659,0.0562,357,783,0,1467,1,4,0,0,0,0,0,Normal
tcp,ssl,CON,6.2942,16,21,6320,16380,8.8176,6426.2,20819.06,0,5,0.3934,0.2997,0.0196,0.0052,53816,8711886,8567121,9933,0.2492,0.0056,0.0405,316,780,0,4010,3,1,0,0,0,0,0,Normal
udp,ssh,RST,1.4177,619,10,76756,360,443.6637,433117.38,2031.4,11,6,0.00229,0.141774,0.4998,0.0857,3464,223,78,2177,0.009184,0.003528,0.003985,124,36,0,183,82,28,0,0,5,0,1,Worm
icmp,-,REQ,1.2074,84,4,11340,364,72.8839,75136.69,2411.8,23,2,0.014374,0.30185,0.0641,0.0075,1959,655,497,2601,0.005766,0.003336,0.004862,135,91,0,198,35,45,0,0,6,1,1,Generic
tcp,ssl,FIN,7.534,70,23,16450,10212,18.516,13973.91,10843.58,47,0,0.1076,0.3276,0.0131,0.0072,38641,1590420,7177029,19256,0.1161,0.0372,0.0938,188,444,0,319,2,4,0,0,1,0,0,Normal
tcp,ssl,INT,6.8252,37,33,15586,18348,15.38415,14615.3,21506.26,4,0,0.1845,0.2068,0.0097,0.0013,46054,4882178,953361,38974,0.1344,0.0753,0.0633,337,556,2,4527,4,2,0,0,0,0,0,Normal
udp,-,FIN,1.4228,29,23,14101,16031,54.822,63430.45,90138.6,6,0,0.0491,0.0619,0.0188,0.014,13383,2609471,5020958,15988,0.2502,0.0661,0.0389,389,697,2,4740,2,4,0,0,1,0,0,Normal
tcp,ftp,INT,0.9157,746,6,127566,534,821.2127,1114455.58,4665.19,31,4,0.001228,0.15262,0.1527,0.0057,3117,481,942,2706,0.003517,0.000203,0.001785,171,89,1,155,80,39,0,0,7,0,1,Botnet
tcp,-,CON,1.323,515,4,40170,308,392.3018,242909.67,1862.49,20,1,0.002569,0.33074,0.0346,0.0468,1691,622,279,3808,0.003075,0.002782,0.00486,78,77,1,14,59,33,0,0,7,1,1,Shellcode
udp,-,INT,6.3376,37,51,13505,7650,20.82795,13637.91,9656.61,0,13,0.1713,0.1243,0.0021,0.0199,12895,1839597,9641876,31412,0.092,0.0551,0.0027,292,150,0,1137,2,3,0,0,1,0,0,Normal
udp,dns,INT,7.2017,38,33,25460,17325,14.7882,22625.85,19245.53,3,0,0.1895,0.2182,0.0094,0.0103,5239,8579464,2294155,30757,0.0186,0.0088,0.0355,536,525,2,3793,3,2,0,0,1,0,0,Normal
icmp,ftp,CON,0.7867,161,6,15134,108,212.2911,153907.23,1098.32,43,6,0.004886,0.131109,0.1102,0.0644,3169,66,598,57,0.005155,0.000878,0.002742,94,18,0,103,57,44,0,0,1,0,1,Analysis
icmp,http,REQ,1.1328,107,1,21079,95,95.3395,148863.82,670.91,0,3,0.010587,1.132794,0.238,0.0727,1627,364,149,2538,0.006423,0.000114,0.001902,197,95,0,170,98,76,1,3,2,1,1,Backdoor
udp,http,CON,0.9311,32,33,11040,429,104.71605,75885.26,3686.0,0,0,0.0291,0.0282,0.0089,0.0138,5536,6171310,3398699,3837,0.0916,0.0185,0.0229,276,13,2,2952,1,4,0,0,1,0,0,Normal
tcp,dns,INT,7.2021,15,40,10425,25360,11.454899999999999,9263.91,28169.39,0,24,0.4801,0.1801,0.0132,0.0064,21536,3488320,8616830,40159,0.2657,0.0136,0.0234,556,634,1,3512,2,3,0,0,0,0,0,Normal
udp,dns,CON,1.8562,32,7,1920,1624,31.51575,6619.92,6999.19,23,0,0.058,0.2652,0.0141,0.0016,34309,4862778,7323590,41665,0.1122,0.0098,0.096,48,232,2,1154,2,2,0,0,1,0,0,Normal
tcp,http,REQ,0.5415,396,15,61776,945,759.0242,912690.57,13961.61,8,9,0.001367,0.036099,0.4079,0.0465,1494,124,39,1778,0.000729,0.001865,0.000982,156,63,1,151,67,19,0,0,6,1,1,Reconnaissance
tcp,http,INT,0.3628,336,26,34944,1196,997.8978,770619.65,26375.37,10,9,0.00108,0.013952,0.0271,0.0006,3572,424,976,3458,0.000137,0.004314,0.003669,104,46,0,89,79,10,0,0,2,1,1,Analysis
udp,dns,CON,0.5317,13,53,2778,37312,186.1947,33447.34,561397.69,0,39,0.0409,0.01,0.0008,0.0061,23645,1332456,6647993,52315,0.1223,0.0703,0.0398,171,704,1,3348,2,2,0,0,0,0,0,Normal
udp,http,FIN,6.6104,46,18,3967,4068,14.522549999999999,3841.23,4923.16,27,0,0.1437,0.3672,0.0168,0.0188,37007,6113476,3350133,27478,0.1947,0.0862,0.0216,69,226,0,488,2,1,0,0,1,0,0,Normal
icmp,http,INT,0.225,462,13,29568,182,2111.0186,1051260.6,6470.83,2,0,0.000487,0.017308,0.1076,0.0975,828,176,419,2197,0.008107,0.00173,0.002324,64,14,0,123,40,50,0,0,0,1,1,DoS
tcp,ssl,CON,0.4853,57,20,10260,9840,238.00275,135309.18,162212.76,36,0,0.0085,0.0243,0.0178,0.0118,54007,9081727,577125,40668,0.0224,0.0847,0.0896,144,492,2,1226,3,1,0,0,1,0,0,Normal
tcp,dns,FIN,4.2125,27,46,3847,12052,25.9938,5845.39,22887.81,0,19,0.156,0.0916,0.0016,0.0024,27105,8195448,7079230,18723,0.0635,0.1,0.0093,114,262,2,4213,1,1,0,0,0,0,0,Normal
udp,-,INT,7.6957,35,14,4681,4732,9.5508,3893.1,4919.13,21,0,0.2199,0.5497,0.0092,0.0091,33252,6390741,9505096,7506,0.255,0.0953,0.0617,107,338,0,1822,2,4,0,0,0,0,0,Normal
udp,http,CON,1.0848,16,29,2660,14471,62.22285000000001,15693.08,106717.36,0,11,0.0678,0.0374,0.0156,0.0069,47146,2204736,5409292,39792,0.1919,0.0319,0.0327,133,499,2,4216,3,4,0,0,1,0,0,Normal
tcp,ssh,RST,1.0328,558,22,31248,616,561.5843,242046.7,4771.53,37,4,0.001851,0.046945,0.039,0.0388,2528,225,914,4071,0.000148,0.003094,0.002747,56,28,0,65,89,51,0,0,0,1,1,Generic
tcp,dns,INT,9.9227,25,7,1406,4732,4.83735,907.01,3815.1,16,0,0.3969,1.4175,0.018,0.0121,35826,5570200,5247413,47015,0.063,0.0967,0.0935,45,676,1,2894,2,2,0,0,1,0,0,Normal
udp,-,CON,4.3912,32,34,13520,18904,22.544999999999998,19704.82,34439.71,0,2,0.1372,0.1292,0.0114,0.018,15719,6459626,1964698,45336,0.1155,0.0061,0.034,338,556,1,391,3,1,0,0,1,0,0,Normal
udp,-,CON,5.3158,77,34,33495,11560,31.32195,40326.9,17397.33,41,0,0.069,0.1563,0.018,0.0063,25908,891304,8374698,24117,0.2557,0.0883,0.1,348,340,2,2285,4,1,0,0,1,0,0,Normal
udp,ssh,INT,0.6988,138,7,25530,623,207.4871,292256.28,7131.83,16,6,0.005064,0.099834,0.3117,0.0424,1012,616,320,1394,0.007952,0.003761,0.00252,185,89,0,110,93,16,0,0,4,1,1,Shellcode
udp,http,INT,4.9225,2,46,322,36570,14.626649999999998,419.3,59433.12,0,43,2.4613,0.107,0.0003,0.0137,55661,6103769,3710265,53680,0.0636,0.0866,0.024,129,795,1,1767,4,1,0,0,1,0,0,Normal
udp,dns,FIN,0.0477,5,44,3187,25036,1540.9899,427703.31,4199207.89,0,38,0.0095,0.0011,0.0154,0.017,55370,3158920,5283741,176,0.2276,0.0202,0.0473,510,569,0,4365,4,1,0,0,0,0,0,Normal
udp,ftp,INT,0.4711,720,17,90720,1275,1564.3666,1540508.45,21650.66,49,5,0.000654,0.027713,0.2411,0.0843,3543,526,721,770,0.002643,0.003477,0.004375,126,75,1,70,87,60,0,0,9,1,1,Worm
tcp,http,CON,8.9509,51,37,20081,4551,14.7471,14358.37,4067.53,14,0,0.1755,0.2419,0.0082,0.0076,6507,9357693,4084862,65212,0.0856,0.0547,0.0003,315,123,2,424,3,3,0,0,1,0,0,Normal
tcp,ssl,INT,2.1359,16,8,4360,4392,16.854599999999998,13064.17,16450.07,8,0,0.1335,0.267,0.0163,0.0184,50835,8465747,1149230,62731,0.2914,0.0796,0.0737,218,549,1,4076,4,2,0,0,0,0,0,Normal
udp,http,INT,7.3907,67,55,18341,25520,24.76095,15882.72,27624.0,10,0,0.1103,0.1344,0.0033,0.0094,58676,1297337,3696667,43842,0.1,0.0877,0.0044,219,464,0,2429,4,1,0,0,0,0,0,Normal
tcp,dns,FIN,7.4847,55,38,36506,18278,18.63795,31215.49,19536.27,17,0,0.1361,0.197,0.0121,0.0173,8280,5027841,6360626,27500,0.2052,0.011,0.0689,531,481,0,1605,2,1,0,0,1,0,0,Normal
udp,http,INT,6.0482,53,34,36040,10846,21.57645,38136.03,14345.98,17,0,0.1141,0.1779,0.0079,0.0149,2906,9170842,716000,14325,0.2902,0.0897,0.008,544,319,0,4584,1,4,0,0,1,0,0,Normal
udp,-,FIN,5.2311,38,1,22182,17,11.1831,27139.02,26.0,35,0,0.1377,5.2311,0.0009,0.0187,6819,6115072,2809270,4768,0.241,0.0051,0.0243,467,17,2,2348,4,1,0,0,0,0,0,Normal
udp,-,INT,8.8684,77,2,40617,1312,13.36215,29312.29,1183.53,73,0,0.1152,4.4342,0.0044,0.0108,12425,8207049,5161016,10730,0.1228,0.0784,0.0916,422,656,1,4953,2,4,0,0,1,0,0,Normal
tcp,-,CON,0.1917,507,23,33969,345,2764.1041,1417265.71,14394.2,14,6,0.000378,0.008337,0.1206,0.0076,3851,564,713,1938,0.000971,0.003494,0.001016,67,15,1,125,79,28,0,0,5,1,1,Generic
udp,http,CON,3.338,30,50,14100,39850,35.94915,27033.8,95505.06,0,20,0.1113,0.0668,0.0096,0.0155,34205,8947929,747428,24689,0.2991,0.0764,0.0974,376,797,0,4953,2,4,0,0,0,0,0,Normal
udp,http,CON,0.0065,595,14,99365,784,94223.5425,122988798.73,970394.19,33,1,1.1e-05,0.000462,0.1611,0.0724,1014,279,506,60,0.003518,0.000177,0.002707,167,56,1,66,20,79,0,0,4,1,1,Reconnaissance
tcp,http,INT,9.2988,30,8,22200,3240,6.12975,15279.34,2787.45,20,0,0.31,1.1624,0.0021,0.0176,23899,9556837,8589893,36025,0.1374,0.0744,0.023,592,405,0,4455,4,1,0,0,1,0,0,Normal
tcp,-,INT,7.7608,20,9,12250,5346,5.60505,10102.08,5510.79,10,0,0.388,0.8623,0.0166,0.0187,29523,9853421,4476533,53865,0.1512,0.0937,0.0823,490,594,2,4614,3,2,0,0,0,0,0,Normal
udp,dns,FIN,0.7153,72,1,35550,138,153.0888,318089.24,1543.47,70,0,0.0099,0.7153,0.0166,0.0112,818,1514781,9044463,45061,0.088,0.0803,0.0072,395,138,2,4870,3,1,0,0,1,0,0,Normal
tcp,ssl,INT,3.7826,17,51,9201,31416,26.9658,15568.21,66443.55,0,32,0.2225,0.0742,0.0019,0.0119,62829,2680432,2291302,25742,0.2313,0.0882,0.0152,433,616,2,3243,2,1,0,0,0,0,0,Normal
icmp,-,RST,0.5047,332,10,31540,210,677.5724,499897.88,3328.43,5,0,0.00152,0.050474,0.3484,0.0376,2605,412,998,507,0.002231,0.004678,0.004916,95,21,0,55,96,77,0,0,1,0,1,Generic
udp,-,CON,4.0022,32,24,7520,16752,20.98875,12025.52,33485.95,7,0,0.1251,0.1668,0.0073,0.0174,14854,5096595,1951531,22350,0.0559,0.0222,0.0633,188,698,2,3386,4,2,0,0,1,0,0,Normal
udp,ssh,REQ,1.0964,120,16,19440,560,124.0446,141848.7,4086.18,16,0,0.009136,0.068524,0.0573,0.0223,3838,543,79,3803,0.00694,0.004314,0.00059,162,35,0,56,56,24,0,0,3,0,1,Exploit
tcp,ssl,INT,4.9251,66,13,35640,10036,24.060299999999998,46312.76,16301.73,52,0,0.0746,0.3789,0.0135,0.0064,31173,2949274,1645222,61283,0.1286,0.0488,0.0568,432,772,0,546,2,4,0,0,1,0,0,Normal
udp,-,RST,0.3033,495,3,96030,237,1642.1928,2533329.66,6252.2,11,0,0.000613,0.101084,0.066,0.0276,583,926,888,401,0.005785,0.000142,0.001403,194,79,0,135,25,79,0,0,7,1,1,Exploit
tcp,dns,INT,2.9016,6,57,1500,41667,32.568599999999996,3308.55,114881.27,0,49,0.4836,0.0509,0.0057,0.0055,45510,7289876,7938453,59681,0.0239,0.0775,0.0922,200,731,0,2176,2,1,0,0,1,0,0,Normal
tcp,-,CON,6.8095,27,48,3307,1392,16.52115,3108.61,1635.37,0,20,0.2522,0.1419,0.002,0.0026,46581,681179,8341054,16448,0.003,0.0883,0.0257,98,29,0,1143,4,1,0,0,0,0,0,Normal
tcp,ssl,INT,0.6814,66,29,19717,3335,209.1381,185203.88,39156.52,37,0,0.0103,0.0235,0.0043,0.0008,62934,2180741,6229856,53632,0.0235,0.031,0.071,239,115,0,740,2,2,0,0,0,0,0,Normal
udp,dns,INT,8.6101,64,13,38160,637,13.4145,28364.83,591.86,50,0,0.1345,0.6623,0.0053,0.0185,24669,1460518,5301755,63509,0.2168,0.0623,0.044,477,49,0,2413,3,3,0,0,0,0,0,Normal
tcp,ftp,REQ,1.1839,358,9,28282,594,309.9918,191110.39,4013.85,26,7,0.003307,0.131545,0.2531,0.0833,3651,719,360,1824,0.001308,0.004664,0.00222,79,66,1,136,29,22,0,0,2,0,1,Exploit
udp,ssl,INT,5.5257,64,4,44880,1580,18.459,51980.69,2287.47,60,0,0.0863,1.3814,0.0098,0.0158,64771,6976659,3551607,59790,0.2178,0.0928,0.0115,561,395,0,1641,4,1,0,0,0,0,0,Normal
udp,dns,CON,3.6475,21,6,7376,3774,11.103299999999999,12942.4,8277.35,15,0,0.1737,0.6079,0.0085,0.0076,60670,5250882,9535589,7864,0.0359,0.0267,0.0348,281,629,0,768,3,3,0,0,0,0,0,Normal
icmp,-,CON,1.0346,687,13,92745,1053,676.6001,717157.4,8142.4,11,9,0.001506,0.079583,0.3028,0.0836,978,842,322,1886,0.008878,0.004355,0.004842,135,81,1,131,92,12,1,0,5,0,1,Backdoor
icmp,ftp,RST,1.0917,108,14,19116,476,111.7496,140079.0,3488.05,27,3,0.010109,0.07798,0.215,0.0699,1626,541,518,1177,0.008437,0.002219,0.000153,177,34,1,149,44,38,0,0,7,0,1,Exploit
tcp,ssl,INT,3.0746,21,12,11156,2616,16.0995,23222.36,6806.69,7,0,0.1464,0.2562,0.0038,0.0112,21228,9593812,8802075,57409,0.2569,0.054,0.0352,425,218,1,23,1,1,0,0,0,0,0,Normal
udp,-,INT,2.8377,15,26,10162,2860,21.6726,22920.13,8062.92,0,9,0.1892,0.1091,0.0063,0.0004,15062,2896387,6952498,49084,0.0739,0.0493,0.089,542,110,0,3753,4,1,0,0,1,0,0,Normal
udp,dns,CON,2.9363,11,8,618,6224,9.706199999999999,1348.65,16957.63,2,0,0.2669,0.367,0.0158,0.0011,51254,1085852,9375603,43827,0.1431,0.0796,0.0302,45,778,1,1357,1,4,0,0,1,0,0,Normal
icmp,ssh,RST,0.3188,338,17,51714,102,1113.6613,1297845.15,2559.85,2,5,0.000943,0.018751,0.0501,0.0479,1377,141,171,2235,0.00673,0.001737,0.001971,153,6,1,171,25,14,0,0,2,0,1,Exploit
udp,ssl,CON,3.2346,4,15,1815,9765,8.81085,3591.12,24151.02,0,10,0.8087,0.2156,0.0056,0.0028,33404,1576181,8083776,57202,0.2891,0.0087,0.011,363,651,1,2523,2,4,0,0,0,0,0,Normal
udp,http,CON,1.7699,22,34,13447,13362,47.46015,48626.36,60396.49,0,10,0.0805,0.0521,0.014,0.0109,20148,6766765,4839401,20510,0.0008,0.0975,0.0489,489,393,0,804,3,1,0,0,0,0,0,Normal
icmp,http,CON,0.7763,135,25,22680,1400,206.1108,233729.59,14427.75,24,3,0.00575,0.031051,0.0734,0.0657,1989,180,427,674,0.008303,0.003665,0.00399,168,56,0,174,98,17,0,0,7,1,1,DoS
udp,-,CON,8.8298,5,28,1075,18284,5.60595,779.18,16565.7,0,23,1.766,0.3154,0.017,0.0095,61497,6397551,523977,32085,0.1674,0.0881,0.0719,172,653,0,4272,1,3,0,0,1,0,0,Normal
udp,-,REQ,0.4993,728,10,128856,790,1477.9537,2064424.97,12656.73,43,1,0.000686,0.049934,0.1123,0.0305,95,365,659,1092,0.007863,0.004276,0.002742,177,79,0,47,45,77,0,0,6,1,1,Analysis
icmp,http,INT,1.14,545,19,39240,1064,494.724,275361.28,7466.47,23,8,0.002092,0.060002,0.241,0.0573,51,178,442,918,0.007641,0.004382,0.000523,72,56,1,49,42,70,0,0,3,0,1,Worm
udp,ftp,INT,1.023,648,14,128304,574,647.1428,1003395.82,4488.94,40,9,0.001579,0.073068,0.3338,0.0092,2021,438,203,3011,0.007744,0.001182,0.000811,198,41,0,30,97,30,0,0,5,0,1,Reconnaissance
tcp,dns,INT,1.6116,64,4,33840,2852,63.28965,134382.55,14157.03,58,0,0.0252,0.4029,0.0065,0.003,54966,1599145,2281789,38500,0.1067,0.0301,0.0327,423,713,1,4826,1,4,0,0,0,0,0,Normal
udp,http,CON,0.3352,579,16,49215,672,1774.9788,1174528.82,16037.46,23,3,0.000579,0.020951,0.3177,0.0613,266,655,372,536,0.000386,0.001105,0.003258,85,42,1,123,46,40,0,0,2,0,1,Backdoor
udp,dns,FIN,0.9859,2,22,112,14498,36.51615,730.32,117646.96,0,18,0.4929,0.0448,0.009,0.0164,51487,637052,6348150,48679,0.0627,0.0134,0.0924,45,659,0,2143,1,1,0,0,0,0,0,Normal
udp,http,FIN,2.5554,72,31,50670,14880,60.460800000000006,126904.13,46584.11,40,0,0.0355,0.0824,0.0167,0.0156,45610,3842896,6887162,12547,0.1691,0.0998,0.0358,563,480,1,4066,2,2,0,0,1,0,0,Normal
icmp,-,CON,0.8151,569,11,110386,891,711.5747,1083419.16,8745.01,42,3,0.001433,0.074099,0.4403,0.0589,719,562,277,1196,0.001746,0.003904,0.002251,194,81,1,195,48,79,0,0,9,0,1,Shellcode
udp,-,CON,6.2971,22,35,5252,20265,13.57755,5338.29,25744.98,0,12,0.2862,0.1799,0.0021,0.0141,15000,8948334,9568817,59880,0.0166,0.0911,0.0874,191,579,0,1072,2,4,0,0,0,0,0,Normal
udp,ssl,FIN,1.9398,33,29,22316,20967,47.94225,73626.85,86469.17,4,0,0.0588,0.0669,0.0127,0.0182,35693,3131149,8398071,13501,0.1076,0.027,0.0644,541,723,1,4878,2,2,0,0,0,0,0,Normal
udp,http,FIN,4.7196,76,17,5700,9996,29.55735,7729.39,16943.63,57,0,0.0621,0.2776,0.0174,0.014,28976,8574993,1186533,54236,0.1565,0.0537,0.0473,60,588,2,3454,4,4,0,0,0,0,0,Normal
udp,-,INT,9.3801,20,8,5200,4592,4.477650000000001,3547.95,3916.39,10,0,0.469,1.1725,0.0148,0.0078,38374,2309442,9896569,19826,0.1004,0.0576,0.0015,208,574,1,2718,1,1,0,0,1,0,0,Normal
udp,-,FIN,1.5625,71,30,43398,7860,96.96015,177761.43,40243.23,41,0,0.022,0.0521,0.0197,0.0061,33253,4693718,9538782,1517,0.0365,0.0802,0.084,489,262,1,932,4,2,0,0,1,0,0,Normal
icmp,ssh,RST,0.1207,146,16,19710,48,1342.5242,1306723.58,3182.28,36,2,0.000826,0.007542,0.2417,0.0657,3796,841,889,2287,0.001401,0.00055,0.00072,135,3,1,194,54,11,0,0,1,1,1,Shellcode
icmp,ssh,INT,0.7038,791,14,84637,1218,1143.8483,962105.74,13845.54,39,7,0.00089,0.050269,0.0992,0.0212,2384,565,569,890,0.008026,0.002558,0.003059,107,87,0,11,95,64,0,0,2,1,1,Backdoor
tcp,ssl,FIN,0.4909,20,4,5200,1176,73.3296,67789.21,19163.49,14,0,0.0245,0.1227,0.0106,0.0126,12374,9908916,4664720,63963,0.2914,0.0912,0.0562,208,294,2,3983,3,2,0,0,1,0,0,Normal
tcp,-,FIN,1.5807,23,12,5290,3768,33.213449999999995,21418.58,19070.23,9,0,0.0687,0.1317,0.0078,0.0187,13957,221561,6347044,13875,0.0277,0.0622,0.0574,184,314,0,2520,2,4,0,0,1,0,0,Normal
udp,-,INT,4.1292,12,6,4740,3792,6.5388,7346.68,7346.68,6,0,0.3441,0.6882,0.0146,0.0175,25828,3734091,7034243,9640,0.1089,0.0535,0.0889,316,632,1,3968,4,3,0,0,1,0,0,Normal
tcp,-,FIN,6.4479,23,29,10637,19111,12.096900000000002,10558.46,23711.26,0,6,0.2803,0.2223,0.0009,0.014,47422,7908881,7912917,48188,0.0982,0.0082,0.038,370,659,1,4896,4,2,0,0,1,0,0,Normal
udp,http,FIN,0.5135,17,47,5886,3807,186.945,73360.32,59308.29,0,30,0.0302,0.0109,0.0131,0.0011,61613,1075310,3038974,18152,0.2405,0.0513,0.0639,277,81,0,591,3,4,0,0,1,0,0,Normal
icmp,http,RST,0.7461,590,26,83190,2444,825.6306,892002.75,26205.73,37,6,0.001265,0.028696,0.4701,0.0821,44,436,197,2469,0.006804,0.000171,2.8e-05,141,94,1,66,74,20,0,0,6,1,1,DoS
udp,dns,INT,8.102,72,13,16020,8814,15.736799999999999,12654.65,8703.03,59,0,0.1125,0.6232,0.0051,0.0153,4044,6876866,5260142,17611,0.1792,0.066,0.0262,178,678,1,2358,4,4,0,0,0,0,0,Normal
udp,ftp,REQ,0.0011,367,7,38902,630,332675.07,276828354.49,4483107.89,15,5,3e-06,0.000161,0.12,0.0099,1786,112,420,1684,0.009259,0.004326,0.003685,106,90,0,140,38,60,0,0,8,1,1,Botnet
tcp,http,FIN,0.1744,54,0,38812,0,464.4243,1424234.62,0.0,54,0,0.0032,0.1744,0.0197,0.0106,34536,8861403,378623,55478,0.0928,0.0229,0.0849,575,0,2,4927,4,2,0,0,0,0,0,Normal
tcp,ftp,REQ,0.6674,419,20,72487,420,657.7895,868905.46,5034.56,37,9,0.001593,0.033369,0.0486,0.0492,3265,873,646,2985,0.005919,0.004618,0.004007,173,21,1,129,27,22,0,0,5,0,1,Analysis
icmp,ftp,CON,1.3903,436,15,38804,540,324.3923,223285.48,3107.26,49,0,0.003189,0.092686,0.3743,0.0109,1926,551,147,2000,0.007445,0.003775,0.001914,89,36,1,102,53,34,0,0,8,1,1,Worm
tcp,-,INT,2.3831,27,21,15423,10353,30.213299999999997,41422.54,34755.45,4,0,0.0883,0.1135,0.0191,0.0069,56442,2540782,2480212,1430,0.1168,0.0013,0.091,457,493,2,2176,1,1,0,0,1,0,0,Normal
tcp,dns,INT,0.881,34,16,17042,7568,85.1259,123798.07,68718.19,17,0,0.0259,0.0551,0.0153,0.0143,24671,4590616,5595996,40216,0.1042,0.0136,0.0527,401,473,1,372,3,3,0,0,1,0,0,Normal
icmp,-,REQ,1.2313,771,4,153429,148,629.4173,996860.64,961.59,27,9,0.001597,0.307824,0.4863,0.0014,176,263,55,2199,0.008114,0.003366,0.001893,199,37,1,75,68,37,0,0,8,1,1,DoS
tcp,dns,INT,5.7329,3,26,618,18174,7.587750000000001,690.74,25360.77,0,22,1.911,0.2205,0.0119,0.0127,55675,6081083,6084323,34111,0.1185,0.0226,0.0277,165,699,0,3735,1,4,0,0,0,0,0,Normal
tcp,http,FIN,6.243,71,52,29908,14560,29.553150000000002,30661.02,18657.77,19,0,0.0879,0.1201,0.0194,0.0177,27315,1565339,1413568,22782,0.0496,0.0794,0.0079,337,280,0,480,4,4,0,0,1,0,0,Normal
icmp,-,CON,1.4109,579,7,85692,630,415.3396,485887.76,3572.2,11,3,0.002437,0.201556,0.4732,0.0722,1007,86,4,3254,0.00257,0.001527,0.000905,148,90,0,53,85,59,0,0,4,0,1,Exploit
tcp,ssl,INT,0.3702,50,19,29375,6061,279.58889999999997,507852.25,130982.66,29,0,0.0074,0.0195,0.0084,0.0082,51126,7289600,6213400,10631,0.2059,0.0007,0.0303,470,319,2,4518,4,4,0,0,0,0,0,Normal
udp,-,FIN,9.8256,25,1,14906,346,3.96915,9709.31,281.71,22,0,0.393,9.8256,0.0146,0.0163,16544,8094454,3417897,28904,0.1323,0.0895,0.054,477,346,2,4755,1,3,0,0,1,0,0,Normal
tcp,-,CON,8.3255,41,22,23626,17424,11.35065,18162.1,16742.84,17,0,0.2031,0.3784,0.0116,0.0071,15236,7473082,4700576,60429,0.1387,0.0214,0.0312,461,792,1,3467,3,2,0,0,1,0,0,Normal
tcp,ftp,INT,0.0921,795,28,84270,1512,8940.1334,7323305.37,131397.15,18,6,0.000116,0.003288,0.3269,0.0178,31,540,609,2945,0.004713,0.00018,0.00089,106,54,1,195,37,60,1,2,0,0,1,Backdoor
udp,dns,FIN,9.4774,42,46,19897,32292,13.92795,13436.64,27258.21,0,3,0.2257,0.206,0.0022,0.0079,37138,7493302,8272363,57901,0.0648,0.0767,0.0615,379,702,1,325,1,4,0,0,1,0,0,Normal
tcp,ssl,INT,1.9244,27,47,2126,14476,57.6813,7071.41,60179.76,0,18,0.0713,0.0409,0.0051,0.0148,53477,4069396,8882132,42205,0.2456,0.0613,0.0903,63,308,1,3861,3,3,0,0,1,0,0,Normal
udp,ssh,RST,1.1868,183,14,10614,168,165.9857,71544.05,1132.41,13,8,0.006486,0.084775,0.371,0.0447,2108,337,752,3283,0.003049,0.001134,0.003383,58,12,0,189,64,29,0,0,0,1,1,Worm
tcp,dns,INT,1.8735,38,15,11162,2430,42.43485,38132.68,10376.53,23,0,0.0493,0.1249,0.0015,0.0042,3341,4425065,3967756,63703,0.0105,0.0524,0.0445,235,162,0,379,2,3,0,0,0,0,0,Normal
udp,dns,FIN,9.4208,60,5,39825,3455,10.349400000000001,27054.93,2933.92,55,0,0.157,1.8842,0.0117,0.004,17498,8585525,4567898,19385,0.1375,0.0208,0.0866,531,691,0,2292,4,4,0,0,1,0,0,Normal
udp,-,INT,2.5941,72,6,38790,1602,45.101549999999996,95698.47,4940.35,65,0,0.036,0.4324,0.0039,0.0146,17353,7021578,345039,28825,0.0221,0.0245,0.0486,431,267,1,390,1,1,0,0,0,0,0,Normal
tcp,ssl,INT,0.0291,60,5,17550,3700,3352.0000500000006,3861504.05,1017632.83,53,0,0.0005,0.0058,0.0054,0.0145,15461,3442288,5431263,22211,0.2518,0.0876,0.0977,234,740,0,1714,2,3,0,0,0,0,0,Normal
tcp,ssl,INT,5.0957,43,23,7525,11362,19.42815,9451.13,17837.84,20,0,0.1185,0.2216,0.0013,0.0066,12259,9054507,8472318,21810,0.011,0.094,0.0618,140,494,2,3260,2,3,0,0,1,0,0,Normal
tcp,http,CON,5.4553,9,23,1012,12995,8.79885,1187.84,19056.82,0,12,0.6061,0.2372,0.0011,0.0017,62989,8174484,3559304,44601,0.1195,0.056,0.079,90,565,0,3907,1,2,0,0,1,0,0,Normal
tcp,dns,INT,2.033,2,59,302,26314,45.0069,952.28,103546.47,0,55,1.0165,0.0345,0.0068,0.0029,35693,9639539,1131735,35955,0.0788,0.0955,0.0537,121,446,2,4561,3,1,0,0,1,0,0,Normal
udp,-,CON,7.7666,5,40,3081,19840,8.690999999999999,2539.07,20436.19,0,34,1.5533,0.1942,0.0017,0.0002,15578,1345680,2766911,47155,0.2407,0.0666,0.0212,493,496,0,4614,4,3,0,0,1,0,0,Normal
udp,dns,INT,9.1258,59,41,41816,2419,16.437,29326.13,2120.58,16,0,0.1547,0.2226,0.0102,0.0146,56997,8340263,2721711,33502,0.0019,0.0859,0.0867,567,59,1,4629,3,4,0,0,0,0,0,Normal
udp,http,CON,5.8614,21,12,11786,4788,8.445,12869.23,6534.93,8,0,0.2791,0.4885,0.0091,0.0103,57275,5924508,3311045,10061,0.143,0.0012,0.0813,449,399,2,4643,3,3,0,0,0,0,0,Normal
tcp,ssl,INT,3.7984,41,1,3587,365,16.58565,6044.57,768.74,40,0,0.0926,3.7984,0.016,0.0183,57956,5480828,9066467,46764,0.0428,0.0938,0.0786,70,365,0,2284,1,3,0,0,1,0,0,Normal
udp,dns,CON,9.7519,79,14,27057,1330,14.3049,17757.42,1091.07,65,0,0.1234,0.6966,0.0142,0.0171,18072,4116495,368305,64886,0.0452,0.0837,0.0208,274,95,0,2776,3,3,0,0,1,0,0,Normal
icmp,-,CON,0.546,382,2,53480,196,703.2426,783529.41,2871.57,1,2,0.001429,0.273021,0.306,0.0192,2108,108,495,3224,0.000659,0.003011,0.00124,140,98,1,100,98,29,0,0,7,0,1,Analysis
udp,dns,CON,0.0203,43,35,3655,8960,5760.1461,1151635.36,3528951.03,6,0,0.0005,0.0006,0.0015,0.0022,48145,6468040,5307744,63341,0.2814,0.0843,0.062,68,256,0,1971,3,4,0,0,0,0,0,Normal
tcp,-,INT,7.0948,16,18,6540,6066,7.1883,5899.52,6839.93,0,1,0.4434,0.3942,0.0026,0.0083,23800,4350987,6664228,21624,0.2583,0.0486,0.042,327,337,0,4401,4,3,0,0,0,0,0,Normal
udp,dns,INT,7.3909,73,32,9398,13216,21.31005,8138.68,14305.2,39,0,0.1012,0.231,0.0164,0.0081,22021,9641111,4480898,20831,0.2576,0.002,0.0988,103,413,0,4057,4,4,0,0,0,0,0,Normal
tcp,ssl,FIN,1.4961,44,23,20350,5405,67.17524999999999,87053.83,28902.08,19,0,0.034,0.065,0.0033,0.0069,63185,6473698,3596960,36905,0.0078,0.0395,0.0417,370,235,1,3155,4,4,0,0,0,0,0,Normal
tcp,ssl,INT,6.2362,66,8,42817,2920,17.799149999999997,43941.86,3745.85,56,0,0.0945,0.7795,0.008,0.019,37014,8493727,4521158,59347,0.2246,0.061,0.0111,519,365,2,919,3,3,0,0,1,0,0,Normal
tcp,ftp,INT,0.2899,707,17,124432,1632,2497.0651,3433312.8,45029.95,6,8,0.00041,0.017055,0.2158,0.0073,3221,248,433,2294,0.000175,0.003238,0.00299,176,96,1,156,70,47,0,0,6,1,1,Reconnaissance
udp,-,CON,5.7963,72,40,19800,27560,28.984050000000003,21862.3,38038.19,30,0,0.0805,0.1449,0.0142,0.001,53593,8067338,8865136,10937,0.1129,0.0866,0.0682,220,689,0,654,4,3,0,0,1,0,0,Normal
tcp,ftp,RST,0.2623,141,22,23829,2134,621.454,726803.84,65088.73,32,9,0.00186,0.011922,0.2049,0.045,1380,971,914,849,0.008347,0.003147,0.001427,169,97,0,133,46,32,0,0,6,1,1,Exploit
udp,-,INT,0.1074,423,28,71487,1540,4198.4231,5323861.16,114688.63,32,3,0.000254,0.003836,0.4609,0.0675,2834,964,463,2237,0.001902,0.003648,0.000841,169,55,1,112,78,60,0,0,8,0,1,Reconnaissance
udp,-,FIN,0.1756,58,50,11817,17150,922.62645,430741.26,781384.87,7,0,0.003,0.0035,0.0153,0.0056,56756,3191994,2248197,3048,0.2805,0.0232,0.0038,163,343,0,2127,2,1,0,0,0,0,0,Normal
udp,ssl,INT,2.1693,65,20,19825,6000,58.774049999999995,58488.29,22126.72,44,0,0.0334,0.1085,0.0099,0.0115,13203,8342287,3794943,19401,0.2706,0.0973,0.0446,244,300,1,2081,3,2,0,0,1,0,0,Normal
udp,-,CON,0.3395,246,18,21402,306,777.7187,504385.9,7211.57,20,7,0.00138,0.018859,0.0521,0.0997,99,115,501,2779,0.008779,0.004568,0.000859,87,17,1,8,43,66,0,0,2,1,1,DoS
udp,http,CON,1.6922,56,57,41580,17727,100.16565,157258.34,83805.88,0,1,0.0302,0.0297,0.0151,0.0144,17437,3517092,6240111,34442,0.1148,0.0841,0.0628,594,311,0,3894,1,2,0,0,1,0,0,Normal
tcp,dns,CON,2.5008,57,42,18952,10038,59.38065,48502.58,32111.13,13,0,0.0439,0.0595,0.009,0.0143,45917,3003755,1503653,36719,0.1802,0.077,0.055,266,239,2,2354,1,4,0,0,0,0,0,Normal
tcp,dns,FIN,8.8062,65,57,12268,17841,20.78085,8916.45,16207.67,8,0,0.1355,0.1545,0.0182,0.0132,62082,9131004,6607282,40576,0.0338,0.0361,0.0621,151,313,0,3338,1,3,0,0,0,0,0,Normal
tcp,http,FIN,6.715,51,12,13515,0,14.073,12881.0,0.0,38,0,0.1317,0.5596,0.003,0.0016,17002,9173651,3526637,16841,0.1772,0.0733,0.0581,212,0,2,3280,2,1,0,0,0,0,0,Normal
udp,ssh,CON,0.6804,209,21,17765,1638,338.0131,208862.73,19257.93,35,5,0.003256,0.032402,0.2434,0.0402,3412,447,330,3272,0.006697,0.002637,0.000212,85,78,1,166,32,46,0,0,8,0,1,Analysis
tcp,http,INT,7.2706,38,56,24320,24864,19.3932,21407.82,27358.35,0,16,0.1913,0.1298,0.0041,0.002,49711,942793,8597971,36409,0.1684,0.0227,0.001,512,444,1,3530,1,1,0,0,0,0,0,Normal
udp,ssl,CON,2.4593,10,35,5725,23695,27.447450000000003,14898.84,77080.38,0,25,0.2459,0.0703,0.0197,0.0156,3696,3902848,3923030,21683,0.2525,0.0604,0.0174,458,677,0,31,1,3,0,0,0,0,0,Normal
udp,-,FIN,9.918,79,46,48585,24242,18.90495,31351.41,19553.9,31,0,0.1255,0.2156,0.0168,0.0066,29249,3056334,289801,24303,0.2595,0.0621,0.0517,492,527,2,2109,3,1,0,0,0,0,0,Normal
tcp,ftp,REQ,1.1237,336,6,17472,486,304.3628,124393.6,3460.12,0,0,0.003344,0.187277,0.1277,0.0626,3591,645,330,3681,0.001212,0.003745,7.7e-05,52,81,0,157,27,61,0,0,9,1,1,Generic
udp,dns,INT,3.7556,52,17,27235,13090,27.558749999999996,46411.47,27883.52,33,0,0.0722,0.2209,0.0113,0.0018,46152,4187678,1369920,38277,0.0894,0.0802,0.003,419,770,2,1422,4,3,0,0,0,0,0,Normal
tcp,dns,FIN,2.4756,8,59,3290,5723,40.59645,8505.45,18494.19,0,50,0.3094,0.042,0.0193,0.0123,96,9182085,8208090,47187,0.0051,0.0876,0.0523,329,97,2,1519,3,1,0,0,0,0,0,Normal
udp,-,CON,9.1814,25,59,2843,46138,13.723499999999998,1982.28,40201.46,0,33,0.3673,0.1556,0.0067,0.0194,12280,9973880,3389056,50997,0.2996,0.0054,0.0656,91,782,0,2374,3,3,0,0,1,0,0,Normal
udp,http,INT,1.4714,33,36,3052,10584,70.34175,13277.26,57545.67,0,3,0.0446,0.0409,0.0009,0.011,46862,2265429,5618458,18183,0.1107,0.0099,0.0412,74,294,1,2855,2,1,0,0,0,0,0,Normal
tcp,ssl,INT,4.5548,8,16,5510,10832,7.9037999999999995,7742.19,19025.26,0,7,0.5693,0.2847,0.0167,0.0126,15635,5149666,7684078,34172,0.2554,0.0788,0.029,551,677,0,2897,4,1,0,0,1,0,0,Normal
tcp,ssl,CON,8.4814,7,6,4856,1890,2.2992,3664.49,1782.72,1,0,1.2116,1.4136,0.0137,0.0067,58857,8108375,156191,65259,0.2848,0.006,0.047,555,315,0,458,3,4,0,0,1,0,0,Normal
udp,http,CON,0.7115,497,17,46221,1360,722.4476,519723.71,15292.28,47,9,0.001432,0.041851,0.1129,0.0996,2214,569,469,1005,0.003182,0.000379,0.003983,93,80,0,166,36,37,0,0,3,0,1,Exploit
tcp,dns,INT,0.6289,55,33,28531,23760,209.89530000000002,290355.22,302249.29,21,0,0.0114,0.0191,0.0193,0.004,33779,7892750,2695905,40206,0.2578,0.0126,0.0376,415,720,1,2772,4,3,0,0,1,0,0,Normal
tcp,-,FIN,4.642,47,19,21385,209,21.326999999999998,29483.88,360.19,28,0,0.0988,0.2443,0.0083,0.0075,1448,5423949,4797221,26102,0.0404,0.0736,0.0795,364,11,1,2197,1,3,0,0,1,0,0,Normal
udp,ssl,INT,8.1654,26,1,8157,136,4.9599,6393.78,133.24,25,0,0.3141,8.1654,0.0084,0.0123,17786,9702104,7446819,6535,0.0864,0.0906,0.063,251,136,1,2857,1,1,0,0,0,0,0,Normal
udp,-,FIN,3.2699,6,13,1110,1079,8.7159,2172.55,2639.84,0,7,0.545,0.2515,0.016,0.0143,32505,993456,3977495,52021,0.1411,0.0488,0.0613,148,83,0,1197,1,4,0,0,0,0,0,Normal
udp,ssl,FIN,5.5822,11,32,1526,24864,11.5545,1749.84,35633.07,0,19,0.5075,0.1744,0.0097,0.011,18590,408684,197873,53119,0.1636,0.0523,0.0933,111,777,2,4,1,2,0,0,1,0,0,Normal
tcp,dns,FIN,2.9948,13,17,2551,10948,15.0261,5452.15,29245.51,0,3,0.2304,0.1762,0.0176,0.0134,14962,5833001,5743108,5342,0.1159,0.0528,0.0481,157,644,1,2025,3,1,0,0,0,0,0,Normal
tcp,ftp,REQ,0.9598,119,27,22253,2403,152.1072,185470.73,20028.14,5,3,0.008066,0.03555,0.1956,0.0737,2209,66,31,1614,0.007166,0.002314,0.002534,187,89,1,55,48,48,1,0,2,0,1,Backdoor
udp,http,FIN,0.2205,66,33,18315,22737,673.3956000000001,531533.64,824834.86,32,0,0.0033,0.0067,0.0016,0.0071,44398,4522011,930025,23732,0.0392,0.0454,0.0363,222,689,0,493,2,2,0,0,0,0,0,Normal
tcp,ssh,CON,0.2514,735,27,75705,189,3031.5138,2409456.72,6015.29,39,5,0.000342,0.00931,0.2128,0.0898,3972,637,879,1543,0.009835,0.001916,0.003752,103,7,0,193,90,16,0,0,1,1,1,Shellcode
tcp,http,INT,1.096,27,2,17820,1032,39.6906,104060.72,7533.01,25,0,0.0406,0.548,0.0185,0.0159,52762,9610927,4871970,25848,0.0718,0.0817,0.0093,528,516,2,4217,4,3,0,0,0,0,0,Normal
tcp,ssl,FIN,1.9662,66,46,17985,23736,85.44375,58541.13,96575.78,18,0,0.0298,0.0427,0.0171,0.0095,4260,148891,4149443,28578,0.1271,0.0511,0.0677,218,516,0,1843,1,3,0,0,1,0,0,Normal
tcp,-,INT,5.9326,42,46,14910,25530,22.24995,16084.68,34426.72,0,3,0.1413,0.129,0.0091,0.0018,45137,7546999,5855011,21646,0.1258,0.0973,0.001,284,555,2,4870,1,4,0,0,0,0,0,Normal
tcp,ssl,CON,4.9331,43,43,13061,4128,26.149949999999997,16945.14,6694.38,0,0,0.1147,0.1147,0.0066,0.0007,6548,1604709,2052847,46091,0.2323,0.0934,0.0785,243,96,1,4554,1,3,0,0,0,0,0,Normal
udp,-,FIN,9.9144,2,59,855,38763,9.22905,551.93,31278.18,0,55,4.9572,0.168,0.0101,0.0193,34306,8536248,7420536,16193,0.0525,0.0878,0.0267,342,657,2,931,3,3,0,0,1,0,0,Normal
tcp,-,INT,6.1235,9,37,3588,27380,11.26815,3750.8,35770.45,0,27,0.6804,0.1655,0.003,0.0127,17060,1954543,7519272,11015,0.2158,0.0434,0.0569,319,740,0,49,3,2,0,0,1,0,0,Normal
tcp,ftp,INT,1.4265,408,4,46920,280,288.8281,263142.06,1570.33,14,5,0.003496,0.356613,0.1344,0.0275,1358,538,505,905,0.003455,0.0044,0.002345,115,70,0,54,90,38,0,0,1,1,1,Botnet
tcp,http,CON,1.6739,4,43,1785,10320,42.11685,6824.71,49321.44,0,38,0.4185,0.0389,0.0014,0.0058,8566,8255838,4603598,8817,0.2204,0.0365,0.0817,357,240,2,3799,1,4,0,0,0,0,0,Normal
icmp,ftp,REQ,1.1979,408,12,26112,552,350.6088,174382.81,3686.4,15,9,0.002936,0.099826,0.4689,0.0386,1833,479,677,2130,0.00034,0.002099,0.004917,64,46,1,42,28,52,0,0,5,1,1,Botnet
tcp,-,FIN,1.682,43,39,7471,19305,73.1268,28427.9,91818.73,3,0,0.0391,0.0431,0.0128,0.0131,19573,1305006,3018702,14971,0.0974,0.0078,0.0845,139,495,0,4358,4,1,0,0,1,0,0,Normal
udp,ssl,CON,5.6255,76,31,26410,24025,28.530900000000003,30046.2,34166.04,43,0,0.074,0.1815,0.0174,0.0092,18911,4090285,6822791,54288,0.2386,0.082,0.0779,278,775,1,4876,3,1,0,0,1,0,0,Normal
udp,-,FIN,0.8753,22,45,15565,25560,114.8205,113810.47,233616.74,0,23,0.0398,0.0195,0.0073,0.0149,3008,1642716,5356135,20659,0.0072,0.0936,0.006,566,568,1,1721,1,3,0,0,0,0,0,Normal
udp,dns,FIN,2.3415,9,20,6446,14460,18.57825,17619.85,49405.28,0,11,0.2602,0.1171,0.0041,0.0191,29688,6684655,9315856,10446,0.0429,0.0013,0.0631,573,723,1,1143,1,1,0,0,1,0,0,Normal
icmp,ssh,INT,0.952,384,8,42624,464,411.7799,358198.05,3899.3,16,2,0.002479,0.118996,0.1763,0.0765,195,717,333,385,0.002739,0.001445,0.001303,111,58,1,32,25,10,0,0,9,0,1,Worm
udp,ssl,FIN,0.7934,35,26,17981,1534,115.33109999999999,145052.44,15468.23,9,0,0.0227,0.0305,0.0141,0.0149,32396,209596,8245480,32362,0.1571,0.0641,0.0379,411,59,0,2063,4,2,0,0,0,0,0,Normal
tcp,ssh,INT,0.0516,437,0,66861,0,8473.8513,10371993.95,0.0,29,5,0.000118,0.05157,0.1976,0.0127,1687,15,551,643,0.004266,0.00187,0.000401,153,0,1,137,87,66,0,0,9,0,1,Generic
udp,http,CON,4.0531,31,14,11935,10710,16.65375,18845.65,21139.18,15,0,0.1307,0.2895,0.018,0.0088,59359,1148260,3991389,35016,0.1203,0.0857,0.0112,308,765,1,3825,2,3,0,0,1,0,0,Normal
tcp,http,FIN,4.9479,4,21,2265,4998,7.5789,2929.73,8081.0,0,17,1.237,0.2356,0.0136,0.0164,50946,5678231,6995212,41493,0.1494,0.0011,0.0612,453,238,1,355,1,1,0,0,0,0,0,Normal
tcp,ssl,FIN,8.0171,63,20,7875,2560,15.52935,6286.58,2554.55,41,0,0.1273,0.4009,0.0082,0.0086,31060,8356553,5760842,32747,0.0879,0.0946,0.0005,100,128,1,2019,3,3,0,0,1,0,0,Normal
tcp,http,FIN,6.8792,30,40,5550,8440,15.263399999999999,5163.39,9815.09,0,9,0.2293,0.172,0.0074,0.0087,60630,9455362,6640267,50910,0.1357,0.0563,0.0134,148,211,1,3601,3,2,0,0,0,0,0,Normal
tcp,ssl,FIN,3.7367,75,7,4312,21,32.9166,7386.16,44.96,66,0,0.0498,0.5338,0.0174,0.0111,29478,6807537,5828510,39624,0.1676,0.0155,0.0993,46,3,0,4147,3,3,0,0,0,0,0,Normal
udp,ssl,CON,0.9109,35,6,7656,1338,67.51755,53794.47,11751.35,29,0,0.026,0.1518,0.0095,0.0171,16350,9592262,8829062,20083,0.1652,0.0981,0.0322,175,223,0,895,3,2,0,0,1,0,0,Normal
udp,dns,FIN,8.7707,72,39,37350,14781,18.9837,27254.38,13482.16,33,0,0.1218,0.2249,0.0195,0.0029,2906,4130806,694446,31722,0.1547,0.0356,0.0394,415,379,0,330,4,1,0,0,0,0,0,Normal
udp,ssl,INT,8.8288,10,37,662,5254,7.985250000000001,480.25,4760.77,0,27,0.8829,0.2386,0.0081,0.0066,18290,8252953,4076856,26199,0.1711,0.0997,0.0395,53,142,0,3420,1,3,0,0,0,0,0,Normal
tcp,ftp,CON,0.0955,788,12,75648,756,8379.8107,6339159.21,63351.37,47,6,0.000121,0.007956,0.4018,0.0685,1180,627,694,3663,0.005674,0.003001,0.000933,96,63,1,123,87,38,0,0,5,1,1,Reconnaissance
tcp,ssl,CON,6.5912,52,45,19630,18360,22.0749,19060.59,22284.28,5,0,0.1268,0.1465,0.001,0.0083,2173,5780148,6683034,19220,0.2227,0.0248,0.0224,302,408,1,1927,1,3,0,0,0,0,0,Normal
udp,ssh,CON,1.4092,792,21,55440,1848,576.9315,314736.38,10491.21,22,9,0.001779,0.067104,0.1312,0.0508,428,814,285,2165,0.008215,0.004215,0.004772,70,88,1,193,38,76,0,0,9,1,1,Shellcode
tcp,-,CON,4.1993,10,39,6625,6942,17.5029,10096.88,13225.0,0,27,0.4199,0.1077,0.0039,0.0036,8316,744903,7217513,36367,0.1811,0.0758,0.0613,530,178,2,957,2,1,0,0,0,0,0,Normal
tcp,http,CON,1.5529,67,39,30150,2652,102.38895,124257.72,13662.17,26,0,0.0232,0.0398,0.0018,0.0056,2657,2660970,186275,59108,0.1337,0.0416,0.0697,360,68,2,849,4,2,0,0,0,0,0,Normal
udp,-,FIN,9.2113,56,21,34090,3024,12.53895,23685.69,2626.34,35,0,0.1645,0.4386,0.0126,0.0099,12548,1035089,3911897,11627,0.1695,0.0394,0.091,487,144,1,1361,3,1,0,0,0,0,0,Normal
tcp,dns,INT,1.2804,2,29,1115,22040,36.31575,5573.11,137703.25,0,26,0.6402,0.0442,0.0018,0.0155,12805,6291181,8596236,120,0.2408,0.0645,0.018,446,760,0,789,2,4,0,0,0,0,0,Normal
udp,http,FIN,8.7169,43,37,16716,10952,13.7664,12273.2,10051.3,5,0,0.2027,0.2356,0.0172,0.0018,65399,4879706,4645775,28064,0.0773,0.0791,0.0269,311,296,0,2393,3,4,0,0,1,0,0,Normal
udp,ssl,FIN,6.8254,35,19,17893,2565,11.8674,16778.54,3006.42,16,0,0.195,0.3592,0.0036,0.0025,13832,7022766,9878658,11339,0.1527,0.0487,0.0132,409,135,1,2722,3,2,0,0,1,0,0,Normal
tcp,dns,FIN,2.1616,50,53,20500,26394,71.47409999999999,60695.13,97682.15,0,1,0.0432,0.0408,0.0056,0.0064,6583,1480153,8883463,3533,0.1296,0.0879,0.0342,328,498,1,4638,4,1,0,0,1,0,0,Normal
udp,ssl,CON,7.2449,77,18,7796,14292,19.66905,6887.08,15781.66,58,0,0.0941,0.4025,0.0188,0.0024,22729,1280536,429485,6101,0.2208,0.0723,0.0599,81,794,2,3829,1,4,0,0,0,0,0,Normal
tcp,-,FIN,8.0155,64,28,32960,15316,17.21655,26316.97,15286.36,35,0,0.1252,0.2863,0.0067,0.0007,51233,5537695,3428009,18855,0.2407,0.0129,0.025,412,547,2,765,2,2,0,0,1,0,0,Normal
tcp,-,FIN,6.5846,59,18,27287,10692,17.541,26522.56,12990.34,41,0,0.1116,0.3658,0.0171,0.0126,15702,5656281,1784827,20022,0.1311,0.0364,0.0157,370,594,2,2024,2,4,0,0,0,0,0,Normal
udp,dns,CON,4.2994,40,21,8450,10689,21.282,12578.44,19889.2,17,0,0.1075,0.2047,0.0104,0.0148,35926,8139474,7652451,58772,0.2946,0.0328,0.0642,169,509,1,415,3,1,0,0,1,0,0,Normal
icmp,ssh,REQ,0.1586,284,17,51972,221,1897.4901,2621032.73,11145.39,29,8,0.000559,0.009331,0.4693,0.0051,1198,796,30,494,0.009743,0.003685,0.001215,183,13,0,146,82,50,0,0,2,1,1,Exploit
udp,http,INT,1.194,659,0,119279,0,551.9068,799161.01,0.0,42,9,0.001812,1.194042,0.0249,0.0198,163,506,7,80,0.007621,0.004471,0.00441,181,0,1,1,39,29,0,0,2,0,1,Botnet
icmp,-,REQ,1.2076,133,19,16758,874,125.8645,111012.47,5789.77,24,7,0.00908,0.06356,0.1835,0.0072,1667,227,149,1417,0.006052,0.0032,0.002841,126,46,0,191,82,75,0,0,7,0,1,Exploit
udp,http,CON,3.8346,29,46,4531,7314,29.337899999999998,7562.67,15258.86,0,17,0.1322,0.0834,0.0067,0.0015,26152,6610546,5522675,55454,0.0758,0.0784,0.0496,125,159,0,290,1,4,0,0,1,0,0,Normal
udp,-,REQ,0.3128,189,14,20223,70,648.8883,517141.62,1790.04,10,0,0.001655,0.022346,0.0641,0.0107,3199,365,512,469,0.007554,0.00359,0.00449,107,5,0,40,73,41,0,0,8,0,1,Reconnaissance
tcp,dns,FIN,5.9611,29,5,19973,1625,8.555399999999999,21444.24,2180.79,22,0,0.2056,1.1922,0.0143,0.0053,22277,9191528,2253152,27741,0.0928,0.072,0.0543,551,325,2,849,3,2,0,0,0,0,0,Normal
udp,http,CON,9.8874,68,14,42415,4172,12.440100000000001,27454.88,3375.63,54,0,0.1454,0.7062,0.0048,0.0186,6179,920440,8834627,28718,0.153,0.0128,0.0734,499,298,1,3455,2,2,0,0,1,0,0,Normal
tcp,http,CON,5.0813,29,27,14536,3051,16.53135,18308.87,4803.54,2,0,0.1752,0.1882,0.0065,0.0046,915,4495334,9111656,11051,0.2248,0.0288,0.0621,401,113,2,1145,1,2,0,0,1,0,0,Normal
tcp,-,INT,8.9238,26,2,18557,1566,4.70655,13309.16,1403.89,23,0,0.3432,4.4619,0.0002,0.0099,63970,1439179,7970776,49203,0.1832,0.0082,0.0278,571,783,0,4694,3,2,0,0,1,0,0,Normal
udp,ssh,RST,0.8921,187,4,22627,300,214.0919,202900.85,2690.16,39,4,0.004771,0.223035,0.3251,0.0352,926,308,807,148,0.009346,0.001201,0.00394,121,75,1,84,70,42,0,0,4,0,1,Generic
tcp,-,FIN,8.7876,29,49,4277,23275,13.314300000000001,3115.31,21189.01,0,18,0.303,0.1793,0.0021,0.0037,55274,451757,3874433,64416,0.2248,0.074,0.044,118,475,0,4332,2,3,0,0,1,0,0,Normal
tcp,dns,INT,7.8252,35,12,11637,8796,9.0093,9517.99,8992.5,22,0,0.2236,0.6521,0.0057,0.0113,16265,1157229,4503607,37551,0.183,0.0542,0.0919,266,733,2,3418,4,3,0,0,0,0,0,Normal
tcp,-,INT,3.1172,55,50,24956,18050,50.52629999999999,51238.43,46323.75,5,0,0.0567,0.0623,0.0138,0.0117,63629,128948,6557625,38963,0.1888,0.0395,0.0405,363,361,0,635,4,3,0,0,1,0,0,Normal
udp,dns,FIN,9.9913,62,14,39215,10206,11.4099,25119.53,8171.93,46,0,0.1611,0.7137,0.0154,0.0085,48792,9747213,2263316,54533,0.1159,0.0248,0.0917,506,729,0,4388,1,4,0,0,1,0,0,Normal
tcp,http,INT,1.0425,75,33,45375,4224,155.39010000000002,278551.04,32413.21,41,0,0.0139,0.0316,0.0196,0.001,40702,575660,3183887,27725,0.2212,0.0359,0.0018,484,128,0,2771,3,3,0,0,1,0,0,Normal
udp,dns,INT,8.9038,63,51,3543,3162,19.20525,2547.23,2841.04,11,0,0.1413,0.1746,0.0183,0.0112,18550,3684360,2211461,28979,0.2406,0.081,0.0084,45,62,0,1864,2,2,0,0,1,0,0,Normal
udp,http,INT,1.7358,15,18,1106,522,28.517400000000002,4078.86,2405.83,0,2,0.1157,0.0964,0.0139,0.0034,22971,9198944,926093,43040,0.0831,0.0134,0.0914,59,29,0,5,2,4,0,0,0,0,0,Normal
tcp,http,FIN,7.0903,1,14,231,8568,3.1734,208.74,9667.3,0,13,7.0903,0.5064,0.0149,0.0118,31710,7567804,8631317,1361,0.1149,0.0853,0.0864,185,612,2,3116,4,4,0,0,0,0,0,Normal
udp,ssl,INT,0.6981,62,5,9842,3275,143.95995,90232.05,37529.84,57,0,0.0113,0.1396,0.0029,0.0131,35790,8562638,2372260,50728,0.1835,0.0647,0.0325,127,655,0,4511,3,4,0,0,1,0,0,Normal
tcp,dns,CON,2.7248,46,7,12305,1414,29.176050000000004,28901.61,4151.45,39,0,0.0592,0.3893,0.0063,0.0183,14838,2594809,4808697,2084,0.2058,0.0569,0.0374,214,202,1,2847,4,2,0,0,0,0,0,Normal
icmp,http,INT,0.4029,328,6,31488,594,828.9619,625206.08,11794.09,48,7,0.001228,0.067152,0.07,0.0149,1048,281,66,2254,0.004583,0.003417,0.004351,96,99,1,142,98,77,0,0,7,1,1,Analysis
udp,-,INT,7.5606,9,11,2565,3091,3.96795,2171.25,3270.63,0,2,0.8401,0.6873,0.0168,0.0019,29696,3564942,8320412,18080,0.2203,0.0121,0.0979,228,281,0,4269,2,3,0,0,0,0,0,Normal
tcp,http,FIN,5.7976,18,0,3960,0,4.65705,4371.45,0.0,16,0,0.3221,5.7976,0.0122,0.0086,6974,3643868,4842268,4398,0.1656,0.0611,0.0021,176,0,1,4595,1,4,0,0,1,0,0,Normal
udp,ftp,RST,0.8091,508,26,24384,1586,659.9937,241097.94,15681.65,33,6,0.001593,0.031119,0.4196,0.0392,2396,158,108,3931,0.009831,0.00122,0.00033,48,61,1,46,66,60,0,0,2,0,1,Reconnaissance
icmp,ftp,INT,0.0552,576,26,106560,1742,10909.0029,15448017.91,252537.98,49,6,9.6e-05,0.002122,0.3494,0.0232,2402,28,558,2843,0.008532,0.004766,0.003833,185,67,0,44,56,43,0,0,9,1,1,Botnet
icmp,ftp,REQ,0.8311,707,0,56560,0,850.647,544414.11,0.0,12,9,0.001176,0.831132,0.3231,0.0835,3326,880,434,1922,0.004944,0.000517,0.000742,80,0,0,66,59,21,0,0,8,1,1,Analysis
tcp,-,FIN,3.8001,54,14,5737,8778,26.8416,9663.0,18479.7,38,0,0.0704,0.2714,0.0068,0.003,46065,1774249,6500603,49179,0.095,0.0451,0.0803,85,627,1,3831,1,2,0,0,0,0,0,Normal
udp,-,INT,6.5587,14,9,6002,4914,5.2602,5857.22,5993.83,4,0,0.4685,0.7287,0.0114,0.0196,60749,8072617,5943568,36277,0.0473,0.0527,0.0776,343,546,1,2930,1,1,0,0,1,0,0,Normal
tcp,http,INT,4.7819,23,18,15323,5112,12.861,20509.12,8552.3,4,0,0.2079,0.2657,0.0081,0.0036,29040,523352,555995,14253,0.0923,0.0794,0.0002,533,284,2,4074,4,1,0,0,0,0,0,Normal
udp,ssl,INT,6.9726,8,58,4380,3480,14.1984,4020.29,3992.75,0,48,0.8716,0.1202,0.0095,0.008,37513,5646351,473685,24589,0.0229,0.0802,0.0409,438,60,0,2467,1,2,0,0,1,0,0,Normal
tcp,dns,CON,9.3889,72,59,15210,3894,20.9289,10367.95,3317.95,13,0,0.1304,0.1591,0.0014,0.0012,63570,8315565,4840821,11307,0.2755,0.0906,0.0159,169,66,1,723,3,2,0,0,0,0,0,Normal
tcp,ssl,INT,9.1217,35,30,20168,11220,10.688849999999999,14150.91,9840.3,4,0,0.2606,0.3041,0.0039,0.0027,14128,1004014,5005897,1609,0.0683,0.002,0.0521,461,374,2,4164,2,2,0,0,0,0,0,Normal
udp,-,INT,0.8339,39,31,23302,9052,125.91375,178840.68,86839.71,8,0,0.0214,0.0269,0.005,0.0046,43613,9176237,9256450,5719,0.1037,0.0107,0.0644,478,292,2,3524,4,2,0,0,1,0,0,Normal
udp,ftp,INT,0.727,325,15,26000,390,467.6953,286119.47,4291.79,37,0,0.002237,0.048465,0.3543,0.0292,2752,415,274,3870,0.007446,0.002028,0.002923,80,26,0,61,36,37,0,0,3,1,1,Analysis
tcp,-,CON,0.2115,564,19,79524,152,2756.6935,3008209.91,5749.81,24,8,0.000375,0.011131,0.0338,0.0818,1074,547,38,2682,0.008435,0.002528,0.004204,141,8,1,164,82,69,0,4,0,0,1,Backdoor
udp,http,INT,3.726,18,23,13005,5635,16.50555,22338.1,12098.73,0,3,0.207,0.162,0.0187,0.0079,57848,9980400,474934,56270,0.0599,0.0863,0.0811,578,245,2,2532,4,1,0,0,1,0,0,Normal
udp,-,FIN,1.7457,53,47,34648,22137,85.9248,127026.74,101446.34,5,0,0.0329,0.0371,0.0025,0.0176,27968,8251593,3903810,55603,0.023,0.0167,0.0624,523,471,1,647,1,1,0,0,0,0,0,Normal
udp,-,INT,1.0835,410,10,45920,960,387.6318,339048.63,7088.12,4,5,0.002643,0.10835,0.399,0.0874,1686,968,853,1318,0.001082,0.001651,0.000789,112,96,0,86,78,55,0,0,0,0,1,Worm
icmp,-,RST,1.2114,749,23,146804,46,637.2855,969492.88,303.78,41,7,0.001617,0.052669,0.1719,0.0529,1444,453,317,3959,0.009133,0.002891,0.004116,196,2,0,127,28,24,0,0,7,0,1,Generic
tcp,-,CON,1.1415,60,11,40275,6292,93.29745,225806.1,44095.96,47,0,0.019,0.1038,0.0028,0.009,51561,2429831,3984256,12052,0.0578,0.0628,0.0545,537,572,1,2827,1,4,0,0,1,0,0,Normal
tcp,dns,INT,2.7858,32,52,4160,26728,45.2301,9557.21,76756.31,0,20,0.0871,0.0536,0.0158,0.0022,58218,7303275,7963261,64746,0.0496,0.0777,0.0784,104,514,1,4418,3,2,0,0,1,0,0,Normal
udp,dns,INT,1.4497,3,6,307,4302,9.312149999999999,1357.51,23739.9,0,3,0.4832,0.2416,0.0093,0.0006,40392,3606386,568921,24445,0.1436,0.0217,0.085,82,717,1,4930,1,4,0,0,0,0,0,Normal
tcp,dns,INT,2.5213,8,43,2830,3225,30.341099999999997,7183.52,10232.71,0,33,0.3152,0.0586,0.0082,0.0051,50541,7238299,6696207,47485,0.077,0.0515,0.02,283,75,0,2024,4,2,0,0,0,0,0,Normal
tcp,ssl,CON,3.7997,5,8,918,264,5.13195,1547.48,555.83,0,3,0.7599,0.475,0.0068,0.0009,35226,1561437,9564599,21420,0.1786,0.0598,0.0696,147,33,2,3863,2,3,0,0,1,0,0,Normal
udp,ssl,INT,0.2347,64,29,25440,638,594.4617,693819.92,21750.05,33,0,0.0037,0.0081,0.0105,0.0154,65503,3142729,3479095,38693,0.2704,0.0963,0.0615,318,22,1,1587,1,1,0,0,0,0,0,Normal
udp,-,INT,9.5103,16,56,6920,28224,11.35605,4656.83,23741.74,0,39,0.5944,0.1698,0.0015,0.0066,29077,5227174,6847069,55380,0.1938,0.0305,0.0391,346,504,0,322,3,2,0,0,1,0,0,Normal
tcp,-,FIN,2.4922,31,46,5270,34362,46.344300000000004,13533.36,110302.0,0,14,0.0804,0.0542,0.0007,0.0025,59407,8283637,4225811,56224,0.2835,0.001,0.0944,136,747,1,2187,3,3,0,0,0,0,0,Normal
udp,ssl,CON,7.2803,49,48,35157,18000,19.98555,30906.59,19779.52,1,0,0.1486,0.1517,0.0157,0.0067,27893,6687697,6851518,33676,0.2037,0.0689,0.0774,574,375,0,3105,3,3,0,0,0,0,0,Normal
tcp,ssl,INT,2.9784,51,18,5673,5886,34.7505,12191.88,15809.96,32,0,0.0584,0.1655,0.0148,0.0104,56330,233815,6059189,17027,0.15,0.0917,0.0468,89,327,1,2310,1,4,0,0,1,0,0,Normal
tcp,dns,INT,3.0511,49,51,11515,17085,49.1628,24154.0,44797.12,0,1,0.0623,0.0598,0.0018,0.0128,50289,9101199,7901950,37108,0.2079,0.0023,0.0912,188,335,2,1191,4,1,0,0,0,0,0,Normal
udp,http,CON,8.6913,62,49,31852,2499,19.1571,23455.12,2300.23,11,0,0.1402,0.1774,0.0128,0.0088,61920,2499043,2639300,54392,0.1268,0.0023,0.0412,411,51,1,4232,3,3,0,0,0,0,0,Normal
udp,dns,FIN,8.8138,68,24,24055,12576,15.657150000000001,17467.11,11414.8,43,0,0.1296,0.3672,0.0021,0.0198,57125,5031733,6344869,54470,0.0616,0.0855,0.0678,283,524,2,4644,2,1,0,0,0,0,0,Normal
udp,dns,INT,0.4247,49,8,17272,2384,201.31439999999998,260281.79,44906.05,39,0,0.0087,0.0531,0.016,0.0196,48699,1309842,7696820,11783,0.0429,0.0837,0.0842,282,298,1,2042,4,4,0,0,0,0,0,Normal
tcp,ssh,REQ,1.3928,318,18,51198,1512,241.2467,294079.71,8684.88,36,4,0.00438,0.077376,0.3815,0.0399,2616,697,780,2999,0.00039,0.000842,0.001092,161,84,1,170,91,46,0,0,6,0,1,Analysis
udp,ssl,CON,0.2413,56,0,24010,0,348.1203,636827.99,0.0,56,0,0.0043,0.2413,0.0007,0.0071,31216,2544920,9060627,30954,0.1568,0.0866,0.064,343,0,0,2582,2,3,0,0,1,0,0,Normal
tcp,-,CON,0.0319,173,6,31659,540,5606.4372,7932701.51,135306.19,30,2,0.000185,0.005321,0.1388,0.072,3309,322,867,515,0.006448,0.003714,0.001814,183,90,1,138,60,46,0,0,3,0,1,Generic
udp,dns,CON,2.6679,24,59,12240,39412,46.66635,29362.71,118182.5,0,33,0.1112,0.0452,0.0047,0.0015,57387,976314,1485445,16261,0.2423,0.026,0.0362,408,668,0,2744,1,2,0,0,0,0,0,Normal
icmp,ftp,REQ,0.0334,135,10,13500,210,4345.6116,3236731.39,50349.15,40,8,0.000247,0.003337,0.4649,0.039,2510,247,257,231,0.000879,0.002775,0.002189,100,21,1,170,84,26,0,0,4,0,1,Worm
tcp,dns,CON,3.4203,60,8,8400,2896,29.8221,15718.02,6773.72,51,0,0.057,0.4275,0.0104,0.0007,50549,1262672,2852118,31587,0.2812,0.0667,0.0248,112,362,0,1607,2,4,0,0,0,0,0,Normal
udp,http,CON,9.0828,41,28,5330,18452,11.395199999999999,3755.66,16252.21,12,0,0.2215,0.3244,0.0051,0.0149,24846,8443365,8689380,32915,0.2068,0.0709,0.0302,104,659,1,4787,2,4,0,0,1,0,0,Normal
tcp,http,INT,6.3563,45,57,4668,9120,24.0708,4700.87,11478.43,0,11,0.1413,0.1115,0.0142,0.0118,14550,4992761,7593127,11078,0.1993,0.0616,0.0358,83,160,0,3028,3,3,0,0,1,0,0,Normal
tcp,http,INT,9.7425,42,34,4357,15844,11.701350000000001,2862.5,13010.18,8,0,0.232,0.2865,0.0098,0.0036,56475,6523917,7322498,11295,0.2246,0.0299,0.0285,83,466,2,1635,3,4,0,0,0,0,0,Normal
tcp,ssl,INT,1.7992,74,12,4255,3132,71.69835,15135.57,13926.15,61,0,0.0243,0.1499,0.017,0.0189,26375,2564577,5052836,22165,0.0288,0.0412,0.0495,46,261,1,4458,2,3,0,0,1,0,0,Normal
tcp,dns,CON,0.9839,40,27,24600,5103,102.14955,160024.25,41494.09,13,0,0.0246,0.0364,0.0153,0.0036,42754,1527555,1336188,19824,0.1045,0.0863,0.0104,492,189,0,4108,3,3,0,0,1,0,0,Normal
udp,dns,CON,0.4325,72,30,11340,11280,353.7165,167786.44,208623.35,40,0,0.006,0.0144,0.0117,0.0074,37184,5084904,8002714,61056,0.1012,0.0517,0.096,126,376,1,2352,4,3,0,0,1,0,0,Normal
udp,-,FIN,9.2094,8,39,3210,10257,7.6552500000000006,2230.76,8910.02,0,30,1.1512,0.2361,0.0064,0.0044,61701,1652966,9191617,13597,0.0699,0.032,0.0555,321,263,1,2287,3,3,0,0,0,0,0,Normal
tcp,-,INT,3.9678,18,23,6390,9890,15.4998,10306.98,19940.55,0,5,0.2204,0.1725,0.0051,0.0001,18972,7466777,9077481,8957,0.1646,0.061,0.0619,284,430,0,2308,4,1,0,0,0,0,0,Normal
udp,dns,FIN,7.0273,62,40,33170,11360,21.772199999999998,30209.09,12932.44,22,0,0.1133,0.1757,0.0053,0.0007,5145,593845,8234650,2899,0.2144,0.0632,0.0548,428,284,2,619,2,2,0,0,1,0,0,Normal
tcp,dns,FIN,6.551,7,50,4278,18450,13.051350000000001,4180.11,22530.82,0,42,0.9359,0.131,0.0127,0.0069,7220,3713436,2035462,37720,0.0246,0.0064,0.0033,489,369,2,1186,4,2,0,0,1,0,0,Normal
tcp,ssl,CON,0.449,57,15,8478,10620,240.55964999999998,120867.83,189240.21,41,0,0.0079,0.0299,0.0107,0.0154,30884,4811562,4117447,56175,0.1783,0.014,0.0759,119,708,2,1804,3,4,0,0,0,0,0,Normal
tcp,dns,INT,8.5894,4,23,2785,16974,4.7151000000000005,2075.12,15809.26,0,18,2.1473,0.3735,0.0003,0.0018,26498,1153560,5348354,62657,0.2992,0.0376,0.0559,557,738,2,3540,4,2,0,0,1,0,0,Normal
icmp,-,REQ,0.0657,477,11,88245,462,7433.2345,10753209.42,56297.61,48,1,0.000138,0.005968,0.283,0.0927,1806,501,31,1731,0.009318,0.000767,0.000962,185,42,1,159,50,48,0,0,5,0,1,DoS
udp,ssh,RST,0.5943,429,17,26598,782,750.4621,358041.11,10526.66,33,0,0.001385,0.034959,0.2189,0.0334,706,220,994,327,0.001453,0.004945,0.003221,62,46,1,79,65,48,1,0,3,1,1,Backdoor
tcp,ssl,FIN,5.8994,68,49,22950,10927,29.74875,24897.47,14817.79,18,0,0.0868,0.1204,0.0034,0.0198,54284,6966964,1627390,31890,0.1355,0.03,0.085,270,223,1,3984,2,1,0,0,0,0,0,Normal
udp,-,INT,6.5957,71,19,10472,13471,20.467950000000002,10161.82,16339.21,52,0,0.0929,0.3471,0.0124,0.0027,57105,5031269,209637,52742,0.0762,0.0114,0.0502,118,709,0,2065,1,2,0,0,0,0,0,Normal
tcp,dns,FIN,8.027,43,42,28917,25872,15.883949999999999,23056.31,25785.12,1,0,0.1867,0.1911,0.0191,0.0072,34844,8520824,7136616,56312,0.2754,0.0113,0.01,538,616,0,3259,1,3,0,0,0,0,0,Normal
tcp,-,FIN,0.3889,16,1,5660,28,65.57385,93150.77,576.02,14,0,0.0243,0.3889,0.0019,0.0154,23897,5155336,6083638,53414,0.0196,0.0833,0.0712,283,28,0,2649,1,3,0,0,1,0,0,Normal
tcp,ssl,INT,0.3986,41,42,10198,16506,312.34245,163752.77,331278.74,0,1,0.0097,0.0095,0.013,0.0022,30728,4200313,9268706,56713,0.1813,0.0322,0.0113,199,393,2,503,2,4,0,0,1,0,0,Normal
udp,http,CON,1.8843,34,53,1870,34344,69.25545,6351.34,145809.05,0,17,0.0554,0.0356,0.0088,0.0104,45736,7251215,2660129,1494,0.2396,0.0755,0.051,44,648,2,133,2,1,0,0,0,0,0,Normal
udp,-,RST,0.906,598,26,49634,2158,688.7347,438264.86,19054.99,24,8,0.001515,0.034847,0.4612,0.0508,1045,990,428,1420,0.00013,2.1e-05,0.000124,83,83,0,101,30,31,0,0,5,1,1,DoS
udp,ssl,FIN,9.0328,50,21,22437,1176,11.79045,15897.66,1041.54,27,0,0.1807,0.4301,0.0131,0.0087,61571,2312188,156615,34400,0.1613,0.0827,0.0689,359,56,2,775,4,1,0,0,0,0,0,Normal
tcp,-,INT,1.8215,65,31,34206,7471,79.05705,120188.66,32813.06,32,0,0.028,0.0588,0.0054,0.0133,36997,5306676,4065494,8506,0.2826,0.0733,0.0717,421,241,2,1210,2,3,0,0,0,0,0,Normal
udp,dns,INT,4.6096,61,33,19062,18051,30.58815,26466.28,31327.4,28,0,0.0756,0.1397,0.0023,0.0028,38078,3642111,3526692,29019,0.0167,0.0628,0.0819,250,547,2,463,1,2,0,0,0,0,0,Normal
udp,-,INT,3.7585,2,42,160,16380,17.56005,272.45,34864.67,0,38,1.8793,0.0895,0.0021,0.0166,26008,2949992,9755780,26943,0.026,0.0896,0.084,64,390,2,4305,3,3,0,0,1,0,0,Normal
tcp,-,INT,9.8751,79,5,25477,2025,12.75945,16511.91,1640.5,72,0,0.125,1.975,0.0103,0.0011,27301,6070844,5839208,21921,0.1876,0.0513,0.0019,258,405,0,3891,1,1,0,0,1,0,0,Normal
udp,ftp,REQ,1.3232,763,3,106057,24,578.9086,641225.19,145.11,44,0,0.001734,0.44106,0.1011,0.0141,2915,870,962,2116,0.001916,0.003134,0.000566,139,8,1,131,65,12,0,0,7,0,1,Analysis
udp,ssh,REQ,1.2711,215,23,27305,2070,187.2373,171849.25,13027.94,6,5,0.005912,0.055266,0.3336,0.0731,50,569,599,1029,0.005071,0.000166,0.00358,127,90,1,130,65,23,0,0,6,0,1,Analysis
udp,http,CON,0.4937,49,45,18803,33570,285.59835,243759.19,543973.67,3,0,0.0101,0.011,0.0028,0.0021,40805,9458756,941402,45787,0.2293,0.0585,0.0474,307,746,1,2859,3,4,0,0,0,0,0,Normal
tcp,-,CON,5.9936,31,27,10811,11718,14.5155,11544.33,15640.71,4,0,0.1933,0.222,0.0133,0.0067,41389,2633219,150875,33719,0.2908,0.0323,0.0807,279,434,2,3157,2,2,0,0,1,0,0,Normal
udp,http,INT,0.7561,75,3,13312,498,154.73205000000002,112676.65,5268.82,72,0,0.0101,0.252,0.0077,0.0064,63672,2773398,1749106,7183,0.297,0.0381,0.0698,142,166,0,1409,1,4,0,0,0,0,0,Normal
tcp,http,CON,4.891,8,29,3750,15138,11.347349999999999,4906.94,24760.41,0,19,0.6114,0.1687,0.0095,0.0099,62677,5150667,5166722,26165,0.1977,0.016,0.0318,375,522,1,2718,4,4,0,0,1,0,0,Normal
tcp,dns,INT,7.949,19,49,10758,29694,12.831750000000001,8662.17,29884.34,0,30,0.4184,0.1622,0.0196,0.0132,57975,7835144,6959098,12196,0.1428,0.0574,0.0268,453,606,0,3622,1,1,0,0,1,0,0,Normal
tcp,ssl,CON,9.6514,55,27,25093,2079,12.744299999999999,16640.07,1723.27,28,0,0.1755,0.3575,0.0049,0.0096,9970,626975,1429805,50389,0.0016,0.075,0.0663,365,77,0,714,2,4,0,0,1,0,0,Normal
udp,ssl,INT,0.9389,77,58,55825,39324,215.6757,380526.44,335060.94,18,0,0.0122,0.0162,0.0083,0.0051,8784,8772727,8838829,36419,0.0712,0.0555,0.0912,580,678,2,1149,2,2,0,0,0,0,0,Normal
udp,-,FIN,8.0008,17,27,11921,945,8.249099999999999,9535.99,944.9,0,10,0.4706,0.2963,0.0176,0.0134,61202,7711179,4706698,4469,0.2376,0.0134,0.0594,561,35,2,2638,2,4,0,0,0,0,0,Normal
icmp,-,INT,0.4125,564,10,109980,400,1391.4545,2132852.45,7757.24,23,2,0.000731,0.041252,0.0991,0.0362,747,716,324,769,0.001402,0.003189,0.000723,195,40,0,42,59,11,0,0,8,0,1,DoS
tcp,http,CON,0.4089,574,20,31570,1820,1452.7718,617697.06,35610.03,9,5,0.000712,0.020444,0.3442,0.0129,808,206,74,3782,0.00819,0.004492,0.002324,55,91,1,93,61,13,0,0,6,0,1,Reconnaissance
tcp,ssl,FIN,1.0249,21,10,12783,1780,45.36975,79827.26,13893.86,11,0,0.0488,0.1025,0.0133,0.0066,61019,7547564,6726092,29835,0.1011,0.0285,0.0413,487,178,1,623,4,4,0,0,0,0,0,Normal
tcp,dns,INT,8.6335,29,37,16276,5550,11.466899999999999,12065.57,5142.76,0,7,0.2977,0.2333,0.0101,0.0081,41998,8929272,7279204,44826,0.2442,0.0371,0.0449,449,150,1,2929,3,1,0,0,0,0,0,Normal
icmp,ssh,INT,0.2081,257,26,14906,208,1359.8662,573008.22,7995.82,8,8,0.00081,0.008004,0.2811,0.0429,276,593,834,3196,0.003626,0.001821,0.003979,58,8,0,33,55,66,0,0,6,1,1,Worm
tcp,http,CON,2.5957,64,31,19920,11036,54.89835,49114.98,34013.11,31,0,0.0406,0.0837,0.0183,0.0072,23907,4919353,3931283,23847,0.2916,0.0297,0.0027,249,356,1,4739,1,4,0,0,1,0,0,Normal
tcp,ssh,INT,0.2345,648,12,64800,576,2814.2,2210426.18,19648.23,49,9,0.000362,0.019544,0.1732,0.0886,1954,110,21,1848,0.001856,0.001978,0.004878,100,48,0,151,93,49,0,0,5,0,1,Worm
tcp,dns,INT,6.4918,32,42,23400,21420,17.098499999999998,23069.17,26396.46,0,10,0.2029,0.1546,0.0165,0.0051,63048,3285488,1786622,4087,0.1465,0.0702,0.0887,585,510,0,552,4,4,0,0,1,0,0,Normal
udp,ssh,INT,0.1837,574,24,25830,1992,3254.6614,1124654.22,86732.92,23,7,0.00032,0.007656,0.1932,0.0277,1875,97,608,3546,0.0024,0.000719,0.001609,45,83,1,84,71,44,0,0,4,0,1,Analysis
udp,-,CON,7.2368,62,5,38052,2920,13.8873,33652.28,3227.93,55,0,0.1167,1.4474,0.0005,0.0161,60266,453252,2564199,9253,0.184,0.0068,0.0004,491,584,1,4551,2,1,0,0,1,0,0,Normal
udp,dns,CON,4.6561,53,53,11395,30422,34.1487,15662.87,52270.26,0,0,0.0879,0.0879,0.0093,0.0105,25782,1463920,8649102,55202,0.0348,0.0231,0.022,172,574,1,4540,4,3,0,0,0,0,0,Normal
tcp,http,INT,6.5909,28,9,15155,5733,8.4207,14716.1,6958.71,18,0,0.2354,0.7323,0.0,0.0086,16852,1183302,4634674,21738,0.2087,0.0105,0.0968,433,637,2,3724,4,1,0,0,1,0,0,Normal
udp,http,CON,3.1055,4,4,1815,2468,3.8641499999999995,3740.46,6357.75,0,0,0.7764,0.7764,0.0027,0.0011,23780,6104620,601849,41269,0.2543,0.0391,0.0256,363,617,1,2743,4,4,0,0,0,0,0,Normal
tcp,ssh,REQ,0.7674,374,2,64702,78,489.9369,674465.92,813.09,10,6,0.002052,0.383723,0.2825,0.0506,3131,696,887,755,0.004074,0.004239,0.002135,173,39,1,47,90,26,0,0,0,0,1,Botnet
udp,ssh,CON,0.0737,568,1,84632,74,7725.4326,9192531.57,8037.71,16,7,0.00013,0.073653,0.2746,0.038,1468,219,652,223,0.00537,0.000974,0.002269,149,74,1,146,76,54,0,0,0,0,1,Worm
tcp,http,INT,7.529,35,21,23187,16380,11.15685,19710.4,17404.65,12,0,0.2151,0.3585,0.0119,0.0015,34352,3400698,5941120,54134,0.0824,0.044,0.0646,530,780,0,1277,2,1,0,0,1,0,0,Normal
udp,http,INT,3.3878,58,9,25882,2781,29.665200000000002,48895.28,6567.07,49,0,0.0584,0.3764,0.0098,0.011,40739,2976151,8240118,23223,0.1362,0.0019,0.0852,357,309,0,3551,3,2,0,0,0,0,0,Normal
tcp,-,CON,1.6764,4,22,2460,10626,23.26365,9391.35,50707.54,0,16,0.4191,0.0762,0.0099,0.0153,47284,2944728,278124,50150,0.2658,0.028,0.019,492,483,2,568,4,1,0,0,1,0,0,Normal
tcp,-,FIN,3.1393,71,14,22098,2058,40.6143,45052.2,5244.49,56,0,0.0442,0.2242,0.0155,0.0122,50505,6096251,1042906,48197,0.0507,0.0083,0.0891,249,147,0,4511,4,4,0,0,1,0,0,Normal
tcp,-,INT,5.4509,68,39,33320,4368,29.444699999999997,39121.58,6410.68,28,0,0.0802,0.1398,0.0131,0.0051,41762,2989164,635077,36718,0.2727,0.0517,0.0633,392,112,0,2038,1,1,0,0,1,0,0,Normal
tcp,ssl,FIN,4.563,59,40,28836,27840,32.54445,40445.45,48810.15,17,0,0.0773,0.1141,0.0089,0.0056,47833,582456,8498438,19626,0.1921,0.0241,0.0978,391,696,1,4886,4,1,0,0,0,0,0,Normal
tcp,http,FIN,8.2552,6,11,615,2123,3.0889499999999996,476.79,2057.38,0,4,1.3759,0.7505,0.0156,0.0085,5635,5891108,3548377,22321,0.0341,0.0365,0.091,82,193,1,3532,2,1,0,0,0,0,0,Normal
tcp,dns,FIN,4.233,58,19,17255,15010,27.28575,26088.52,28367.77,39,0,0.073,0.2228,0.0174,0.0024,41758,9964487,1863384,55122,0.0136,0.0709,0.0784,238,790,0,2911,2,4,0,0,0,0,0,Normal
tcp,ssl,INT,0.1194,35,9,10456,5508,552.8443500000001,560550.65,369098.98,24,0,0.0034,0.0133,0.0194,0.0056,9661,1403904,7151318,5566,0.0343,0.0319,0.0874,239,612,2,1397,2,2,0,0,0,0,0,Normal
udp,-,REQ,0.1181,572,29,46332,783,5088.327,3138134.64,53033.74,46,8,0.000206,0.004073,0.4529,0.0451,2250,133,361,1065,0.000682,0.002899,0.002101,81,27,0,83,23,38,0,0,6,0,1,Generic
tcp,ftp,REQ,0.5413,267,16,33375,496,522.8245,493265.48,7330.63,2,1,0.002027,0.033831,0.4474,0.0103,1821,11,348,2415,0.007568,0.000229,0.003317,125,31,0,133,38,67,0,0,3,0,1,Botnet
udp,-,FIN,8.8586,13,57,1413,26676,11.85285,1021.38,24090.54,0,43,0.6814,0.1554,0.0018,0.019,26860,8625792,6639628,64613,0.0781,0.0423,0.0882,87,468,1,1905,3,4,0,0,1,0,0,Normal
udp,ssl,CON,2.4822,23,13,9142,10335,21.754649999999998,23572.33,33308.73,9,0,0.1079,0.1909,0.0198,0.0056,40419,5985520,246277,20147,0.2744,0.0695,0.05,318,795,1,4307,4,1,0,0,1,0,0,Normal
udp,-,INT,1.4985,236,16,13452,608,168.1683,71815.86,3245.91,39,5,0.00635,0.093656,0.039,0.0093,2963,875,504,1744,0.009029,0.00157,0.003584,57,38,0,0,35,45,0,0,7,0,1,Generic
tcp,http,REQ,0.6465,290,2,47270,50,451.65,584917.68,618.7,6,8,0.002229,0.323259,0.3948,0.0858,636,495,54,3931,0.003495,0.004033,0.003784,163,25,0,161,47,76,0,0,9,1,1,Exploit
udp,ssl,INT,4.6042,50,1,31500,599,16.6152,43786.09,1040.79,47,0,0.0921,4.6042,0.018,0.008,57409,7226018,5238223,12075,0.1781,0.0163,0.0978,504,599,2,730,1,3,0,0,1,0,0,Normal
udp,dns,INT,7.4886,79,6,26761,3642,17.026049999999998,22871.18,3890.74,71,0,0.0948,1.2481,0.0135,0.0078,38398,1874277,7435073,34416,0.2089,0.0245,0.0955,271,607,1,99,4,3,0,0,0,0,0,Normal
tcp,http,FIN,5.8829,39,29,17111,19111,17.33835,18615.29,25988.52,9,0,0.1508,0.2029,0.0002,0.016,496,2383348,6662500,6767,0.1906,0.0528,0.0843,351,659,1,246,4,4,0,0,0,0,0,Normal
udp,-,FIN,2.3689,18,32,2587,8992,31.660649999999997,6990.66,30367.17,0,12,0.1316,0.074,0.0076,0.0179,17934,3490779,7997142,5123,0.1952,0.0669,0.0943,115,281,2,2485,1,2,0,0,0,0,0,Normal
tcp,http,FIN,2.0791,18,4,11722,2716,15.871950000000002,36084.01,10450.43,14,0,0.1155,0.5198,0.0179,0.002,33126,108180,1691917,62603,0.0197,0.0781,0.0345,521,679,2,3010,2,1,0,0,1,0,0,Normal
tcp,-,INT,7.0766,32,25,15600,350,12.08205,14108.38,395.67,6,0,0.2211,0.2831,0.0134,0.0091,1074,4560509,9069695,30609,0.2638,0.0757,0.0006,390,14,1,2217,1,1,0,0,0,0,0,Normal
udp,-,INT,6.6397,39,4,23497,476,9.714300000000001,22649.15,573.52,35,0,0.1702,1.6599,0.0007,0.0061,26324,1974216,9400153,51639,0.2605,0.0592,0.0286,482,119,2,2241,1,3,0,0,1,0,0,Normal
tcp,ssl,CON,5.9973,77,24,34650,12696,25.26135,36976.57,16935.59,51,0,0.0779,0.2499,0.0101,0.0195,21456,3135555,5367121,17426,0.2315,0.012,0.005,360,529,1,1219,3,1,0,0,0,0,0,Normal
udp,-,FIN,2.9067,71,40,23075,15440,57.2808,50806.18,42494.44,31,0,0.0409,0.0727,0.0127,0.002,47675,2769315,8283187,9412,0.222,0.0272,0.0492,260,386,2,818,2,1,0,0,1,0,0,Normal
udp,ssl,FIN,0.6464,27,6,17617,2292,76.5813,174438.43,28367.59,21,0,0.0239,0.1077,0.0021,0.0039,64288,4619327,8596333,14470,0.0662,0.0009,0.0384,522,382,2,1257,2,3,0,0,1,0,0,Normal
tcp,http,INT,0.2594,68,37,39355,4477,607.1859,971004.09,138076.02,31,0,0.0038,0.007,0.0075,0.0093,47258,8476020,5976208,50122,0.0894,0.0047,0.0954,463,121,2,1395,4,1,0,0,0,0,0,Normal
tcp,ftp,RST,0.9502,241,29,34704,1624,284.1527,292184.71,13673.0,35,8,0.003943,0.032765,0.2916,0.0305,3822,12,331,330,0.003184,1.7e-05,0.002112,144,56,1,68,44,70,0,0,2,0,1,DoS
tcp,http,FIN,9.2471,75,17,47156,10608,14.923649999999999,32637.28,9177.37,58,0,0.1233,0.5439,0.0156,0.0124,37808,7422292,7236383,9535,0.023,0.0588,0.0151,503,624,0,2254,2,4,0,0,0,0,0,Normal
udp,ssl,INT,6.2483,12,9,720,5022,5.0413499999999996,737.48,6429.89,1,0,0.5207,0.6943,0.0135,0.0081,7193,3565714,3961876,7941,0.1256,0.0757,0.0844,48,558,2,4226,3,4,0,0,1,0,0,Normal
udp,dns,FIN,0.9586,39,58,7995,24244,151.77615,53375.12,202318.06,0,18,0.0246,0.0165,0.0146,0.0127,41330,8133529,7938024,19783,0.069,0.0521,0.0543,164,418,0,2225,1,1,0,0,0,0,0,Normal
udp,http,REQ,0.5234,736,3,83904,99,1411.9048,1282429.86,1513.16,49,8,0.000711,0.174469,0.1094,0.0743,673,789,504,2720,0.002961,0.000934,0.002392,114,33,0,197,32,28,0,0,3,0,1,Botnet
tcp,-,RST,1.4236,163,27,9128,1647,133.465,51295.52,9255.45,27,7,0.008734,0.052726,0.3305,0.0118,2928,597,210,2576,0.003435,0.004904,0.001945,56,61,0,5,60,11,0,0,5,1,1,Reconnaissance
tcp,http,CON,6.43,2,49,195,20237,11.897400000000001,194.09,25178.36,0,46,3.215,0.1312,0.0087,0.0035,55919,266509,2875367,61562,0.2646,0.0574,0.0383,78,413,1,1689,2,4,0,0,1,0,0,Normal
tcp,dns,FIN,1.7706,44,11,22000,671,46.5936,79519.84,3031.69,31,0,0.0402,0.161,0.0139,0.0,59973,9107462,2550181,31740,0.0093,0.0457,0.0082,400,61,1,2323,3,3,0,0,0,0,0,Normal
udp,ssh,INT,0.6111,616,17,80080,340,1035.9109,1048413.86,4451.31,33,6,0.000992,0.035944,0.3234,0.075,3284,280,414,888,0.003475,0.003039,0.000734,130,20,1,192,57,54,0,0,5,0,1,Analysis
udp,-,CON,1.6018,8,5,2810,45,12.174,11227.57,224.75,1,0,0.2002,0.3204,0.0191,0.0195,19644,6207802,7682777,51360,0.0619,0.0239,0.0058,281,9,2,4291,2,1,0,0,1,0,0,Normal
tcp,http,RST,0.7375,355,20,51830,1100,508.4439,562189.84,11931.48,27,7,0.002078,0.036877,0.3605,0.0782,2982,74,846,3797,0.001053,0.003671,0.004802,146,55,0,61,70,76,0,0,4,1,1,DoS
tcp,dns,INT,1.4198,68,7,31620,2870,79.2384,142536.09,16171.67,61,0,0.0209,0.2028,0.008,0.0049,889,8300371,1987745,64395,0.1811,0.0076,0.0939,372,410,2,1046,1,1,0,0,0,0,0,Normal
tcp,dns,CON,6.9507,18,24,12870,18240,9.0639,11850.38,20993.68,0,4,0.3861,0.2896,0.0021,0.0057,26869,5176046,3308444,54111,0.0709,0.0917,0.0613,572,760,0,3598,2,2,0,0,0,0,0,Normal
icmp,ssh,INT,0.7798,302,29,26274,1421,424.477,269551.89,14578.41,24,0,0.002582,0.026889,0.0503,0.0111,1411,753,80,78,0.004996,0.003836,0.000838,87,49,0,37,57,64,0,0,7,0,1,DoS
tcp,dns,INT,4.3833,37,31,22570,651,23.269949999999998,32953.81,1188.13,5,0,0.1185,0.1414,0.0107,0.0042,57887,3708328,1417942,21309,0.0844,0.0131,0.0004,488,21,1,3562,2,1,0,0,0,0,0,Normal
udp,ssl,FIN,8.3635,28,43,1400,28423,12.73395,1071.33,27187.8,0,13,0.2987,0.1945,0.01,0.001,48307,6827975,5636686,1379,0.0936,0.002,0.087,40,661,2,1737,2,1,0,0,0,0,0,Normal
tcp,http,RST,0.1718,309,26,51912,0,1950.3079,2417776.3,0.0,7,8,0.000556,0.006606,0.0619,0.0562,909,59,496,2991,0.002696,0.004205,0.00485,168,0,1,81,68,57,0,0,9,1,1,DoS
tcp,-,INT,1.193,57,44,30067,14564,126.99300000000001,161303.72,97664.73,13,0,0.0209,0.0271,0.0056,0.0124,40704,9371979,5018954,40977,0.0382,0.0107,0.0923,422,331,0,2343,2,4,0,0,0,0,0,Normal
udp,dns,FIN,6.993,73,6,36773,2886,16.94565,33655.49,3301.6,67,0,0.0958,1.1655,0.0157,0.0061,20694,6864163,8225981,62179,0.0203,0.091,0.0637,403,481,1,190,4,4,0,0,0,0,0,Normal
icmp,-,CON,1.456,79,7,14536,175,59.0665,79868.85,961.55,33,4,0.01843,0.207998,0.2034,0.0568,1500,75,80,1154,0.009514,0.001727,0.004642,184,25,1,61,98,26,1,0,6,1,1,Backdoor
tcp,http,FIN,5.8408,39,57,15161,11172,24.6543,16612.88,15302.09,0,16,0.1498,0.1025,0.0177,0.015,11672,495425,8100183,36812,0.2821,0.0059,0.0009,311,196,2,3217,2,4,0,0,1,0,0,Normal
udp,http,CON,7.8397,12,33,5910,3333,8.61,4824.7,3401.17,0,20,0.6533,0.2376,0.0153,0.0018,25637,5131555,4877170,58534,0.0476,0.0739,0.096,394,101,1,2578,3,1,0,0,0,0,0,Normal
udp,http,FIN,2.1318,57,46,33416,5750,72.4749,100322.05,21578.27,10,0,0.0374,0.0463,0.0075,0.0027,33074,8363653,2471608,22544,0.1085,0.0602,0.072,469,125,2,1431,3,3,0,0,0,0,0,Normal
tcp,ssl,FIN,5.2011,69,40,35621,19000,31.4355,43832.0,29224.41,29,0,0.0754,0.13,0.0108,0.0088,25637,4847715,5069718,62731,0.2939,0.0787,0.0131,413,475,1,814,2,4,0,0,1,0,0,Normal
tcp,-,INT,6.3372,39,47,3461,34874,20.35605,3495.57,44024.68,0,6,0.1625,0.1348,0.0009,0.0119,32786,312035,9434951,42796,0.2386,0.0669,0.0268,71,742,1,3821,3,1,0,0,0,0,0,Normal
tcp,http,CON,5.6862,5,31,1956,3534,9.49665,2201.83,4972.05,0,24,1.1372,0.1834,0.0016,0.0181,29065,143379,4594643,41170,0.1563,0.0776,0.0225,313,114,0,3697,2,3,0,0,1,0,0,Normal
tcp,http,INT,2.969,66,14,6600,8932,40.41825,14227.23,24067.74,51,0,0.045,0.2121,0.0044,0.0064,32249,3971292,943834,802,0.0777,0.0545,0.0917,80,638,1,1810,1,1,0,0,1,0,0,Normal
udp,http,INT,9.57,41,54,19218,3024,14.8902,12852.63,2527.89,0,13,0.2334,0.1772,0.0019,0.0041,55993,4431862,7151577,41622,0.0644,0.0577,0.0229,375,56,0,3603,3,3,0,0,1,0,0,Normal
icmp,http,INT,1.2349,328,16,25912,1296,278.5555,167858.86,8395.53,31,6,0.003765,0.077184,0.0543,0.0384,2473,771,334,2688,0.005692,0.000192,0.003781,79,81,0,81,59,55,0,0,7,1,1,DoS
udp,dns,INT,2.397,42,15,24465,10920,35.66925,65321.16,36445.28,26,0,0.0571,0.1598,0.0146,0.012,24127,5153774,6069798,50456,0.0024,0.0262,0.0177,466,728,0,2807,1,3,0,0,0,0,0,Normal
tcp,ssl,FIN,3.1426,48,35,7800,19250,39.6171,15885.05,49004.37,12,0,0.0655,0.0898,0.0067,0.0033,704,9235304,8766100,38539,0.08,0.0897,0.0449,130,550,2,4994,1,4,0,0,1,0,0,Normal
udp,ssl,FIN,6.1856,46,3,2702,1275,11.8824,2796.17,1648.99,41,0,0.1345,2.0619,0.0108,0.0167,47085,303178,6326796,39164,0.1439,0.06,0.0904,47,425,0,1809,4,4,0,0,0,0,0,Normal
udp,http,REQ,0.0211,325,19,40300,1843,16319.6838,15294959.43,699469.24,27,9,6.5e-05,0.001109,0.3789,0.058,2381,115,119,1838,0.007489,0.00186,0.003664,124,97,1,74,27,14,0,0,5,0,1,Exploit
tcp,dns,CON,1.7781,20,17,5500,12801,31.21365,19796.76,57595.07,2,0,0.0889,0.1046,0.0175,0.0025,24164,9695019,4245770,8437,0.1702,0.0337,0.0989,220,753,2,954,2,3,0,0,1,0,0,Normal
tcp,dns,FIN,8.5347,42,47,15382,10669,15.64215,11535.08,10000.63,0,4,0.2032,0.1816,0.0088,0.0068,11989,3797576,302395,28971,0.2215,0.0469,0.0818,293,227,2,616,1,3,0,0,1,0,0,Normal
tcp,ssl,FIN,9.5331,15,12,9112,1932,4.2482999999999995,6117.64,1621.3,2,0,0.6355,0.7944,0.0089,0.0054,52617,8011503,6049111,1037,0.1647,0.0003,0.0481,486,161,1,2039,1,3,0,0,0,0,0,Normal
tcp,ssl,CON,2.081,53,49,22193,33810,73.5219,68255.27,129975.25,2,0,0.0393,0.0425,0.0005,0.005,42656,8469982,1259031,18574,0.1978,0.0932,0.0817,335,690,1,2111,4,3,0,0,1,0,0,Normal
udp,ssl,CON,7.8899,57,56,5557,38864,21.4833,4508.06,39406.48,0,0,0.1384,0.1409,0.0012,0.002,1993,6910030,4841730,46903,0.0473,0.0234,0.0783,78,694,2,2184,3,4,0,0,1,0,0,Normal
udp,dns,FIN,1.7856,33,1,7878,222,28.562549999999998,28240.04,994.65,30,0,0.0541,1.7856,0.0085,0.0028,60634,824611,8166795,2838,0.1207,0.0111,0.0908,191,222,2,4884,2,2,0,0,0,0,0,Normal
tcp,ssl,CON,5.5449,78,9,44752,6147,23.535149999999998,51654.03,8868.7,69,0,0.0711,0.6161,0.0134,0.0183,33884,7083270,503487,29679,0.2298,0.0424,0.0741,459,683,1,2312,3,4,0,0,1,0,0,Normal
tcp,ssh,CON,0.9653,654,8,92868,16,685.7742,769625.15,132.6,9,4,0.001476,0.120667,0.1434,0.0121,2678,972,541,2465,0.000436,0.004218,0.00375,142,2,1,2,97,30,0,0,2,0,1,Botnet
icmp,ssh,REQ,0.9711,323,8,31977,432,340.842,263422.44,3558.76,30,3,0.003007,0.121391,0.3882,0.0222,3099,599,744,3494,1.5e-05,0.001611,0.000177,99,54,0,123,35,61,0,0,3,1,1,Shellcode
icmp,ssh,RST,0.0135,161,28,11431,224,14042.2427,6794365.15,133141.26,8,8,8.4e-05,0.000481,0.1885,0.0738,724,573,279,828,0.006905,0.004824,0.003987,71,8,0,92,22,15,0,1,0,1,1,Backdoor
udp,-,CON,2.1215,42,32,11392,18464,52.3224,34368.76,69627.47,10,0,0.0505,0.0663,0.0088,0.0121,54131,2127554,590414,39725,0.2379,0.0557,0.0373,217,577,0,2597,3,2,0,0,1,0,0,Normal
tcp,dns,CON,3.2701,36,39,15975,3861,34.402499999999996,31264.99,9445.55,0,1,0.0908,0.0838,0.0085,0.0079,42775,7789855,3223907,31596,0.2435,0.0559,0.017,355,99,2,3978,1,3,0,0,1,0,0,Normal
udp,dns,FIN,2.3686,1,30,576,2910,19.6317,1557.02,9828.48,0,27,2.3686,0.079,0.012,0.0019,44966,8322431,1249677,45135,0.156,0.0106,0.044,461,97,2,2936,1,4,0,0,1,0,0,Normal
udp,http,INT,4.1968,69,30,46057,21150,35.384550000000004,70237.19,40316.9,39,0,0.0608,0.1399,0.0162,0.0078,25545,3203480,1848630,21614,0.0933,0.0481,0.0692,534,705,0,3565,4,2,0,0,0,0,0,Normal
tcp,http,FIN,7.2819,10,46,6825,16836,11.535449999999999,5998.47,18496.38,0,35,0.7282,0.1583,0.0075,0.0192,39807,8453426,8010652,56676,0.1509,0.0715,0.08,546,366,1,2860,1,2,0,0,0,0,0,Normal
udp,-,INT,9.2531,23,29,8395,7511,8.429549999999999,5806.49,6493.83,0,5,0.4023,0.3191,0.0039,0.0174,655,2694841,3364439,29018,0.0008,0.0338,0.0061,292,259,2,4980,1,1,0,0,0,0,0,Normal
tcp,http,RST,0.0903,76,13,5016,910,985.6694,444415.07,80625.54,15,6,0.001188,0.006946,0.0722,0.0248,2042,137,399,1414,0.009284,0.001439,0.00279,66,70,1,139,38,13,0,0,7,1,1,Worm
tcp,-,CON,9.1692,23,53,13685,15052,12.4329,9552.0,13132.69,0,29,0.3987,0.173,0.0017,0.0073,21015,6367458,7570660,47474,0.267,0.0345,0.0788,476,284,0,869,4,4,0,0,0,0,0,Normal
icmp,ftp,RST,0.2107,482,26,62660,936,2411.1217,2379226.57,35540.31,38,8,0.000437,0.008103,0.335,0.0084,1321,988,858,2447,0.004598,0.004529,0.002545,130,36,1,166,48,27,0,0,5,1,1,DoS
tcp,dns,INT,2.6002,3,38,963,1596,23.6523,2372.15,4910.44,0,35,0.8667,0.0684,0.0029,0.0153,191,8145801,4378113,10031,0.1442,0.096,0.0222,257,42,1,840,4,2,0,0,1,0,0,Normal
tcp,ssl,INT,8.8157,62,36,5580,23040,16.67475,4050.94,20908.07,25,0,0.1422,0.2449,0.015,0.0183,1161,5323314,1507193,14399,0.1607,0.0828,0.0876,72,640,0,1697,2,4,0,0,0,0,0,Normal
udp,dns,FIN,9.831,59,1,22788,756,9.15465,14835.5,615.2,57,0,0.1666,9.831,0.0005,0.0159,25289,6954179,6912748,49913,0.1959,0.0869,0.0131,309,756,2,3850,2,3,0,0,1,0,0,Normal
icmp,ssh,REQ,1.0111,252,24,28476,744,272.9794,225314.85,5886.86,32,3,0.004012,0.042128,0.0221,0.0507,3949,526,55,1239,0.008153,0.003985,0.000548,113,31,0,158,92,40,0,0,2,1,1,DoS
udp,dns,FIN,2.6802,31,46,14570,4692,43.09365,34791.37,14004.9,0,15,0.0865,0.0583,0.0193,0.017,51246,9644608,2999954,48397,0.0489,0.0613,0.021,376,102,1,863,3,4,0,0,0,0,0,Normal
udp,-,INT,8.5459,4,24,560,18048,4.9146,419.38,16895.15,0,20,2.1365,0.3561,0.0015,0.007,58645,4429300,2019384,37105,0.2354,0.0449,0.0249,112,752,2,1679,4,1,0,0,0,0,0,Normal
udp,-,FIN,7.3466,33,23,11013,11063,11.43375,9594.58,12046.85,8,0,0.2226,0.3194,0.0077,0.0028,39192,5801903,3989120,37958,0.1621,0.0722,0.0894,267,481,2,889,3,4,0,0,1,0,0,Normal
tcp,-,REQ,0.4689,251,11,47690,1056,558.7542,813648.45,18016.62,36,3,0.001868,0.042627,0.2457,0.0285,799,544,958,1477,0.008841,0.004416,0.001583,190,96,1,115,34,48,0,0,8,1,1,Exploit
icmp,ftp,CON,0.8269,707,15,104636,15,873.1652,1012349.14,145.12,8,6,0.00117,0.055125,0.412,0.0631,1316,823,547,982,0.009829,0.004082,0.004386,148,1,1,169,43,55,0,0,1,1,1,Shellcode
udp,dns,INT,6.6866,73,56,25276,30016,28.9386,24192.91,35911.89,16,0,0.0916,0.1194,0.0001,0.0145,19992,759052,5902831,39222,0.2482,0.082,0.0217,277,536,2,3009,4,3,0,0,1,0,0,Normal
udp,ssl,INT,9.2765,73,29,14052,17748,16.49325,9695.04,15305.78,42,0,0.1271,0.3199,0.0079,0.0164,7421,7459276,945395,19068,0.0457,0.0031,0.0788,154,612,2,1104,2,1,0,0,1,0,0,Normal
udp,-,INT,2.155,49,10,24377,5050,41.06775,72397.96,18747.29,38,0,0.044,0.2155,0.0066,0.0046,49733,8583585,5355475,51989,0.0579,0.0362,0.0732,398,505,1,389,2,2,0,0,1,0,0,Normal
tcp,ftp,RST,0.2977,399,0,75810,0,1340.0717,2036908.91,0.0,42,7,0.000746,0.297745,0.1963,0.0948,3508,55,185,636,0.008086,0.00468,0.003925,190,0,0,163,77,32,0,0,3,0,1,Analysis
tcp,http,CON,2.7826,47,10,25203,300,30.7272,57969.69,862.52,36,0,0.0592,0.2783,0.0148,0.0038,32863,6640218,2712363,35835,0.0917,0.0514,0.0998,429,30,0,1665,2,1,0,0,1,0,0,Normal
tcp,ssl,INT,9.7836,60,35,15375,24710,14.565150000000001,10057.61,20205.17,24,0,0.1631,0.2795,0.0122,0.0064,6422,4795967,9878187,32750,0.0035,0.0883,0.0898,205,706,0,2878,4,1,0,0,1,0,0,Normal
icmp,ssh,INT,0.7265,635,12,121285,612,890.5806,1335568.14,6739.23,26,2,0.001144,0.060541,0.1456,0.0104,3983,653,297,1945,0.005294,0.004056,0.003912,191,51,0,160,46,55,1,2,0,0,1,Backdoor
icmp,-,INT,0.9427,69,23,9867,299,97.5947,83736.23,2537.46,16,4,0.013662,0.040986,0.35,0.0674,178,101,523,1901,0.0062,0.002468,0.004874,143,13,1,34,68,46,0,0,0,0,1,Shellcode
udp,-,FIN,6.1368,35,22,5818,15686,13.9323,6068.29,20448.37,11,0,0.1753,0.2789,0.0165,0.0063,26219,2844050,1490365,28943,0.1169,0.059,0.0567,133,713,1,4963,2,3,0,0,0,0,0,Normal
tcp,dns,INT,4.6402,63,51,23703,21420,36.851549999999996,32693.18,36929.17,11,0,0.0737,0.091,0.0199,0.0122,156,4873944,1486826,59617,0.2006,0.0088,0.0595,301,420,0,164,2,3,0,0,1,0,0,Normal
tcp,ssl,CON,0.9664,47,35,17272,1575,127.27095,114382.5,13037.52,12,0,0.0206,0.0276,0.0105,0.0078,59721,2552564,9615504,53727,0.0429,0.0967,0.0977,294,45,0,654,4,1,0,0,0,0,0,Normal
tcp,dns,FIN,2.3078,7,39,2056,28509,29.898450000000004,5702.37,98826.05,0,32,0.3297,0.0592,0.0171,0.0076,26534,624937,3974906,51133,0.0773,0.0114,0.0697,235,731,1,2709,1,3,0,0,1,0,0,Normal
udp,dns,INT,4.9613,28,13,13160,5512,12.395999999999999,16976.36,8888.08,13,0,0.1772,0.3816,0.0174,0.0187,32269,7337374,892027,16212,0.2375,0.0828,0.0411,376,424,0,2701,2,3,0,0,0,0,0,Normal
tcp,-,CON,0.4149,59,18,33925,13878,278.38215,523310.19,267593.91,41,0,0.007,0.023,0.0179,0.0197,1520,6425890,7991674,29853,0.1366,0.0733,0.0793,460,771,0,1234,4,2,0,0,1,0,0,Normal
udp,http,FIN,2.5459,57,44,11115,15884,59.50829999999999,27941.82,49913.17,11,0,0.0447,0.0579,0.0132,0.0108,39433,4375139,9351582,34434,0.191,0.074,0.0036,156,361,1,3537,4,3,0,0,1,0,0,Normal
tcp,http,INT,8.232,64,26,36720,9646,16.3995,28548.2,9374.18,38,0,0.1286,0.3166,0.0012,0.0101,14045,6349463,465859,10519,0.0853,0.0099,0.007,459,371,2,29,2,3,0,0,0,0,0,Normal
tcp,-,CON,4.9943,77,13,19538,6526,27.03105,25038.38,10453.62,63,0,0.0649,0.3842,0.0156,0.0032,4496,9807401,2373690,41201,0.0067,0.0285,0.0501,203,502,1,4422,3,1,0,0,1,0,0,Normal
udp,ssl,INT,3.9891,14,23,4392,12857,13.912949999999999,7047.23,25784.37,0,7,0.2849,0.1734,0.0125,0.0012,17852,3956574,8682616,43960,0.2672,0.0589,0.0682,251,559,2,3666,3,4,0,0,1,0,0,Normal
tcp,dns,FIN,8.3041,71,22,12868,7568,16.798949999999998,9918.0,7290.86,48,0,0.117,0.3775,0.002,0.0183,31893,643526,1755621,17207,0.2143,0.0861,0.0609,145,344,2,2686,4,3,0,0,1,0,0,Normal
tcp,-,CON,4.2747,31,1,8563,45,11.22885,12821.52,84.22,29,0,0.1379,4.2747,0.0081,0.0018,42123,8309226,4470717,19884,0.2269,0.0961,0.0719,221,45,2,1439,2,4,0,0,0,0,0,Normal
tcp,dns,CON,7.0858,18,37,6525,13838,11.642999999999999,5893.44,15623.27,0,19,0.3937,0.1915,0.0153,0.0195,58036,1547348,1851134,15214,0.1026,0.059,0.0094,290,374,2,4475,4,4,0,0,1,0,0,Normal
tcp,ftp,REQ,0.7549,545,17,80115,459,744.5056,849054.32,4864.46,30,3,0.001385,0.044404,0.0304,0.0369,2567,598,178,1510,0.009662,0.002314,0.001164,147,27,1,125,48,41,0,0,6,1,1,Analysis
udp,http,CON,5.4796,39,15,9311,10905,14.7822,10875.26,15920.9,23,0,0.1405,0.3653,0.0133,0.0168,61496,5818431,2513914,25696,0.2436,0.0319,0.0621,191,727,0,1810,4,1,0,0,1,0,0,Normal
udp,dns,FIN,3.8713,42,52,10342,20280,36.4221,17098.25,41908.7,0,8,0.0922,0.0744,0.0199,0.0077,1908,6932697,5074900,2717,0.1619,0.0705,0.0647,197,390,2,1860,3,1,0,0,0,0,0,Normal
tcp,http,CON,3.7642,41,15,12197,720,22.3158,20738.78,1530.22,26,0,0.0918,0.2509,0.0151,0.0119,8249,5225710,6807372,4010,0.0094,0.0895,0.0093,238,48,0,2670,2,4,0,0,0,0,0,Normal
udp,-,CON,3.5363,26,1,13227,437,11.4528,23939.35,988.61,25,0,0.136,3.5363,0.0136,0.0114,7141,9882493,3708197,57773,0.1171,0.0836,0.0922,407,437,1,552,3,3,0,0,1,0,0,Normal
udp,-,CON,1.9737,73,22,32941,8250,72.20054999999999,106818.25,33440.24,49,0,0.027,0.0897,0.0001,0.0065,1609,4200295,3138773,53638,0.0583,0.0744,0.0874,361,375,0,908,4,1,0,0,1,0,0,Normal
tcp,http,FIN,7.8522,4,23,2780,16606,5.15775,2265.86,16918.53,0,19,1.9631,0.3414,0.0063,0.013,45965,6557451,552890,57752,0.0787,0.0421,0.0165,556,722,0,2921,3,3,0,0,0,0,0,Normal
tcp,ssl,INT,1.333,59,52,40120,40352,124.9044,192621.34,242169.0,6,0,0.0226,0.0256,0.0093,0.0054,44004,6815176,5537642,57679,0.2835,0.029,0.0517,544,776,0,3899,3,4,0,0,0,0,0,Normal
tcp,http,REQ,0.003,53,2,10017,58,18200.4844,26518436.63,153545.9,25,2,5.7e-05,0.001511,0.1549,0.0459,115,556,159,3789,0.002715,0.003762,0.002699,189,29,0,59,86,24,0,0,8,1,1,Worm
udp,-,FIN,7.0181,50,26,16937,16458,16.243650000000002,15445.69,18760.53,23,0,0.1404,0.2699,0.0092,0.0083,3309,6846447,4448279,64731,0.0618,0.0803,0.0023,271,633,0,810,1,1,0,0,1,0,0,Normal
udp,http,INT,0.1958,3,51,2130,18513,413.64644999999996,69615.16,756329.45,0,48,0.0653,0.0038,0.0186,0.0078,52689,5811885,8544311,2238,0.1302,0.0556,0.0712,568,363,2,2998,3,4,0,0,1,0,0,Normal
tcp,dns,CON,1.8998,27,37,9112,16206,50.53245,30698.48,68244.1,0,10,0.0704,0.0513,0.0111,0.0043,40129,5524735,5703012,50855,0.158,0.0115,0.0187,270,438,1,4518,3,3,0,0,0,0,0,Normal
tcp,ssl,INT,3.3235,12,47,6120,5734,26.62845,11785.15,13802.29,0,35,0.277,0.0707,0.0113,0.0002,55645,6376873,9205207,44763,0.0868,0.0216,0.0077,408,122,1,1963,4,4,0,0,0,0,0,Normal
udp,dns,INT,8.5193,19,19,2018,13623,6.6907499999999995,1516.56,12792.63,0,0,0.4484,0.4484,0.0134,0.0142,62943,8978791,9313108,15274,0.2659,0.0362,0.0792,85,717,1,3253,3,3,0,0,1,0,0,Normal
tcp,ssl,INT,0.9914,21,44,4410,16412,98.3502,28470.12,132440.93,0,21,0.0472,0.0225,0.0112,0.0152,52135,6599151,3964349,56524,0.1176,0.0816,0.0603,168,373,0,1646,2,1,0,0,1,0,0,Normal
udp,http,CON,1.7367,77,38,50820,24320,99.3276,187281.81,112030.04,38,0,0.0226,0.0457,0.0049,0.0094,43774,3406437,1527582,21082,0.2248,0.0459,0.081,528,640,2,2223,1,3,0,0,1,0,0,Normal
udp,ssl,INT,1.9656,58,41,33205,5412,75.55125,108118.06,22027.37,15,0,0.0339,0.0479,0.0191,0.0087,34596,3938321,8781382,31832,0.2217,0.0712,0.0808,458,132,1,2213,2,3,0,0,0,0,0,Normal
icmp,ftp,CON,0.7905,233,3,24232,81,298.5458,245232.6,819.74,15,5,0.003393,0.263499,0.1466,0.0414,2477,157,954,3428,0.001779,0.002634,0.00265,104,27,1,123,27,35,0,0,3,1,1,Botnet
tcp,-,CON,0.6183,727,26,71246,2262,1217.8549,921830.46,29267.33,28,8,0.00085,0.023781,0.2366,0.0265,3315,279,249,745,0.005534,0.004594,0.001984,98,87,1,19,25,25,0,0,9,1,1,Worm
udp,ssl,FIN,6.4092,66,53,28792,2968,27.8508,28751.38,3704.7,11,0,0.0971,0.1209,0.0142,0.0196,31649,4920923,5158389,63610,0.1712,0.0944,0.0186,349,56,2,1236,1,1,0,0,0,0,0,Normal
tcp,ssh,INT,1.2925,388,9,39964,459,307.1509,247354.76,2840.95,31,3,0.003331,0.143614,0.4167,0.0221,204,971,289,1606,0.009289,0.000454,0.004271,103,51,0,35,84,20,0,0,6,1,1,DoS
udp,ssh,CON,0.1252,452,3,87688,273,3634.8908,5604154.82,17447.48,3,4,0.000277,0.041725,0.3882,0.0048,1050,320,192,2493,0.008016,0.003159,0.001289,194,91,1,103,82,55,0,0,2,0,1,Generic
tcp,http,INT,7.9282,29,23,8518,12719,9.83835,6876.71,12834.17,6,0,0.2734,0.3447,0.0171,0.0114,17474,8026683,3872203,16126,0.0471,0.036,0.0528,235,553,1,324,2,2,0,0,1,0,0,Normal
udp,-,CON,0.6442,28,47,12495,24581,174.6363,124136.09,305261.03,0,18,0.023,0.0137,0.0058,0.0145,35083,7999366,1038941,51035,0.1881,0.0619,0.084,357,523,0,3832,3,1,0,0,0,0,0,Normal
udp,http,CON,4.9334,33,14,6187,1946,14.290199999999999,8026.87,3155.61,17,0,0.1495,0.3524,0.0042,0.009,7608,465638,7801306,49064,0.0783,0.0997,0.0577,150,139,2,2260,4,4,0,0,1,0,0,Normal
udp,dns,INT,9.7462,53,38,19411,26372,14.0055,12746.76,21647.08,14,0,0.1839,0.2565,0.0089,0.0079,65511,7060378,6609559,46938,0.1612,0.0932,0.0149,293,694,0,4886,3,1,0,0,1,0,0,Normal
tcp,-,INT,2.3234,36,37,25740,9916,47.12835,70901.65,34142.42,0,1,0.0645,0.0628,0.0158,0.0176,59579,315170,5082238,63706,0.017,0.0099,0.0058,572,268,2,2704,4,3,0,0,0,0,0,Normal
tcp,ssl,INT,9.8325,38,14,25365,8092,7.9329,16510.1,6583.86,22,0,0.2588,0.7023,0.0152,0.002,107,1676036,9293337,44062,0.2551,0.0345,0.0685,534,578,0,604,4,4,0,0,0,0,0,Normal
udp,ssl,FIN,6.1104,41,35,20295,6230,18.65655,21256.74,8156.54,6,0,0.149,0.1746,0.0127,0.0129,64973,3458155,7070589,27015,0.2547,0.0095,0.0695,396,178,1,30,3,1,0,0,1,0,0,Normal
udp,http,INT,8.3447,45,23,19350,10925,12.22335,14840.62,10473.76,21,0,0.1854,0.3628,0.0044,0.0159,56046,3846546,792188,24537,0.2201,0.0433,0.066,344,475,2,330,3,3,0,0,0,0,0,Normal
udp,-,FIN,1.6492,54,23,33547,12374,70.035,130188.6,60025.1,30,0,0.0305,0.0717,0.0058,0.0161,13864,7279740,5138228,19884,0.1405,0.0256,0.0038,497,538,0,974,4,1,0,0,1,0,0,Normal
icmp,-,INT,0.2295,532,28,40964,1232,2439.7536,1427743.8,42939.66,2,2,0.000431,0.008198,0.4603,0.0995,1272,375,527,2114,0.006567,0.004536,0.004341,77,44,1,39,64,35,0,0,9,1,1,DoS
udp,-,RST,0.9691,418,9,45980,819,440.6156,379569.17,6760.92,22,0,0.002318,0.107678,0.4154,0.0966,2611,169,484,170,0.006567,0.003469,0.004763,110,91,0,76,22,47,0,3,4,0,1,Backdoor
udp,ssl,CON,8.2612,79,53,9480,9593,23.967299999999998,7344.18,9289.65,26,0,0.1046,0.1559,0.0112,0.0009,38527,3964661,4352843,44774,0.2494,0.0035,0.0737,96,181,1,3714,1,3,0,0,1,0,0,Normal
tcp,ssl,FIN,6.4116,29,10,4785,6020,9.12405,4776.33,7511.37,18,0,0.2211,0.6412,0.0004,0.0138,1232,4349910,4731465,47912,0.2416,0.0279,0.0351,132,602,2,1837,4,1,0,0,0,0,0,Normal
udp,ssl,CON,2.0807,58,17,24505,119,54.0672,75372.99,457.53,40,0,0.0359,0.1224,0.0069,0.0044,24285,6723959,1660917,32191,0.2913,0.092,0.0886,338,7,0,345,3,3,0,0,1,0,0,Normal
udp,dns,INT,8.3387,56,9,22610,819,11.692499999999999,17353.24,785.73,45,0,0.1489,0.9265,0.0173,0.0005,28417,8533511,7111360,54855,0.1705,0.0229,0.0963,323,91,1,3031,3,4,0,0,0,0,0,Normal
udp,-,CON,5.0516,62,51,37200,3213,33.553799999999995,47129.81,5088.31,10,0,0.0815,0.0991,0.0177,0.0114,6658,9542299,2826719,18828,0.2661,0.0581,0.0863,480,63,0,4650,1,2,0,0,0,0,0,Normal
tcp,dns,FIN,8.5126,28,10,4025,4540,6.696000000000001,3026.12,4266.64,17,0,0.304,0.8513,0.0136,0.0107,13957,8513166,5085555,23568,0.0179,0.0898,0.0753,115,454,2,1648,1,2,0,0,0,0,0,Normal
udp,http,CON,0.0725,547,16,80956,784,7764.4775,8931879.81,86498.76,46,8,0.000133,0.004532,0.1161,0.0235,2723,335,486,1953,0.005071,0.004496,0.002868,148,49,0,36,85,51,0,0,0,1,1,DoS
udp,dns,FIN,2.2905,17,28,11177,3052,29.4696,31231.61,10659.68,0,9,0.1347,0.0818,0.0004,0.0053,2657,1461179,3737514,43614,0.1967,0.0357,0.0977,526,109,0,3096,2,2,0,0,0,0,0,Normal
udp,ftp,INT,0.0896,748,12,80036,192,8485.5775,7148965.06,17149.8,20,5,0.00012,0.007464,0.0489,0.0647,1010,873,737,1727,0.002387,0.002002,0.004815,107,16,0,76,39,65,0,0,7,0,1,Reconnaissance
udp,ssh,RST,0.4828,740,19,44400,1387,1572.0416,735690.64,22982.05,17,1,0.000652,0.025411,0.4825,0.0773,1723,776,850,169,0.006663,0.000134,0.001456,60,73,0,167,33,52,0,0,7,0,1,DoS
udp,dns,CON,8.5258,69,48,45108,8592,20.584500000000002,33861.27,8062.07,19,0,0.1236,0.1776,0.0061,0.0085,59054,1146412,718193,54458,0.229,0.0539,0.0227,523,179,0,2551,3,3,0,0,1,0,0,Normal
udp,dns,FIN,8.941,4,16,1065,6096,3.3553499999999996,762.33,5454.39,0,11,2.2353,0.5588,0.0108,0.0051,3633,6105998,4046496,47098,0.2934,0.0337,0.0379,213,381,0,4872,4,4,0,0,1,0,0,Normal
udp,dns,INT,9.7304,33,16,9776,5024,7.5537,6430.18,4130.57,17,0,0.2949,0.6081,0.0137,0.0088,30741,1742984,3026940,13722,0.0283,0.0892,0.0162,237,314,0,703,3,2,0,0,1,0,0,Normal
udp,dns,INT,9.0406,18,26,1575,11856,7.30035,1114.97,10491.36,0,7,0.5023,0.3477,0.0061,0.0108,57310,891799,8268015,65529,0.0359,0.0758,0.0234,70,456,1,3432,4,4,0,0,0,0,0,Normal
udp,http,CON,5.8572,78,5,12870,2245,21.25575,14062.59,3066.29,72,0,0.0751,1.1714,0.0148,0.01,44037,3360312,6395778,50672,0.0465,0.0937,0.0706,132,449,1,743,3,3,0,0,1,0,0,Normal
udp,http,FIN,8.2624,38,28,6745,14224,11.982000000000001,5224.63,13772.26,9,0,0.2174,0.2951,0.0018,0.0072,51364,7930478,2551506,42622,0.1771,0.0333,0.0613,142,508,2,3046,2,4,0,0,1,0,0,Normal
tcp,http,FIN,4.859,67,59,20435,26904,38.8968,26915.76,44295.43,7,0,0.0725,0.0824,0.0031,0.0006,5506,9257147,3436718,59744,0.1956,0.0421,0.0776,244,456,1,3340,3,1,0,0,1,0,0,Normal
icmp,http,RST,0.63,169,22,18759,66,303.1523,238191.99,838.03,35,0,0.003728,0.028638,0.3355,0.0978,2523,730,428,3162,0.004409,0.000498,0.001698,111,3,1,134,70,60,0,0,4,0,1,Exploit
tcp,-,CON,0.9123,280,2,53200,24,309.1229,466534.38,210.47,46,2,0.003258,0.456129,0.3101,0.0935,462,890,510,1021,7.9e-05,0.003172,0.00163,190,12,0,71,59,32,0,0,1,1,1,DoS
udp,http,INT,0.1854,3,56,333,20216,477.3846,11521.96,872389.28,0,52,0.0618,0.0033,0.0146,0.0019,20462,4000534,9491433,11614,0.1831,0.0346,0.0004,89,361,2,3742,2,1,0,0,1,0,0,Normal
udp,-,CON,3.2541,14,13,8102,7072,12.4458,15935.55,17386.03,0,0,0.2324,0.2503,0.011,0.0079,37277,1448110,4188465,3499,0.2955,0.0403,0.0118,463,544,0,2779,1,3,0,0,1,0,0,Normal
udp,ssl,CON,4.3444,41,28,13837,5684,23.8236,20384.69,10466.72,13,0,0.106,0.1552,0.0019,0.0169,10649,5736492,7510125,23269,0.1683,0.0023,0.008,270,203,1,3464,1,4,0,0,0,0,0,Normal
tcp,http,FIN,5.9639,40,44,2150,21428,21.12705,2307.21,28743.59,0,2,0.1491,0.1355,0.0022,0.0057,6148,5683560,5699003,29770,0.176,0.0115,0.0234,43,487,1,1332,3,1,0,0,1,0,0,Normal
icmp,http,RST,0.2689,234,20,23868,60,944.474,710006.47,1784.83,27,7,0.001149,0.013447,0.3203,0.0639,1564,537,638,1895,0.003651,0.004456,0.000462,102,3,0,191,82,12,0,0,0,0,1,Worm
tcp,http,CON,7.5775,33,54,10065,28890,17.2221,8501.0,30500.99,0,20,0.2296,0.1403,0.0031,0.0199,35780,1034310,600160,26678,0.2779,0.0237,0.0793,244,535,2,2029,1,2,0,0,1,0,0,Normal
udp,-,RST,0.7213,66,19,2706,684,117.8364,30010.84,7585.89,30,4,0.010929,0.037965,0.3395,0.0059,1444,347,827,2301,0.001214,0.002759,0.004407,41,36,1,32,98,54,0,0,0,0,1,Exploit
tcp,-,CON,2.3363,77,15,19731,4815,59.06654999999999,54050.15,16487.26,60,0,0.0303,0.1558,0.0147,0.0043,9018,8633175,7649768,10089,0.2198,0.0806,0.0889,205,321,2,1767,4,3,0,0,0,0,0,Normal
tcp,-,FIN,0.7864,50,21,3562,7266,135.42855,28993.16,73917.3,28,0,0.0157,0.0374,0.0131,0.0124,57447,3935387,4986402,13191,0.0947,0.0733,0.0941,57,346,2,4209,2,4,0,0,1,0,0,Normal
icmp,-,REQ,1.0222,498,23,92628,2208,509.686,724932.0,17280.41,3,2,0.002053,0.044443,0.0552,0.0241,51,736,614,2321,0.008653,0.003611,0.00167,186,96,0,57,98,32,0,0,7,0,1,Analysis
udp,http,FIN,0.5746,75,47,15375,11844,318.46245,171238.83,164890.46,26,0,0.0077,0.0122,0.0151,0.0183,28459,2673039,3506645,19531,0.1739,0.0145,0.0785,164,252,0,1725,2,2,0,0,1,0,0,Normal
udp,ssl,INT,2.7155,78,29,3900,754,59.1048,9191.61,2221.31,49,0,0.0348,0.0936,0.0017,0.0143,60737,6526402,9992125,41363,0.2602,0.0945,0.014,40,26,1,1046,2,2,0,0,1,0,0,Normal
tcp,ssl,INT,3.1541,44,17,13750,10251,29.01015,27900.52,26000.75,25,0,0.0717,0.1855,0.0157,0.0035,12449,9959582,5062018,9341,0.1841,0.0509,0.0055,250,603,1,639,4,1,0,0,1,0,0,Normal
udp,-,INT,3.7424,11,58,7328,6902,27.65565,12532.98,14753.99,0,45,0.3402,0.0645,0.0156,0.0167,47507,3998744,9967482,48258,0.0228,0.0393,0.0526,533,119,1,341,2,1,0,0,1,0,0,Normal
tcp,-,CON,7.7144,6,0,480,0,1.1667,398.22,0.0,6,0,1.2857,7.7144,0.0194,0.0055,18395,896631,5464576,26866,0.0461,0.0498,0.0172,64,0,2,3529,3,2,0,0,1,0,0,Normal
tcp,http,FIN,5.9058,6,5,2385,2580,2.7939,2584.57,3494.86,0,0,0.9843,1.1812,0.0127,0.0122,1074,1950767,8121245,6128,0.1101,0.0059,0.0828,318,516,0,2419,2,1,0,0,1,0,0,Normal
tcp,-,FIN,9.2342,2,35,1062,26915,6.0102,736.39,23317.59,0,31,4.6171,0.2638,0.0094,0.0105,18449,1011956,779698,60707,0.0857,0.0081,0.0017,425,769,2,4521,2,2,0,0,0,0,0,Normal
udp,ftp,REQ,1.3334,760,29,50160,203,591.7345,300952.12,1217.97,8,5,0.001754,0.045978,0.3381,0.0023,3168,241,263,3566,0.004026,0.003485,0.000143,66,7,1,141,36,18,0,0,7,0,1,Botnet
tcp,ssh,CON,0.159,420,13,28980,325,2723.5192,1458246.41,16353.7,4,1,0.000379,0.01223,0.3564,0.0367,366,360,462,3393,3.2e-05,0.002294,0.002541,69,25,0,23,98,23,0,0,6,0,1,Exploit
udp,-,RST,1.2026,730,19,49640,1406,622.8265,330222.76,9353.21,44,7,0.001647,0.063294,0.1353,0.0428,640,684,859,1478,0.008776,0.003327,0.004974,68,74,0,100,69,49,1,3,5,1,1,Backdoor
tcp,http,CON,7.3676,2,27,712,16497,5.9043,618.93,17913.03,0,24,3.6838,0.2729,0.0198,0.0044,55158,7243332,2651681,38078,0.1059,0.0181,0.0303,285,611,2,4709,4,2,0,0,0,0,0,Normal
icmp,http,REQ,0.2722,777,1,135198,52,2858.6645,3974146.23,1528.54,7,7,0.00035,0.272155,0.4451,0.0212,1883,807,702,2163,0.007925,0.003098,0.004211,174,52,0,176,66,58,0,0,3,1,1,Analysis
udp,dns,FIN,3.3005,6,14,1372,2744,9.089550000000001,2661.43,6651.15,0,8,0.5501,0.2357,0.0019,0.0117,57084,1586287,1277353,20958,0.0468,0.0657,0.0491,183,196,0,3609,2,1,0,0,1,0,0,Normal
icmp,ftp,INT,1.0136,518,12,88060,1008,522.8749,695009.24,7955.59,0,1,0.001957,0.084469,0.164,0.021,361,691,161,1186,0.001667,0.003329,0.001615,170,84,1,176,85,40,0,0,1,0,1,Reconnaissance
udp,dns,INT,2.6008,79,27,57275,19656,61.13595,140943.21,60462.24,52,0,0.0329,0.0963,0.0148,0.0011,50765,2153883,4177646,58907,0.2743,0.0937,0.0735,580,728,1,3801,4,2,0,0,0,0,0,Normal
tcp,ssl,INT,0.1645,14,10,5932,3310,218.90609999999998,230872.92,161017.57,2,0,0.0117,0.0164,0.0014,0.0177,23528,6892249,1657940,35204,0.2624,0.0324,0.0626,339,331,2,2144,4,3,0,0,1,0,0,Normal
tcp,dns,CON,1.655,61,47,16698,10951,97.8861,64575.83,52935.84,14,0,0.0271,0.0352,0.0044,0.009,54210,6869476,3844602,314,0.2911,0.0513,0.0015,219,233,1,4477,4,2,0,0,1,0,0,Normal
tcp,-,CON,8.8801,58,28,28855,2352,14.52675,20796.09,2118.89,29,0,0.1531,0.3171,0.0139,0.0167,17159,5849584,863905,52647,0.1883,0.0524,0.0767,398,84,2,1352,4,4,0,0,0,0,0,Normal
tcp,http,CON,4.3226,65,58,32906,8758,42.682199999999995,48720.14,16208.59,6,0,0.0665,0.0745,0.0185,0.0188,38715,5094935,545168,677,0.2727,0.0757,0.0902,405,151,1,2690,1,3,0,0,0,0,0,Normal
udp,ssl,CON,7.8572,66,3,17077,543,13.1727,13910.33,552.87,63,0,0.119,2.6191,0.0066,0.0075,32459,5151301,1958895,63511,0.2358,0.089,0.0778,207,181,2,2305,4,2,0,0,0,0,0,Normal
tcp,dns,INT,2.7955,66,16,10477,11408,43.99935,23987.19,32646.84,48,0,0.0424,0.1747,0.0113,0.0012,37271,2858509,2665081,9232,0.0257,0.0127,0.0817,127,713,2,3006,4,4,0,0,0,0,0,Normal
icmp,http,REQ,1.046,635,16,97790,464,622.3433,747882.7,3548.6,24,7,0.001647,0.065378,0.3845,0.0317,4066,129,972,2661,0.002433,0.003705,0.003633,154,29,0,105,51,27,0,0,3,1,1,Exploit
icmp,ssh,REQ,0.3848,368,6,71760,270,971.8598,1491778.88,5612.88,22,3,0.001046,0.064138,0.1922,0.0822,2471,486,23,3474,0.004351,0.000457,0.001449,195,45,1,119,30,58,0,0,5,1,1,Exploit
tcp,-,INT,1.2819,31,26,22862,16770,66.70005,114146.83,104660.6,3,0,0.0414,0.0493,0.0127,0.0167,9678,9378992,8587826,47682,0.2112,0.0501,0.003,590,645,2,2239,2,4,0,0,1,0,0,Normal
udp,ssl,INT,6.9041,63,28,8898,9492,19.77075,8248.99,10998.65,35,0,0.1096,0.2466,0.0061,0.0057,64768,8995847,3444832,23915,0.1642,0.0493,0.0198,113,339,2,3452,1,4,0,0,1,0,0,Normal
udp,http,FIN,3.0221,9,50,1856,39400,29.28405,3931.01,104297.6,0,41,0.3358,0.0604,0.0158,0.0077,45058,6017580,5014012,48317,0.1789,0.0615,0.0338,165,788,1,3041,3,3,0,0,0,0,0,Normal
udp,-,FIN,2.6935,21,46,2467,21436,37.31235,5863.05,63667.85,0,25,0.1283,0.0586,0.0145,0.0168,31551,2422351,9514157,3467,0.1102,0.0675,0.0708,94,466,1,3485,3,2,0,0,1,0,0,Normal
udp,-,CON,4.1348,63,5,23703,1685,24.668850000000003,36689.9,3260.16,58,0,0.0656,0.827,0.0027,0.0144,6001,8264738,8982493,50714,0.0405,0.0588,0.0823,301,337,1,2715,1,1,0,0,1,0,0,Normal
tcp,ssl,CON,0.6448,4,38,305,28614,97.7082,3027.4,355025.1,0,34,0.1612,0.017,0.0039,0.0078,33225,9991682,6555400,16319,0.0301,0.0565,0.0172,61,753,1,1697,3,2,0,0,1,0,0,Normal
udp,http,FIN,7.2814,25,2,18125,414,5.56215,15931.02,454.86,21,0,0.2913,3.6407,0.0006,0.0076,52753,833628,4696081,47004,0.2669,0.0724,0.0836,580,207,1,930,3,1,0,0,1,0,0,Normal
udp,http,CON,0.9329,39,18,17306,10926,91.6467,118722.69,93691.88,21,0,0.0239,0.0518,0.0053,0.0105,7978,1046365,9941955,45243,0.2708,0.0309,0.0679,355,607,0,4782,2,3,0,0,0,0,0,Normal
udp,ssh,INT,0.2303,214,21,9844,1302,1020.2646,341905.87,45221.6,27,0,0.001076,0.010968,0.4058,0.0401,2207,83,487,1744,0.009621,0.001197,0.003373,46,62,1,110,30,64,0,0,8,0,1,DoS
udp,http,FIN,6.6357,63,30,20947,15090,21.02265,20203.43,18192.49,31,0,0.1053,0.2212,0.0053,0.0069,13620,6299098,5150093,54420,0.277,0.0019,0.0151,266,503,0,1447,2,3,0,0,0,0,0,Normal
udp,ssl,FIN,7.3342,30,54,14775,7398,17.1798,12893.01,8069.59,0,23,0.2445,0.1358,0.0107,0.0133,3992,7367194,2595547,60679,0.206,0.0752,0.0838,394,137,1,4695,2,4,0,0,1,0,0,Normal
udp,dns,INT,0.1314,53,58,13780,406,1267.01715,671115.75,24716.35,0,5,0.0025,0.0023,0.0045,0.0118,50184,7039892,2382144,61327,0.2769,0.042,0.068,208,7,2,1394,1,2,0,0,1,0,0,Normal
udp,dns,INT,2.715,75,10,54750,2380,46.962,129062.5,7012.99,63,0,0.0362,0.2715,0.016,0.0171,58097,5715446,4556105,28995,0.2101,0.0428,0.0715,584,238,0,68,3,3,0,0,1,0,0,Normal
udp,-,FIN,2.5934,34,47,20017,18471,46.849050000000005,49398.59,56977.72,0,12,0.0763,0.0552,0.0122,0.0089,16080,6228670,2672348,41336,0.0597,0.0353,0.0088,471,393,1,2303,2,1,0,0,0,0,0,Normal
udp,dns,CON,4.5259,33,14,5073,2828,15.57705,7174.72,4998.8,17,0,0.1371,0.3233,0.0002,0.005,56184,418644,801659,21999,0.2777,0.0293,0.0171,123,202,1,631,3,4,0,0,1,0,0,Normal
icmp,ssh,CON,0.3937,265,16,33920,1120,713.6716,689188.35,22756.22,16,0,0.001486,0.024609,0.157,0.0198,918,563,476,2616,0.006566,0.001217,0.001297,128,70,1,194,23,74,0,0,4,0,1,Worm
udp,dns,INT,4.6761,43,5,2472,2895,15.397350000000001,3384.01,4952.83,37,0,0.1087,0.9352,0.0105,0.003,37701,182465,9217308,21894,0.0988,0.0096,0.0729,46,579,0,2356,3,3,0,0,0,0,0,Normal
udp,http,FIN,2.0545,49,20,32156,6180,50.3772,100170.3,24064.24,28,0,0.0419,0.1027,0.0088,0.006,56872,6708282,6678285,9490,0.0738,0.0926,0.0317,525,309,1,222,4,3,0,0,0,0,0,Normal
udp,dns,INT,1.1908,72,22,43380,3366,118.4076,233147.01,22613.33,48,0,0.0165,0.0541,0.0065,0.0054,7998,9804071,5466957,5943,0.0526,0.0276,0.0979,482,153,1,3717,1,2,0,0,0,0,0,Normal
udp,-,FIN,4.4505,78,21,51187,4977,33.367200000000004,73609.94,8946.44,56,0,0.0571,0.2119,0.0078,0.0116,59679,4458919,405983,35862,0.048,0.0494,0.0792,525,237,1,2008,4,2,0,0,0,0,0,Normal
tcp,ssl,INT,5.8282,25,8,1281,2360,8.49315,1406.95,3239.42,17,0,0.2331,0.7285,0.0185,0.0073,21940,227532,9040136,6065,0.1862,0.0133,0.0895,41,295,0,870,3,1,0,0,1,0,0,Normal
tcp,ssl,INT,2.9477,17,10,9158,4000,13.7394,19885.14,10855.81,5,0,0.1734,0.2948,0.0023,0.0199,19684,2749778,3054148,13576,0.1914,0.0002,0.0436,431,400,2,2576,1,1,0,0,0,0,0,Normal
tcp,http,CON,3.7168,4,1,2655,407,2.0178,4571.68,876.02,2,0,0.9292,3.7168,0.009,0.002,21469,8460267,7718147,34837,0.2016,0.0392,0.0599,531,407,0,4965,3,2,0,0,1,0,0,Normal
udp,http,INT,2.0363,55,33,19318,4884,64.8237,60718.15,19187.8,21,0,0.037,0.0617,0.0135,0.0038,63175,5623656,351261,61451,0.0224,0.0263,0.0184,281,148,1,511,3,2,0,0,1,0,0,Normal
tcp,-,RST,1.4815,282,13,16074,1131,199.1287,86801.2,6107.51,7,1,0.005253,0.113958,0.4447,0.0682,2429,785,134,522,6.3e-05,0.00472,0.00201,57,87,1,34,77,55,0,0,1,1,1,Exploit
tcp,dns,FIN,6.9745,24,2,1860,568,5.59185,1706.78,651.51,21,0,0.2906,3.4873,0.0136,0.0112,9256,1087138,9414982,51091,0.0577,0.0006,0.0353,62,284,2,160,3,2,0,0,0,0,0,Normal
tcp,dns,CON,7.2892,25,42,13500,10542,13.787550000000001,11853.12,11569.96,0,16,0.2916,0.1736,0.0185,0.0156,24557,1214331,6267066,29935,0.2668,0.0834,0.0961,432,251,0,3554,1,2,0,0,0,0,0,Normal
tcp,dns,CON,3.7154,12,58,5460,40716,28.2609,9405.24,87670.26,0,45,0.3096,0.0641,0.0018,0.0028,36176,8470326,6457473,15293,0.296,0.0632,0.0983,364,702,2,252,4,4,0,0,1,0,0,Normal
tcp,ssl,FIN,7.4793,29,25,11563,15475,10.82985,9894.99,16552.26,4,0,0.2579,0.2992,0.0064,0.0119,62719,2675656,6746784,49619,0.0132,0.0104,0.0291,319,619,0,166,2,2,0,0,1,0,0,Normal
tcp,http,INT,0.4575,544,10,58752,170,1210.9384,1027365.38,2972.7,16,3,0.000841,0.04575,0.3125,0.0175,4001,446,631,3389,0.001745,0.001692,0.001198,108,17,0,19,29,63,0,0,9,0,1,Worm
tcp,-,RST,0.0725,224,5,28448,345,3157.4273,3137903.6,38054.58,11,9,0.000324,0.014505,0.2857,0.0323,2612,41,510,2518,0.00922,0.000504,0.003776,127,69,1,185,28,44,0,0,0,0,1,Botnet
icmp,ssh,RST,0.8239,708,25,66552,525,889.6693,646213.07,5097.7,2,0,0.001164,0.032956,0.1515,0.0542,3506,265,70,1009,0.001627,0.003915,0.002661,94,21,0,21,64,67,0,2,6,1,1,Backdoor
tcp,-,FIN,5.2141,52,49,8905,7938,29.05575,10930.35,12179.27,2,0,0.1003,0.1064,0.0117,0.0114,64096,8803304,1402618,56736,0.2566,0.0885,0.0172,137,162,0,3256,4,1,0,0,1,0,0,Normal
tcp,-,CON,7.9228,5,38,3362,15922,8.1411,2716.22,16077.17,0,31,1.5846,0.2085,0.0131,0.0066,41105,7149389,8984148,46269,0.0096,0.0656,0.0849,538,419,1,760,4,2,0,0,0,0,0,Normal
udp,http,RST,0.6425,533,28,81549,1176,873.1502,1015394.31,14642.78,10,0,0.001205,0.022946,0.0515,0.0592,3184,142,141,368,0.002461,0.001841,0.004941,153,42,0,69,81,18,0,0,2,0,1,DoS
tcp,-,FIN,1.9724,57,24,18596,7272,61.599900000000005,60340.49,29494.93,32,0,0.0346,0.0822,0.0145,0.0102,64191,5830739,8673940,33668,0.1976,0.0184,0.0145,261,303,2,3267,2,1,0,0,0,0,0,Normal
icmp,-,CON,1.3509,488,29,25864,1566,382.7033,153164.24,9273.71,47,9,0.002768,0.046583,0.1311,0.0288,986,471,98,1110,0.009592,0.000421,0.002409,53,54,0,167,39,73,0,0,7,0,1,Botnet
tcp,http,CON,1.0388,126,1,13356,52,122.2528,102854.07,400.45,47,1,0.008245,1.038831,0.1115,0.0297,1557,266,456,3869,0.001859,0.003487,0.004935,106,52,0,1,67,67,0,0,5,0,1,Reconnaissance
icmp,http,REQ,1.1662,487,7,70128,546,423.6159,481090.44,3745.66,11,8,0.002395,0.166593,0.0815,0.0057,1630,85,556,1197,0.006851,0.001005,0.002766,144,78,0,67,78,21,0,0,2,1,1,Exploit
tcp,ssl,CON,4.5459,30,15,21037,765,14.848499999999998,29617.69,1346.26,13,0,0.1515,0.3031,0.0132,0.0039,37090,2813231,8881513,40587,0.2623,0.0159,0.0683,561,51,1,3704,2,4,0,0,0,0,0,Normal
tcp,-,CON,3.0603,16,26,1080,3432,20.586,2258.59,8971.61,0,8,0.1913,0.1177,0.0018,0.0174,25827,6825689,800593,2035,0.2858,0.0328,0.0801,54,132,1,1143,1,3,0,0,0,0,0,Normal
icmp,ftp,CON,0.8109,675,15,45225,45,850.9045,446169.9,443.95,4,2,0.001201,0.05406,0.1217,0.0892,993,310,725,2260,0.002748,0.003535,0.002385,67,3,1,170,64,22,0,0,8,1,1,DoS
icmp,ssh,INT,0.9325,453,10,21291,270,496.5087,182655.14,2316.33,34,9,0.002059,0.093251,0.0371,0.0983,1031,850,612,2210,0.008615,0.002914,0.002007,47,27,1,47,29,16,0,0,2,0,1,Reconnaissance
udp,-,FIN,6.3731,77,47,31858,4089,29.185050000000004,31993.02,5132.79,29,0,0.0828,0.1356,0.0014,0.0095,61708,5502680,8306309,48115,0.2682,0.023,0.0266,331,87,2,4536,1,1,0,0,1,0,0,Normal
tcp,-,INT,0.279,770,25,87780,1575,2849.9566,2517425.79,45169.12,5,6,0.000362,0.011158,0.3914,0.0256,1447,565,732,774,0.001206,0.004879,0.004201,114,63,1,107,53,44,0,2,0,1,1,Backdoor
tcp,-,INT,6.9133,21,16,4226,6736,8.028,3912.47,7794.85,5,0,0.3292,0.4321,0.0067,0.019,8953,9513215,5982018,61547,0.2851,0.0529,0.0284,161,421,1,2698,2,1,0,0,1,0,0,Normal
udp,-,INT,1.5309,3,8,926,3216,10.7778,3872.16,16805.47,0,4,0.5103,0.1914,0.0189,0.0185,44439,2562850,9920821,39100,0.1965,0.0285,0.0277,247,402,2,1113,3,4,0,0,1,0,0,Normal
udp,http,REQ,0.0689,607,26,43704,2340,9187.2495,5074496.74,271698.75,24,9,0.000114,0.00265,0.0642,0.0711,239,573,844,3247,0.007622,0.004691,0.000124,72,90,1,26,91,70,0,0,5,1,1,Shellcode
udp,http,FIN,4.2153,69,37,22338,18759,37.71945,33916.21,35601.49,30,0,0.0611,0.1139,0.0024,0.0001,43170,4917331,1114868,48405,0.1135,0.0225,0.0523,259,507,2,4689,1,3,0,0,0,0,0,Normal
icmp,-,RST,0.8513,382,6,62648,450,455.7834,588740.55,4228.92,43,9,0.002228,0.14188,0.437,0.0931,1187,264,486,3848,0.007688,0.002134,0.00239,164,75,1,165,78,29,0,0,2,0,1,Botnet
tcp,http,FIN,2.9212,65,52,16656,34424,60.077549999999995,36491.55,94272.81,13,0,0.0449,0.0562,0.0043,0.0128,43696,8187263,8370429,37782,0.248,0.0907,0.0606,205,662,1,2064,1,1,0,0,0,0,0,Normal
udp,http,INT,7.5063,2,19,1170,5187,4.19655,997.57,5528.17,0,17,3.7531,0.3951,0.0001,0.0183,35336,6241614,7658851,64484,0.1163,0.0056,0.0966,468,273,0,2763,4,3,0,0,0,0,0,Normal
udp,ftp,INT,0.0404,323,19,45220,1045,8468.8634,8958175.51,207016.66,4,0,0.000125,0.002125,0.332,0.0907,4059,433,810,3741,0.008349,0.004075,0.004603,140,55,1,163,40,63,0,0,1,0,1,Reconnaissance
udp,http,CON,0.2047,43,5,19027,2230,351.64995,594757.28,87131.04,36,0,0.0048,0.0409,0.0163,0.0164,35994,8032541,2794467,42961,0.1394,0.0665,0.0659,354,446,2,731,2,4,0,0,0,0,0,Normal
icmp,-,INT,0.1536,685,18,50690,90,4575.3628,2639261.94,4686.0,39,0,0.000224,0.008536,0.4702,0.045,578,17,286,156,0.005003,0.001485,0.003327,74,5,1,175,67,41,1,0,4,0,1,Backdoor
tcp,-,INT,8.3103,18,37,7380,17242,9.92745,5683.57,16598.26,0,18,0.4617,0.2246,0.0038,0.0183,9011,7897200,688273,32796,0.2538,0.0126,0.0648,328,466,1,1840,1,4,0,0,0,0,0,Normal
tcp,http,FIN,7.5798,38,28,4940,9296,13.0611,4171.09,9811.35,10,0,0.1995,0.2707,0.0109,0.0189,32795,7521674,9374448,42550,0.1649,0.0724,0.0338,104,332,2,2229,2,3,0,0,0,0,0,Normal
udp,ftp,INT,0.461,780,15,53040,1455,1724.4391,920394.97,25248.39,45,0,0.000591,0.030735,0.1558,0.0832,1043,328,875,2773,0.009648,0.003166,0.001795,68,97,0,186,89,66,0,0,5,1,1,Botnet
udp,-,CON,9.4044,37,31,13643,7223,10.8459,9285.0,6144.35,6,0,0.2542,0.3034,0.0163,0.0015,45347,2364357,9907311,5784,0.1655,0.0534,0.0857,295,233,1,2426,2,1,0,0,0,0,0,Normal
tcp,dns,FIN,9.5394,23,42,4427,13734,10.220699999999999,2970.41,11517.68,0,17,0.4148,0.2271,0.0191,0.0102,37471,1336072,6799519,59086,0.0983,0.0091,0.0031,154,327,2,4206,2,4,0,0,1,0,0,Normal
tcp,ssl,CON,8.9329,36,48,17865,22608,14.1051,12799.39,20246.89,0,10,0.2481,0.1861,0.0138,0.0054,17330,5894011,5748898,40792,0.2913,0.04,0.0811,397,471,2,4930,2,4,0,0,1,0,0,Normal
udp,ssl,CON,7.9958,60,18,34425,14058,14.632650000000002,27554.44,14065.37,41,0,0.1333,0.4442,0.0045,0.0073,30864,6055528,5696796,16013,0.0315,0.0539,0.0696,459,781,0,2733,3,4,0,0,0,0,0,Normal
tcp,-,INT,7.4499,45,19,17325,2565,12.886199999999999,14883.51,2754.42,24,0,0.1656,0.3921,0.0103,0.0021,23605,8232411,9076935,19818,0.1644,0.0111,0.0311,308,135,2,2449,1,4,0,0,0,0,0,Normal
tcp,dns,INT,2.4439,26,33,5655,17226,36.21285,14809.24,56389.03,0,6,0.094,0.0741,0.0072,0.0049,56402,2111691,8666779,24997,0.0023,0.0329,0.0994,174,522,2,3851,1,2,0,0,0,0,0,Normal
icmp,http,RST,0.6701,653,14,63994,742,995.3867,764003.35,8858.49,10,6,0.001026,0.047864,0.3661,0.0275,849,349,870,2625,0.009719,0.00092,0.002844,98,53,1,55,95,13,0,0,2,1,1,Reconnaissance
tcp,ftp,INT,0.3685,670,9,83750,675,1842.5863,1818163.18,14653.85,3,9,0.00055,0.040945,0.1653,0.0243,958,144,968,3531,0.001163,0.003569,0.003344,125,75,1,150,97,23,0,0,4,0,1,Exploit
udp,dns,INT,1.482,74,32,24420,5440,107.29095,105460.88,29366.66,41,0,0.02,0.0463,0.0112,0.002,60492,4425983,1637534,30609,0.2241,0.072,0.062,264,170,2,4112,3,1,0,0,1,0,0,Normal
tcp,http,CON,0.5462,24,44,9150,26356,186.75345000000002,107218.45,386045.02,0,18,0.0228,0.0124,0.0171,0.0064,6780,8095442,190006,24979,0.114,0.0887,0.0277,305,599,2,4388,1,2,0,0,1,0,0,Normal
udp,-,CON,7.4612,63,2,26302,976,13.0677,22561.67,1046.49,60,0,0.1184,3.7306,0.0179,0.0035,59194,2409300,2645833,53150,0.1655,0.0976,0.005,334,488,2,362,1,2,0,0,1,0,0,Normal
tcp,ssl,INT,2.7585,29,18,20336,12636,25.557000000000002,47181.48,36645.47,11,0,0.0951,0.1533,0.0014,0.0198,58774,7522405,9361583,59860,0.2633,0.0153,0.0031,561,702,2,1947,1,4,0,0,0,0,0,Normal
icmp,ssh,RST,0.742,413,11,61537,682,571.3929,663430.29,7352.64,26,0,0.001797,0.067459,0.485,0.0345,2584,199,34,2450,0.00206,0.001259,0.003646,149,62,1,98,20,78,0,0,0,0,1,Shellcode
tcp,dns,FIN,8.5955,78,51,55770,12495,22.51185,41525.0,11629.35,26,0,0.1102,0.1685,0.0041,0.0034,48164,8987578,9464412,64244,0.0025,0.0147,0.0239,572,245,0,4607,2,2,0,0,1,0,0,Normal
tcp,-,CON,4.5946,24,8,8940,3720,10.4472,12452.98,6477.22,15,0,0.1914,0.5743,0.0121,0.0103,16461,1946831,2984618,64541,0.1608,0.0077,0.0348,298,465,0,1320,1,3,0,0,0,0,0,Normal
icmp,ftp,REQ,1.008,81,8,15147,624,88.291,120210.74,4952.23,18,5,0.012445,0.126004,0.2515,0.0418,1031,509,966,1781,0.006709,0.00432,0.004349,187,78,0,137,72,49,1,0,6,0,1,Backdoor
udp,-,INT,5.92,8,10,4100,7770,4.5609,4432.46,10500.05,0,0,0.74,0.592,0.0083,0.0032,39722,9192395,3901168,7376,0.2298,0.0094,0.0662,410,777,0,1517,4,4,0,0,1,0,0,Normal
udp,-,FIN,4.513,74,51,26177,1173,41.54625,37122.61,2079.31,23,0,0.061,0.0885,0.0173,0.0146,49217,8864589,1724450,20471,0.2996,0.0371,0.0595,283,23,0,3660,3,2,0,0,0,0,0,Normal
udp,http,REQ,0.2142,248,14,28520,406,1222.8878,1064939.21,15160.07,16,3,0.000864,0.015303,0.4015,0.0008,2646,520,601,535,0.002682,0.003484,0.004449,115,29,0,36,37,21,0,0,3,0,1,Analysis
udp,dns,CON,5.7497,45,44,10068,27500,23.21865,11207.54,38262.87,1,0,0.1278,0.1307,0.0022,0.0058,31633,8394564,4785364,42314,0.2712,0.0829,0.0205,179,625,1,675,2,3,0,0,0,0,0,Normal
udp,dns,INT,6.0567,11,16,5981,3440,6.686850000000001,6320.25,4543.71,0,4,0.5506,0.3785,0.0095,0.0147,40958,4654758,6406331,57395,0.0826,0.0052,0.0122,435,215,2,4952,4,3,0,0,0,0,0,Normal
tcp,http,INT,0.9414,37,54,14013,16200,145.0008,95273.5,137671.11,0,15,0.0254,0.0174,0.0151,0.0156,1875,1362697,5330743,43477,0.0063,0.0727,0.0993,303,300,2,2657,1,2,0,0,1,0,0,Normal
tcp,-,CON,0.9177,52,15,37570,7065,109.51575,262018.41,61590.37,36,0,0.0176,0.0612,0.0023,0.0084,47995,2667682,3358926,44138,0.0197,0.0471,0.0844,578,471,0,3441,1,3,0,0,1,0,0,Normal
tcp,ssl,INT,1.1337,13,32,3282,14240,59.541000000000004,18530.93,100487.63,0,18,0.0872,0.0354,0.0005,0.0009,29217,6556757,2188966,19427,0.035,0.0503,0.0999,202,445,1,4485,1,3,0,0,1,0,0,Normal
tcp,http,INT,7.5335,68,3,43010,471,14.1369,36538.64,500.17,65,0,0.1108,2.5112,0.0156,0.0033,26652,1742800,8576332,50110,0.1381,0.0457,0.0342,506,157,0,3020,4,3,0,0,0,0,0,Normal
tcp,dns,INT,7.2627,19,1,5771,747,4.1307,5085.73,822.84,17,0,0.3822,7.2627,0.005,0.002,57121,5644314,5264510,8573,0.2754,0.0823,0.0589,243,747,0,3921,3,4,0,0,0,0,0,Normal
udp,ssh,RST,0.9169,514,9,90464,36,570.4047,789309.28,314.1,13,1,0.001784,0.101877,0.3725,0.0091,258,947,314,4046,0.005553,0.000164,0.000517,176,4,1,141,84,57,0,0,2,1,1,Analysis
udp,http,FIN,8.108,77,12,50627,2964,16.465200000000003,39962.32,2924.51,63,0,0.1053,0.6757,0.0054,0.0196,63075,3210235,6183524,27959,0.0311,0.0253,0.0132,526,247,2,2946,2,4,0,0,1,0,0,Normal
tcp,-,INT,9.0026,45,9,16143,7056,8.99745,11476.74,6270.22,36,0,0.2001,1.0003,0.003,0.0018,18622,4138861,2220980,63813,0.2922,0.082,0.0319,287,784,2,3204,4,3,0,0,0,0,0,Normal
tcp,dns,CON,9.0693,65,51,41112,17901,19.1856,29012.05,15790.35,13,0,0.1395,0.1778,0.0151,0.0169,34230,6123146,9029598,44808,0.0449,0.0464,0.027,506,351,1,4228,1,1,0,0,0,0,0,Normal
tcp,-,INT,8.6349,44,0,31185,0,7.6434,23113.67,0.0,42,0,0.1962,8.6349,0.0127,0.0152,7761,2675045,2387526,16967,0.2691,0.0211,0.0798,567,0,0,92,3,1,0,0,0,0,0,Normal
tcp,ftp,REQ,0.5862,187,21,8976,924,354.8145,122492.88,12609.56,45,2,0.003135,0.027915,0.2839,0.0193,2451,70,50,139,0.00817,0.002847,0.002268,48,44,0,95,22,65,0,0,9,0,1,Reconnaissance
tcp,ssl,INT,4.9414,14,2,5355,630,4.857,6935.7,1019.96,12,0,0.353,2.4707,0.0027,0.0151,14134,6013535,8060886,45753,0.2063,0.0208,0.0352,306,315,0,2862,1,2,0,0,0,0,0,Normal
udp,ftp,INT,0.3359,534,0,103596,0,1589.8994,2467523.82,0.0,11,4,0.000629,0.33587,0.4965,0.0213,985,269,371,3000,0.002327,0.004523,0.003327,194,0,0,118,55,16,0,0,9,1,1,Generic
tcp,-,INT,9.4794,27,48,8167,28560,11.86785,5514.25,24102.67,0,21,0.3511,0.1975,0.0127,0.0156,20673,812502,602280,40986,0.14,0.0257,0.0679,242,595,1,2846,3,2,0,0,1,0,0,Normal
udp,ssl,CON,9.1839,44,2,31625,894,7.513199999999999,22038.66,778.76,40,0,0.2087,4.5919,0.0085,0.0169,38693,8379563,3972334,21766,0.2229,0.0601,0.0874,575,447,0,18,4,1,0,0,1,0,0,Normal
udp,dns,CON,4.381,43,1,30691,110,15.065249999999999,44835.79,200.87,40,0,0.1019,4.381,0.0141,0.004,6464,3438641,3839507,51662,0.0716,0.0556,0.0197,571,110,0,4920,3,3,0,0,1,0,0,Normal
udp,dns,INT,8.5622,10,38,3912,18772,8.40915,2924.49,17539.47,0,26,0.8562,0.2253,0.0079,0.0125,49887,9530136,5360446,22121,0.1924,0.0649,0.02,313,494,1,4700,3,4,0,0,1,0,0,Normal
tcp,http,RST,1.4402,412,8,69216,120,291.6252,384478.62,666.57,20,4,0.003496,0.180026,0.4037,0.0617,2309,374,140,412,0.007368,0.00427,0.002116,168,15,0,21,41,26,0,0,8,1,1,Botnet
tcp,ssl,FIN,1.4019,73,31,37595,18259,111.27974999999999,171633.26,104197.75,41,0,0.0192,0.0452,0.002,0.0062,47390,7878763,8783249,83,0.2894,0.0586,0.0355,412,589,0,2155,1,1,0,0,1,0,0,Normal
udp,dns,FIN,6.6229,23,52,7647,832,16.986449999999998,7390.09,1004.99,0,27,0.288,0.1274,0.009,0.0003,17917,877401,6476273,22834,0.103,0.0608,0.0446,266,16,2,3287,2,4,0,0,1,0,0,Normal
icmp,ftp,INT,1.2148,376,12,56400,840,319.3869,371410.77,5531.65,42,9,0.003231,0.101236,0.2744,0.0907,470,650,468,3923,0.005077,0.004504,0.004969,150,70,1,121,52,78,0,0,9,1,1,Botnet
udp,-,FIN,4.0249,67,58,42712,4524,46.584450000000004,67916.4,8991.92,8,0,0.0601,0.0694,0.0092,0.01,58516,156254,719974,8487,0.0801,0.0015,0.0827,510,78,0,484,2,3,0,0,1,0,0,Normal
tcp,ssh,CON,1.0978,762,11,119634,1023,704.1234,871793.98,7454.78,40,2,0.001441,0.099802,0.3805,0.0404,2133,839,152,2955,0.005123,0.003978,0.003279,157,93,0,100,80,41,0,0,9,0,1,Exploit
udp,http,INT,3.5052,50,45,32312,23400,40.65435,58998.81,53407.04,4,0,0.0701,0.0779,0.0066,0.006,63752,7125589,1661347,3656,0.2103,0.0,0.0471,517,520,0,4616,2,4,0,0,0,0,0,Normal
tcp,-,INT,0.9642,27,39,16605,23595,102.67545,110217.51,195768.0,0,12,0.0357,0.0247,0.0045,0.0085,36488,2525988,1282285,35439,0.1409,0.0135,0.0082,492,605,2,1482,4,1,0,0,1,0,0,Normal
tcp,dns,INT,7.2274,30,6,1650,2064,7.4715,1461.1,2284.64,23,0,0.2409,1.2046,0.011,0.011,35475,7416313,531034,59614,0.0714,0.0384,0.0412,44,344,1,1106,3,1,0,0,0,0,0,Normal
tcp,http,FIN,8.6752,71,49,13401,22295,20.74875,9886.56,20559.72,20,0,0.1222,0.177,0.0165,0.0065,42962,2774341,8974921,55626,0.2052,0.0555,0.0393,151,455,2,4211,3,1,0,0,0,0,0,Normal
tcp,dns,CON,0.5769,8,27,5070,2349,91.00604999999999,56246.96,32574.98,0,19,0.0721,0.0214,0.0038,0.0107,46436,3903865,5707334,49985,0.1985,0.0176,0.0115,507,87,0,331,4,1,0,0,0,0,0,Normal
udp,http,CON,3.2779,43,21,16447,3717,29.2869,32113.13,9071.63,21,0,0.0762,0.1561,0.003,0.0137,54422,5436217,3327350,15737,0.1614,0.0447,0.0753,306,177,0,4784,2,3,0,0,1,0,0,Normal
tcp,-,CON,7.1714,6,59,1110,25724,13.595550000000001,990.59,28696.02,0,51,1.1952,0.1215,0.0052,0.006,45883,355060,3736975,51902,0.1111,0.0467,0.0674,148,436,0,4472,1,2,0,0,0,0,0,Normal
udp,http,INT,7.5037,7,4,1828,1520,2.19885,1559.77,1620.54,3,0,1.072,1.8759,0.0176,0.009,23919,8742589,8561786,16925,0.1667,0.0278,0.0579,209,380,2,3146,2,3,0,0,1,0,0,Normal
udp,ssl,INT,8.3447,48,11,29520,3102,10.60545,22640.46,2973.86,35,0,0.1738,0.7586,0.0188,0.0076,15989,3601040,4180658,56017,0.1707,0.0377,0.0176,492,282,2,4906,1,2,0,0,1,0,0,Normal
udp,http,INT,0.5306,49,25,29032,9550,209.2014,350191.86,143990.88,22,0,0.0108,0.0212,0.0169,0.0185,56457,2638828,553117,26600,0.2877,0.037,0.0127,474,382,1,1819,2,1,0,0,0,0,0,Normal
tcp,dns,FIN,4.7913,31,30,8447,14100,19.097250000000003,11283.89,23542.9,0,0,0.1546,0.1597,0.0033,0.0099,55915,4339801,4404149,54277,0.0242,0.0295,0.084,218,470,1,1213,2,1,0,0,1,0,0,Normal
tcp,http,INT,7.1545,19,59,8930,3481,16.3533,7988.25,3892.37,0,39,0.3766,0.1213,0.0004,0.0145,55228,1558278,7391994,29804,0.1331,0.0029,0.0532,376,59,2,1355,1,3,0,0,1,0,0,Normal
udp,ssl,FIN,0.2404,46,48,2357,27264,586.47105,62756.56,907208.24,0,1,0.0052,0.005,0.0011,0.0135,49665,7078892,4959438,39950,0.2296,0.0045,0.0571,41,568,2,4791,4,4,0,0,0,0,0,Normal
tcp,-,INT,7.3019,46,0,5232,0,9.449549999999999,4586.18,0.0,45,0,0.1587,7.3019,0.0022,0.0084,11183,9658139,6189319,42138,0.1463,0.0179,0.0071,91,0,0,1031,1,3,0,0,1,0,0,Normal
tcp,http,FIN,9.4863,77,55,39462,43065,20.872349999999997,26623.76,36317.77,20,0,0.1232,0.1725,0.0182,0.0132,48923,5670455,6248300,21450,0.1298,0.034,0.0848,410,783,1,727,2,3,0,0,0,0,0,Normal
tcp,ssh,RST,1.2777,149,11,23244,275,125.2296,145541.8,1721.91,11,0,0.008575,0.11615,0.0453,0.0259,2501,727,290,2994,0.005881,0.001197,0.003884,156,25,1,178,72,33,0,0,7,1,1,Reconnaissance
udp,-,RST,0.354,685,12,80145,204,1968.8793,1811143.01,4610.06,49,6,0.000517,0.029501,0.0398,0.0862,3331,286,69,1141,0.007806,0.001784,0.001772,117,17,0,96,66,67,0,0,2,1,1,Exploit
udp,ssl,INT,5.2802,19,43,6436,23607,17.612849999999998,7801.15,35766.51,0,24,0.2779,0.1228,0.0072,0.0028,39120,7759919,1591102,34689,0.042,0.064,0.0993,271,549,0,3018,4,4,0,0,0,0,0,Normal
tcp,ssl,INT,8.1983,5,41,3612,19024,8.41635,2820.1,18563.85,0,34,1.6397,0.2,0.0147,0.01,26816,8538617,8316013,50398,0.2853,0.0745,0.0914,578,464,0,3587,2,4,0,0,1,0,0,Normal
udp,http,CON,6.8311,38,22,5082,15664,13.17495,4761.73,18344.27,14,0,0.1798,0.3105,0.0111,0.0109,26402,9365902,4196470,30564,0.0227,0.0997,0.038,107,712,0,1906,1,1,0,0,0,0,0,Normal
udp,dns,FIN,6.3187,9,9,2745,6471,4.27305,2780.3,8192.78,0,0,0.7021,0.7021,0.0113,0.0035,29182,7179243,1961094,3483,0.0249,0.0943,0.0036,244,719,0,2215,2,4,0,0,1,0,0,Normal
udp,-,INT,9.1127,62,47,6742,27119,17.94195,4735.34,23807.52,14,0,0.147,0.1939,0.0162,0.0148,4760,1172469,4339174,30738,0.0408,0.0611,0.0513,87,577,2,2567,2,2,0,0,1,0,0,Normal
icmp,http,INT,0.8025,507,17,33462,459,652.9391,333567.16,4575.56,4,8,0.001583,0.047207,0.1294,0.0139,2663,89,351,2374,0.001796,0.002456,0.000412,66,27,0,22,53,54,0,0,7,0,1,Botnet
udp,ssl,CON,6.2808,19,9,5628,4185,6.687,5735.59,5330.55,9,0,0.3306,0.6979,0.0174,0.0137,21907,4155278,6698940,59687,0.1333,0.0677,0.0292,237,465,2,1973,1,2,0,0,0,0,0,Normal
tcp,-,INT,4.6872,58,12,41760,6864,22.4013,57019.45,11715.2,44,0,0.0808,0.3906,0.0107,0.0077,53659,2509646,2124314,15498,0.0089,0.03,0.0362,576,572,2,1493,3,3,0,0,0,0,0,Normal
tcp,http,RST,0.6546,513,9,100548,153,797.4461,1228836.92,1869.87,6,4,0.001276,0.072732,0.223,0.0148,2229,791,761,2151,0.001174,0.004525,0.001415,196,17,1,95,46,39,0,0,5,1,1,Shellcode
udp,http,FIN,2.5956,10,47,5637,24158,32.94045,13900.46,74458.41,0,37,0.2596,0.0552,0.0147,0.0148,807,4630707,7153951,17752,0.0098,0.0247,0.0579,451,514,2,801,4,1,0,0,1,0,0,Normal
tcp,ftp,INT,0.3121,403,22,62868,1562,1361.6986,1611430.88,40037.14,34,3,0.000774,0.014187,0.4237,0.0461,485,878,124,1202,0.000963,0.004891,0.00261,156,71,1,20,50,72,0,0,1,0,1,Generic
udp,dns,CON,6.7739,32,8,18880,3528,8.8575,17837.93,4166.59,23,0,0.2117,0.8467,0.0121,0.0164,28304,511567,9376953,17812,0.0582,0.0322,0.0769,472,441,1,1531,2,2,0,0,0,0,0,Normal
icmp,ssh,REQ,1.2457,529,4,93633,372,427.8733,601321.79,2389.03,48,2,0.002355,0.311424,0.2892,0.0294,3295,166,303,4043,0.009544,0.004704,0.00041,177,93,0,188,71,15,0,0,6,1,1,Analysis
tcp,dns,INT,9.0949,32,15,18000,1425,7.7517,12666.49,1253.45,17,0,0.2842,0.6063,0.0039,0.0139,26332,7354404,3628372,64784,0.0468,0.0345,0.0191,450,95,2,4179,3,4,0,0,1,0,0,Normal
tcp,http,RST,0.8376,118,1,11210,72,142.0759,107070.3,687.7,10,9,0.007098,0.837581,0.442,0.0481,3005,327,536,3062,0.008737,0.001328,0.002997,95,72,1,107,62,43,0,0,3,0,1,Reconnaissance
udp,dns,FIN,3.5309,8,33,1310,24750,17.41785,2374.49,56076.89,0,25,0.4414,0.107,0.0071,0.0111,8940,7676218,263999,44630,0.0969,0.0275,0.0785,131,750,1,2345,2,1,0,0,1,0,0,Normal
udp,ssl,INT,9.7994,1,39,336,9087,6.12285,219.6,7418.39,0,38,9.7994,0.2513,0.015,0.0059,39493,9023821,9411756,50259,0.1802,0.0538,0.0759,269,233,0,4544,3,1,0,0,0,0,0,Normal
udp,ssl,FIN,8.1554,7,15,3762,5445,4.0464,2952.64,5341.23,0,6,1.1651,0.5437,0.0119,0.0099,56937,8752875,7407695,47275,0.0085,0.0742,0.0267,430,363,0,2282,4,2,0,0,1,0,0,Normal
udp,ssl,INT,0.4186,12,3,2385,2310,53.7567,36468.5,44152.11,9,0,0.0349,0.1395,0.0117,0.0186,57140,3290713,3392485,12567,0.2001,0.0528,0.0401,159,770,2,3000,4,4,0,0,1,0,0,Normal
tcp,ssl,INT,0.0231,22,16,4152,2896,2467.27215,1150354.79,1002837.89,4,0,0.0011,0.0014,0.0019,0.0174,3209,2212219,4602955,1502,0.1246,0.088,0.0466,151,181,1,193,3,1,0,0,1,0,0,Normal
udp,-,INT,2.7988,21,59,14936,23659,42.8748,34154.12,67625.09,0,38,0.1333,0.0474,0.0187,0.0083,2550,2635693,6231815,305,0.1335,0.0645,0.0707,569,401,0,3854,4,1,0,0,0,0,0,Normal
udp,dns,CON,0.852,29,22,16095,2046,89.78715,120899.37,19210.94,5,0,0.0294,0.0387,0.0122,0.0123,555,2282163,1228387,18577,0.1738,0.0181,0.0873,444,93,0,4525,2,1,0,0,1,0,0,Normal
tcp,ftp,INT,0.2694,498,14,89640,1050,1900.6441,2662089.66,31182.44,26,8,0.000541,0.019242,0.438,0.0045,2992,255,98,831,0.003549,0.002654,0.002423,180,75,0,143,91,33,0,0,7,0,1,Analysis
tcp,-,INT,1.0277,740,2,56980,62,722.0158,443562.93,482.64,8,8,0.001389,0.513839,0.0959,0.0791,988,507,753,1320,0.009697,0.001726,0.00057,77,31,1,167,25,23,0,0,8,1,1,Reconnaissance
udp,ssl,FIN,7.3723,1,34,107,22678,7.12125,93.32,24608.73,0,31,7.3723,0.2168,0.0123,0.0149,13956,9039352,3324703,38563,0.1103,0.0499,0.0111,86,667,0,517,2,3,0,0,1,0,0,Normal
udp,dns,FIN,3.0637,49,43,3613,29025,45.04425,7549.15,75791.78,5,0,0.0625,0.0712,0.0025,0.0146,57552,1250762,5920359,3453,0.0721,0.0987,0.031,59,675,1,4902,4,3,0,0,1,0,0,Normal
tcp,-,CON,3.1354,63,49,41580,5537,53.58135,84872.85,14127.61,13,0,0.0498,0.064,0.01,0.0077,9946,1060627,1801537,55802,0.2723,0.0375,0.054,528,113,1,3082,3,4,0,0,0,0,0,Normal
tcp,http,INT,4.0012,21,8,12311,4072,10.8717,19692.12,8141.57,13,0,0.1905,0.5001,0.0048,0.003,43008,9797049,4899995,41395,0.2222,0.0641,0.0816,469,509,2,3432,3,2,0,0,1,0,0,Normal
tcp,ssl,FIN,9.7984,52,54,36725,13122,16.227149999999998,23987.59,10713.59,0,2,0.1884,0.1815,0.0057,0.0119,28266,2110771,8315648,46484,0.2533,0.0573,0.0173,565,243,0,2471,1,1,0,0,1,0,0,Normal
tcp,http,FIN,4.7829,50,21,33312,14805,22.2669,44575.64,24763.31,28,0,0.0957,0.2278,0.0034,0.0018,42233,5840695,4748639,9201,0.2007,0.004,0.0726,533,705,2,19,4,4,0,0,0,0,0,Normal
udp,dns,CON,5.7307,58,11,42050,5819,18.0606,46961.21,8123.28,45,0,0.0988,0.521,0.018,0.0088,21194,7555394,937565,41094,0.1055,0.0021,0.0774,580,529,1,3699,2,4,0,0,0,0,0,Normal
tcp,-,INT,3.3299,25,53,11343,38107,35.135999999999996,21802.37,91550.74,0,26,0.1332,0.0628,0.0157,0.0129,56926,4854885,1285662,8588,0.1978,0.0401,0.0656,363,719,1,4542,1,4,0,0,0,0,0,Normal
tcp,dns,INT,7.9861,19,24,5438,5832,8.076600000000001,4358.58,5842.16,0,3,0.4203,0.3328,0.0024,0.0085,38288,6441738,4024640,33938,0.2198,0.0993,0.0197,229,243,2,356,2,2,0,0,1,0,0,Normal
udp,ssl,INT,9.1258,46,9,22080,1053,9.04035,15484.88,923.1,35,0,0.1984,1.014,0.001,0.0165,27798,524117,2790967,11328,0.01,0.0319,0.0985,384,117,2,2789,3,3,0,0,0,0,0,Normal
udp,-,FIN,3.195,70,52,35525,13572,57.27615,71160.11,33982.59,16,0,0.0456,0.0614,0.0038,0.0069,6324,1078671,3414002,46875,0.1259,0.0376,0.0111,406,261,1,1954,3,1,0,0,0,0,0,Normal
udp,-,FIN,1.6889,66,24,28545,9360,79.93215000000001,108167.64,44335.66,41,0,0.0256,0.0704,0.0079,0.0008,37762,318642,4937468,42016,0.0666,0.0717,0.0205,346,390,1,3014,2,3,0,0,1,0,0,Normal
udp,ssl,FIN,8.8393,39,8,25886,5504,7.9758,18742.76,4981.42,31,0,0.2266,1.1049,0.0197,0.0015,53494,3458388,6351744,57756,0.0535,0.0244,0.0809,531,688,0,2026,3,2,0,0,1,0,0,Normal
udp,ssl,CON,9.748,56,24,5670,15744,12.310199999999998,3722.61,12920.82,31,0,0.1741,0.4062,0.0046,0.0074,53010,8940614,2924712,39438,0.2526,0.0332,0.0345,81,656,1,1312,4,4,0,0,1,0,0,Normal
tcp,dns,FIN,5.4834,28,56,8365,6104,22.978650000000002,9763.35,8905.48,0,26,0.1958,0.0979,0.0074,0.0029,48677,2805755,8577136,21406,0.1576,0.0705,0.0896,239,109,1,2539,3,3,0,0,0,0,0,Normal
udp,http,CON,8.4804,76,24,29355,16248,17.688,22153.79,15327.66,50,0,0.1116,0.3533,0.0019,0.0054,19600,2898065,9500272,22518,0.1496,0.0658,0.0409,309,677,0,4663,3,4,0,0,0,0,0,Normal
tcp,ftp,REQ,0.1882,751,0,110397,0,3990.887,4693283.1,0.0,45,6,0.000251,0.188179,0.0423,0.0098,2614,350,628,158,0.002379,0.000189,0.003483,147,0,1,147,37,20,0,0,0,0,1,Exploit
tcp,ssl,CON,4.4551,32,21,12360,13440,17.8449,17756.02,24134.4,9,0,0.1392,0.2121,0.0165,0.0163,56376,6584641,1485687,64450,0.2915,0.0691,0.0337,309,640,2,1304,1,3,0,0,0,0,0,Normal
tcp,ftp,RST,0.3554,260,3,47060,78,739.9495,1059224.99,1755.62,48,1,0.001367,0.118477,0.3652,0.0007,686,843,836,3174,0.006113,0.000747,0.001904,181,26,0,173,84,17,0,0,4,0,1,DoS
tcp,-,FIN,1.2166,50,31,4937,20119,99.8706,25974.59,132299.45,17,0,0.0243,0.0392,0.0071,0.0,38993,9515125,6200119,1772,0.1016,0.062,0.0389,79,649,0,4821,4,4,0,0,1,0,0,Normal
tcp,ssh,CON,0.9867,276,0,54648,0,279.714,443067.02,0.0,9,1,0.003575,0.986722,0.025,0.0599,59,823,109,3905,0.000562,0.001617,0.001349,198,0,1,84,50,22,0,0,9,1,1,Generic
tcp,ssl,INT,6.4492,79,11,18960,3410,20.9328,18815.38,4229.99,66,0,0.0816,0.5863,0.0023,0.0089,752,791235,2525215,38883,0.0519,0.0018,0.0081,192,310,1,4988,2,4,0,0,1,0,0,Normal
icmp,-,INT,0.6997,765,18,30600,630,1118.9769,349841.06,7202.61,26,3,0.000915,0.038875,0.4359,0.0689,2102,352,81,1134,0.000876,0.002174,0.001685,40,35,1,127,46,38,0,0,1,1,1,Analysis
udp,ssl,FIN,8.6196,59,24,7965,12168,14.443950000000001,5913.99,11293.38,33,0,0.1461,0.3591,0.0078,0.0081,11954,5831468,2550473,13701,0.2335,0.0015,0.0344,108,507,0,4232,1,3,0,0,0,0,0,Normal
udp,dns,FIN,6.5811,33,12,13695,7512,10.25655,13318.04,9131.54,21,0,0.1994,0.5484,0.0191,0.0034,48167,4164721,2722603,48098,0.1386,0.0121,0.0988,332,626,0,14,3,2,0,0,1,0,0,Normal
tcp,-,INT,3.647,67,18,36012,6030,34.96065,63197.93,13227.47,47,0,0.0544,0.2026,0.0101,0.0047,31549,2765896,6200267,50492,0.1624,0.0315,0.0515,430,335,0,3893,3,4,0,0,0,0,0,Normal
udp,http,CON,7.2955,12,9,7500,4662,4.31775,6579.36,5112.16,1,0,0.608,0.8106,0.0127,0.011,54884,4679052,4558652,35066,0.0819,0.0099,0.038,500,518,2,940,1,4,0,0,0,0,0,Normal
tcp,-,CON,0.7429,732,13,142740,1157,1002.8587,1537160.35,12459.68,31,9,0.001015,0.057144,0.3803,0.0657,3209,421,18,362,0.002787,0.000417,0.002834,195,89,0,7,65,20,0,0,9,0,1,Exploit
tcp,ssl,INT,6.4458,69,4,4657,1996,16.9878,4624.39,2477.26,63,0,0.0934,1.6115,0.0147,0.0165,3921,3012836,4003202,26555,0.0359,0.0404,0.0284,54,499,2,807,4,1,0,0,0,0,0,Normal
tcp,-,RST,1.4928,748,21,112948,441,515.1279,605281.36,2363.29,15,9,0.001996,0.071087,0.2049,0.0776,1653,631,123,344,0.001145,0.002023,0.003437,151,21,1,28,44,50,0,0,7,0,1,Shellcode
tcp,ssh,RST,0.8502,418,12,56430,396,505.7594,530976.77,3726.15,12,1,0.002034,0.070851,0.403,0.0852,2375,416,819,29,0.009142,0.004735,0.002236,135,33,0,58,29,42,0,0,6,0,1,Reconnaissance
tcp,dns,FIN,1.9292,38,27,13110,4725,50.53965,43492.09,19593.83,10,0,0.0508,0.0715,0.0004,0.0095,18831,1607181,5818489,26834,0.0173,0.0227,0.075,276,175,1,4721,2,1,0,0,1,0,0,Normal
udp,http,CON,1.1507,361,24,49818,96,334.5866,346357.11,667.44,47,6,0.003187,0.047945,0.0662,0.0735,844,105,69,1014,0.009646,0.001621,0.00177,138,4,1,180,74,17,0,0,2,1,1,Worm
icmp,ssh,CON,0.7477,354,11,26904,88,488.149,287850.12,941.53,7,6,0.002112,0.067975,0.0816,0.0382,573,786,128,3569,0.005779,0.001523,0.000528,76,8,1,96,60,51,0,0,0,1,1,Shellcode
tcp,dns,CON,3.2842,25,9,15062,144,15.529050000000002,29352.83,350.77,15,0,0.1314,0.3649,0.0171,0.0196,19500,5377982,3192044,18337,0.2598,0.0444,0.0241,482,16,1,2979,4,3,0,0,1,0,0,Normal
tcp,ssl,CON,7.6547,69,36,35017,2340,20.57565,29277.8,2445.56,31,0,0.1109,0.2126,0.002,0.013,52225,8219463,3208893,8798,0.2784,0.024,0.0997,406,65,2,3103,1,4,0,0,0,0,0,Normal
tcp,ssl,INT,4.6934,78,25,50797,14875,32.91825,69267.62,25354.49,52,0,0.0602,0.1877,0.0184,0.0139,10124,1246122,2115674,40156,0.1745,0.0397,0.0844,521,595,0,1853,3,4,0,0,1,0,0,Normal
udp,ssl,CON,6.2049,19,44,5225,8096,15.229949999999999,5389.3,10438.22,0,24,0.3266,0.141,0.009,0.0048,23221,3907731,4331192,18070,0.1213,0.0152,0.0833,220,184,2,2443,4,4,0,0,1,0,0,Normal
udp,http,CON,2.3793,9,9,6401,90,11.3478,17218.42,302.61,0,0,0.2644,0.2644,0.0189,0.0068,30827,2532033,648523,6252,0.2858,0.0674,0.0211,569,10,0,1916,3,2,0,0,0,0,0,Normal
tcp,-,INT,0.7712,21,57,14490,14307,151.70325,120242.34,148404.69,0,34,0.0367,0.0135,0.0108,0.0172,12075,5473571,1591472,55960,0.2004,0.0658,0.0329,552,251,2,4252,1,2,0,0,1,0,0,Normal
tcp,-,INT,3.4678,53,12,16165,6492,28.116,29833.52,14976.74,41,0,0.0654,0.289,0.0033,0.0059,6732,8678539,1805932,30034,0.2051,0.0135,0.0624,244,541,0,4423,2,4,0,0,0,0,0,Normal
icmp,http,RST,0.268,528,12,59136,672,2014.9955,1765315.21,20060.4,27,9,0.000508,0.022333,0.279,0.0479,2749,518,736,1213,0.003977,0.002424,0.001328,112,56,1,55,30,52,0,0,6,1,1,Exploit
udp,ssl,INT,7.2708,13,32,2470,13568,9.2838,2174.19,14928.83,0,19,0.5593,0.2272,0.002,0.0079,26468,6897874,6812285,601,0.1808,0.0214,0.092,152,424,2,848,3,3,0,0,1,0,0,Normal
tcp,dns,FIN,2.0503,26,10,19370,2710,26.33775,60463.72,10574.13,14,0,0.0789,0.205,0.0083,0.0072,59726,9424306,6216789,52738,0.1183,0.0113,0.0456,596,271,0,3654,3,4,0,0,1,0,0,Normal
tcp,dns,INT,5.7458,14,54,6230,19548,17.75205,6939.32,27217.05,0,39,0.4104,0.1064,0.0045,0.0071,24816,9928695,5493435,14256,0.2714,0.0551,0.0037,356,362,0,4051,3,2,0,0,1,0,0,Normal
udp,ssl,CON,3.9642,60,24,19875,408,31.784549999999996,32087.24,823.37,36,0,0.0661,0.1652,0.0027,0.0038,34819,4511922,2418557,59860,0.2959,0.021,0.0289,265,17,1,1707,4,4,0,0,1,0,0,Normal
udp,-,INT,7.7901,56,37,28910,12062,17.9073,23751.03,12386.93,17,0,0.1391,0.2105,0.0039,0.0189,37211,9452594,1661544,37791,0.0606,0.0528,0.0331,413,326,2,3631,4,1,0,0,0,0,0,Normal
udp,http,INT,5.284,51,21,32703,5628,20.439,39610.71,8520.78,30,0,0.1036,0.2516,0.0136,0.0065,14351,1066607,3546929,48096,0.1422,0.0632,0.0115,513,268,1,3917,1,4,0,0,0,0,0,Normal
tcp,http,CON,0.4127,468,13,49608,1040,1165.5992,961713.89,20161.72,38,8,0.000882,0.031743,0.1421,0.042,1136,685,360,3246,0.006186,0.000552,0.003007,106,80,1,148,28,24,0,0,0,0,1,Reconnaissance
udp,ssl,FIN,7.9206,72,3,38070,462,14.203499999999998,30761.4,466.63,68,0,0.11,2.6402,0.0068,0.0082,26479,4112915,9418580,62587,0.1945,0.097,0.018,423,154,2,4418,4,3,0,0,0,0,0,Normal
tcp,http,CON,0.9753,756,17,92988,391,792.6022,762768.37,3207.32,14,2,0.00129,0.057369,0.2643,0.0539,4027,182,740,1390,0.007091,0.003008,0.003598,123,23,0,105,97,50,0,0,7,0,1,Exploit
udp,ssl,INT,8.8498,67,5,4103,2830,12.2037,2967.76,2558.26,60,0,0.1321,1.77,0.0103,0.0047,57286,2674038,9549743,38913,0.1656,0.075,0.017,49,566,0,3317,2,1,0,0,1,0,0,Normal
tcp,dns,FIN,7.036,2,7,1077,3199,1.91865,980.1,3637.27,0,5,3.518,1.0051,0.0011,0.0176,37938,1629095,6048035,22989,0.117,0.0897,0.0561,431,457,0,1245,1,1,0,0,1,0,0,Normal
tcp,-,INT,8.4661,31,39,22513,5265,12.40245,17019.46,4975.15,0,8,0.2731,0.2171,0.0064,0.0037,13406,1712614,5362270,15681,0.0289,0.0494,0.0111,581,135,0,4906,4,4,0,0,0,0,0,Normal
tcp,dns,FIN,2.3861,68,3,9180,399,44.632949999999994,24622.34,1337.73,64,0,0.0351,0.7954,0.0196,0.0124,51899,7311441,6337043,58198,0.0165,0.0231,0.0993,108,133,1,4544,4,4,0,0,0,0,0,Normal
udp,dns,INT,0.3972,58,28,5075,7196,324.7653,81770.36,144930.92,29,0,0.0068,0.0142,0.0101,0.01,55209,8426606,4134847,26492,0.0542,0.0735,0.0291,70,257,1,4131,3,4,0,0,1,0,0,Normal
udp,dns,CON,9.5117,23,5,4485,2190,4.4155500000000005,3017.75,1841.94,17,0,0.4136,1.9023,0.017,0.0099,42394,6279845,4317790,29354,0.2057,0.0463,0.0295,156,438,1,438,1,2,0,0,1,0,0,Normal
udp,dns,INT,8.6424,17,48,7543,36576,11.281649999999999,5586.42,33857.33,0,29,0.5084,0.18,0.0151,0.0141,21505,5602663,8800351,44460,0.0309,0.0311,0.0111,355,762,0,282,3,2,0,0,1,0,0,Normal
tcp,http,FIN,3.8134,13,39,7670,16224,20.454150000000002,12872.44,34035.61,0,25,0.2933,0.0978,0.0039,0.0016,32778,5407087,311656,63342,0.1544,0.032,0.0968,472,416,1,2822,3,1,0,0,1,0,0,Normal
tcp,-,FIN,2.6531,73,46,29656,6394,67.27935,71538.44,19279.95,27,0,0.0363,0.0577,0.0153,0.0096,58375,528367,7030871,51320,0.0061,0.0762,0.0661,325,139,2,2120,3,1,0,0,1,0,0,Normal
tcp,http,REQ,1.3698,310,7,15500,651,231.4168,90522.67,3801.95,13,1,0.004419,0.195689,0.1086,0.0766,456,225,258,535,0.009462,0.003657,0.001505,50,93,1,123,49,24,1,1,5,0,1,Backdoor
udp,dns,FIN,7.5146,6,21,4342,4284,5.3895,3698.38,4560.7,0,15,1.2524,0.3578,0.0067,0.0182,38473,763618,5984238,44936,0.0547,0.0547,0.0958,579,204,0,386,1,1,0,0,0,0,0,Normal
udp,http,INT,0.9006,67,3,46900,357,116.59394999999999,333303.2,3171.36,63,0,0.0134,0.3002,0.0028,0.0015,41787,7335971,1536160,2720,0.0963,0.0405,0.0996,560,119,1,3064,4,4,0,0,1,0,0,Normal
tcp,dns,FIN,5.7829,12,50,5775,33050,16.0818,6391.24,45720.9,0,37,0.4819,0.1157,0.0095,0.0117,22124,3961344,9803286,28835,0.1794,0.0864,0.0223,385,661,0,1677,3,2,0,0,1,0,0,Normal
udp,ssl,FIN,5.8398,50,59,15062,4248,27.997799999999998,16507.54,5819.42,0,7,0.1168,0.099,0.0027,0.0044,40426,8633108,9053724,52118,0.1162,0.0262,0.0712,241,72,1,104,4,2,0,0,0,0,0,Normal
tcp,http,INT,9.6369,2,51,1447,36159,8.24955,961.3,30017.06,0,47,4.8185,0.189,0.0079,0.009,2402,3483767,6768873,42124,0.2304,0.0034,0.061,579,709,2,2204,2,3,0,0,1,0,0,Normal
udp,dns,CON,0.8495,8,22,460,10098,52.97475,3465.73,95100.27,0,12,0.1062,0.0386,0.0145,0.012,17431,2346475,5011363,32448,0.1685,0.079,0.0457,46,459,1,581,1,3,0,0,1,0,0,Normal
udp,ssl,FIN,1.7985,62,28,23947,7616,75.06360000000001,85218.82,33877.57,33,0,0.029,0.0642,0.0083,0.0157,20924,3912954,2411891,4730,0.0364,0.0661,0.0572,309,272,0,3486,1,3,0,0,0,0,0,Normal
tcp,http,CON,8.6616,41,9,9276,675,8.6589,6854.16,623.44,30,0,0.2113,0.9624,0.0145,0.0053,32273,4258079,2216401,54418,0.1465,0.0859,0.0901,181,75,0,499,4,4,0,0,0,0,0,Normal
tcp,http,FIN,2.3866,49,11,32462,8745,37.71105,87053.76,29314.02,38,0,0.0487,0.217,0.0019,0.0007,39971,4195318,5142133,58849,0.1244,0.0597,0.0467,530,795,2,4301,2,1,0,0,0,0,0,Normal
tcp,ssl,FIN,1.9682,41,8,17015,3736,37.34445,55328.64,15185.7,33,0,0.048,0.246,0.0057,0.0102,8983,4099515,7088476,57292,0.1733,0.0901,0.076,332,467,1,3979,4,2,0,0,0,0,0,Normal
tcp,-,CON,8.6124,20,41,9125,11316,10.6242,6780.91,10511.35,0,21,0.4306,0.2101,0.0099,0.0128,58480,7196538,4960275,15344,0.1989,0.0504,0.0737,365,276,0,921,4,2,0,0,1,0,0,Normal
udp,dns,FIN,6.0864,43,58,32142,22562,24.8916,33798.68,29655.66,0,13,0.1415,0.1049,0.0172,0.0094,35283,5620805,6108566,147,0.0528,0.0035,0.0111,598,389,2,4239,2,1,0,0,0,0,0,Normal
udp,-,INT,1.3711,72,37,10260,27602,119.2431,47889.77,161044.52,35,0,0.019,0.0371,0.0073,0.0069,3238,650344,3098444,37395,0.202,0.0273,0.0188,114,746,2,3782,4,3,0,0,1,0,0,Normal
icmp,http,RST,0.0498,220,22,9900,1650,4862.6093,1591399.42,265233.24,45,1,0.000226,0.002262,0.0662,0.0966,3932,697,228,3117,0.001175,0.003523,0.003675,45,75,0,89,44,19,0,0,0,1,1,Exploit
udp,dns,CON,9.3653,20,38,14900,4902,9.28965,10182.25,4187.36,0,16,0.4683,0.2465,0.0116,0.0063,19450,2430082,2386844,57324,0.2925,0.0096,0.0241,596,129,2,64,2,1,0,0,1,0,0,Normal
udp,http,FIN,1.3734,34,41,21377,4264,81.91215,99616.9,24837.24,0,6,0.0404,0.0335,0.0065,0.0173,65259,4095326,6086149,46981,0.1049,0.0936,0.0274,503,104,2,2933,3,3,0,0,1,0,0,Normal
tcp,http,CON,9.5816,79,58,51547,19372,21.4473,34430.85,16174.27,21,0,0.1213,0.1652,0.019,0.0039,29831,6021903,7239174,39267,0.1304,0.0629,0.0529,522,334,2,4907,3,4,0,0,1,0,0,Normal
tcp,dns,CON,1.8775,46,35,17595,13160,64.7142,59978.02,56074.94,10,0,0.0408,0.0536,0.015,0.0104,4186,6712676,3881007,48799,0.1735,0.0454,0.0443,306,376,0,2954,1,1,0,0,1,0,0,Normal
udp,http,CON,0.7362,67,13,18592,9555,163.00455,161635.28,103833.88,54,0,0.011,0.0566,0.0143,0.0196,29193,8753260,608250,15614,0.0285,0.0567,0.0474,222,735,0,837,3,2,0,0,0,0,0,Normal
udp,dns,FIN,3.3409,37,47,2775,564,37.71465,5315.97,1350.54,0,9,0.0903,0.0711,0.0175,0.0101,26135,2225530,5708627,35860,0.1943,0.017,0.0399,60,12,1,2555,3,1,0,0,0,0,0,Normal
udp,dns,INT,0.7571,43,29,26767,14442,142.65449999999998,226281.66,152608.56,13,0,0.0176,0.0261,0.0133,0.0068,146,9708649,1448833,59784,0.1562,0.0491,0.076,498,498,1,3054,3,3,0,0,0,0,0,Normal
udp,dns,FIN,2.2876,34,32,4675,17408,43.27635,13079.05,60877.05,0,0,0.0673,0.0715,0.019,0.0149,39215,4398931,9193296,41345,0.2541,0.0473,0.0679,110,544,0,4322,3,1,0,0,0,0,0,Normal
udp,http,CON,4.0299,64,56,17840,10024,44.666399999999996,28332.39,19899.38,6,0,0.063,0.072,0.0115,0.0097,34610,5973472,4970104,11936,0.1905,0.011,0.0429,223,179,0,4690,2,4,0,0,0,0,0,Normal
tcp,-,CON,5.3796,8,5,3520,2145,3.62475,4187.69,3189.84,2,0,0.6724,1.0759,0.0157,0.0161,57724,9545803,3906794,23387,0.0281,0.0651,0.0297,352,429,2,4523,4,3,0,0,1,0,0,Normal
udp,http,CON,5.4835,66,6,35640,1296,19.69545,41596.87,1890.77,60,0,0.0831,0.9139,0.0149,0.0048,44648,4673589,1894641,16323,0.1601,0.0837,0.0706,432,216,2,4174,3,2,0,0,0,0,0,Normal
udp,-,CON,5.0176,11,50,7425,38600,18.23595,9470.71,61543.65,0,39,0.4561,0.1004,0.0003,0.0177,15051,8874068,6378705,8470,0.0536,0.0649,0.0936,540,772,2,4895,1,2,0,0,0,0,0,Normal
udp,-,REQ,0.3349,321,23,28248,92,1027.1383,674758.23,2197.6,14,1,0.001043,0.014561,0.3648,0.0625,672,330,903,3123,0.003218,0.001954,0.001471,88,4,0,17,23,50,0,0,1,0,1,Botnet
udp,http,FIN,7.3861,8,10,2920,560,3.6555,2530.16,606.55,0,0,0.9233,0.7386,0.0096,0.0024,62172,929135,6878208,28437,0.0241,0.0445,0.0139,292,56,0,2679,2,2,0,0,1,0,0,Normal
icmp,ftp,RST,0.0152,134,5,25460,205,9126.4028,13373134.64,107678.42,37,2,0.000114,0.003046,0.1264,0.0072,746,34,604,1563,0.001996,0.001644,0.001281,190,41,1,166,60,75,0,0,9,0,1,Generic
tcp,ftp,CON,0.1055,796,7,78008,609,7612.534,5916199.75,46187.13,42,1,0.000133,0.015069,0.2253,0.0208,3414,592,649,1441,0.009563,0.000421,0.001244,98,87,0,10,37,41,0,0,0,1,1,Worm
udp,dns,FIN,1.8102,38,50,7742,17350,72.92009999999999,27373.77,76676.6,0,10,0.0476,0.0362,0.005,0.0099,47505,2567861,657485,19776,0.0484,0.0322,0.0672,163,347,0,1565,1,4,0,0,0,0,0,Normal
udp,http,FIN,8.9128,34,33,16872,14949,11.27595,12115.61,13418.01,1,0,0.2621,0.2701,0.0012,0.0017,55542,6693622,5034992,9375,0.1352,0.0657,0.0094,397,453,2,1058,4,4,0,0,1,0,0,Normal
tcp,dns,CON,6.0391,18,41,3600,31775,14.65455,3815.15,42092.47,0,22,0.3355,0.1473,0.0123,0.017,1185,757365,6523446,28506,0.0466,0.0535,0.0791,160,775,1,2675,1,1,0,0,1,0,0,Normal
udp,dns,FIN,4.8519,2,1,822,8,0.9274499999999999,1084.94,13.19,0,0,2.4259,4.8519,0.0048,0.0138,60368,5426357,9719070,32786,0.054,0.025,0.0692,329,8,1,2954,3,2,0,0,1,0,0,Normal
tcp,http,FIN,9.3269,74,11,13227,715,13.67025,9076.57,613.28,61,0,0.126,0.8479,0.0022,0.0026,64046,8756223,1698398,56638,0.0928,0.0254,0.05,143,65,2,2364,3,3,0,0,1,0,0,Normal
udp,ssl,FIN,5.7116,43,29,6826,12006,18.9087,7648.94,16816.18,13,0,0.1328,0.197,0.0021,0.0032,6187,3152637,6350999,65005,0.166,0.0458,0.0663,127,414,1,1455,1,1,0,0,0,0,0,Normal
tcp,dns,INT,3.728,71,6,51031,2796,30.98145,87606.39,5999.94,63,0,0.0525,0.6213,0.0183,0.0015,27740,9008349,7580888,60668,0.0886,0.0201,0.065,575,466,2,1841,3,4,0,0,0,0,0,Normal
tcp,-,INT,0.4862,177,19,8319,1881,403.1398,136886.54,30951.27,19,4,0.002747,0.025589,0.3526,0.0251,2507,9,860,2505,0.007528,0.001108,0.001963,47,99,0,180,25,35,0,0,5,0,1,DoS
icmp,ssh,CON,1.3565,449,12,54329,12,339.8475,320409.11,70.77,12,2,0.003021,0.113041,0.0567,0.0668,2199,386,465,33,0.007147,0.001019,0.003417,121,1,1,119,64,15,0,0,8,0,1,Botnet
udp,dns,INT,4.4923,69,45,29066,35370,38.06505,41409.44,62987.65,22,0,0.0651,0.0998,0.0051,0.0099,14643,5615792,8224011,44317,0.161,0.073,0.09,337,786,0,2645,1,4,0,0,0,0,0,Normal
udp,-,INT,5.2457,45,50,31837,25800,27.165,38842.99,39346.25,0,4,0.1166,0.1049,0.0138,0.0161,10922,7005944,9605389,3395,0.2386,0.0304,0.0058,566,516,0,292,1,2,0,0,0,0,0,Normal
tcp,ftp,CON,1.3093,196,28,24892,2660,171.0798,152089.97,16252.58,31,3,0.00668,0.046762,0.3512,0.0304,1123,2,622,2259,0.007697,0.000329,0.001891,127,95,1,66,72,67,0,0,5,1,1,Reconnaissance
tcp,-,INT,5.3417,51,24,37102,18792,21.0606,44453.17,28143.79,25,0,0.1047,0.2226,0.0188,0.0133,16386,9450190,2969352,39284,0.1624,0.0791,0.0722,582,783,1,505,1,1,0,0,0,0,0,Normal
tcp,http,REQ,0.3133,530,12,66250,444,1729.943,1691641.73,11337.19,43,2,0.000591,0.026109,0.4846,0.0413,1809,367,799,3866,0.007916,0.000289,0.003175,125,37,1,76,32,52,1,1,6,1,1,Backdoor
tcp,ssl,INT,2.3206,40,43,13900,27305,53.64975,38334.83,94130.61,0,3,0.058,0.054,0.0071,0.002,41313,918186,7836479,62203,0.0368,0.0894,0.0821,278,635,2,3812,4,2,0,0,0,0,0,Normal
udp,http,CON,2.0544,46,14,12937,2926,43.80945,40304.68,11394.35,32,0,0.0447,0.1467,0.0175,0.0021,47626,1435462,3070318,24993,0.1588,0.0525,0.0527,225,209,0,1253,2,4,0,0,1,0,0,Normal
tcp,dns,CON,5.9931,30,20,8175,11300,12.51435,8730.02,15083.97,8,0,0.1998,0.2997,0.0003,0.0089,60195,6823187,5315794,59235,0.2988,0.051,0.0982,218,565,0,1432,3,2,0,0,0,0,0,Normal
udp,dns,FIN,4.2366,79,12,24588,5328,32.2191,37144.66,10060.84,67,0,0.0536,0.3531,0.0143,0.0031,31237,336697,3318499,49507,0.1664,0.057,0.094,249,444,1,4683,1,3,0,0,0,0,0,Normal
udp,ssl,CON,8.5096,41,48,22550,13680,15.6882,16959.72,12860.81,0,5,0.2076,0.1773,0.0111,0.0035,42789,3943059,5974649,2006,0.1714,0.0749,0.0012,440,285,0,4462,4,2,0,0,0,0,0,Normal
udp,ssl,FIN,9.3138,69,12,21648,3792,13.0452,14876.04,3257.11,55,0,0.135,0.7761,0.0022,0.0047,45954,8109934,4488300,58788,0.0999,0.0687,0.0961,251,316,1,1732,4,1,0,0,1,0,0,Normal
udp,-,CON,5.5858,6,27,2205,5751,8.86185,2526.42,8236.65,0,19,0.931,0.2069,0.0171,0.0171,16276,3467489,3195116,35517,0.1176,0.0254,0.0829,294,213,2,3394,1,2,0,0,1,0,0,Normal
udp,ftp,REQ,0.3099,502,4,91866,28,1632.6302,2371275.95,722.75,29,5,0.000617,0.077482,0.1,0.0401,3694,937,689,1622,0.000907,0.001052,0.003886,183,7,1,97,39,16,0,0,8,0,1,Shellcode
tcp,dns,INT,1.4356,71,11,19258,2695,85.67835,85856.61,15018.08,58,0,0.0202,0.1305,0.0025,0.0121,26874,7076589,3112299,58145,0.1077,0.0299,0.0599,217,245,2,1932,3,2,0,0,0,0,0,Normal
tcp,http,FIN,3.9994,6,20,1612,1760,9.7515,2580.38,3520.52,0,12,0.6666,0.2,0.0016,0.002,57488,1330483,4503735,52571,0.288,0.0311,0.0718,215,88,1,1694,3,3,0,0,1,0,0,Normal
tcp,-,FIN,3.4258,63,46,34571,1886,47.7264,64585.62,4404.26,16,0,0.0544,0.0745,0.0049,0.0008,19250,7538913,4895287,6839,0.0052,0.0417,0.0119,439,41,0,4543,3,4,0,0,0,0,0,Normal
udp,http,INT,9.1971,27,34,18157,8500,9.94875,12635.29,7393.64,0,5,0.3406,0.2705,0.0169,0.0009,62388,4621552,8241133,35844,0.2731,0.0675,0.0384,538,250,0,763,3,2,0,0,1,0,0,Normal
tcp,-,CON,1.4106,339,6,57291,588,244.5829,324925.22,3334.83,40,7,0.004161,0.235094,0.3291,0.0429,3630,243,422,1036,0.009103,0.002346,0.000478,169,98,1,129,91,35,0,0,4,1,1,DoS
udp,http,INT,0.4474,26,28,2242,3472,181.03125,32076.07,62078.1,0,0,0.0172,0.016,0.0178,0.0144,51501,2938247,4228276,36895,0.0801,0.0532,0.0385,69,124,2,454,2,4,0,0,1,0,0,Normal
udp,dns,CON,7.3423,58,51,21967,3927,22.2684,19148.35,4278.8,5,0,0.1266,0.144,0.0199,0.0193,33496,3908245,1693536,19501,0.0649,0.0796,0.049,303,77,0,3808,3,4,0,0,1,0,0,Normal
tcp,-,CON,4.9798,29,35,2863,8470,19.27785,3680.45,13606.91,0,4,0.1717,0.1423,0.0175,0.0022,65076,1007277,5878337,22229,0.1509,0.0783,0.089,79,242,2,3143,2,1,0,0,0,0,0,Normal
tcp,ssl,FIN,5.933,50,53,4312,23638,26.0409,4651.96,31873.36,0,3,0.1187,0.1119,0.0063,0.0161,37699,2918779,4323985,64859,0.059,0.0669,0.0207,69,446,1,881,1,3,0,0,1,0,0,Normal
udp,http,CON,6.1715,8,37,3950,23199,10.9374,4096.24,30072.39,0,27,0.7714,0.1668,0.0111,0.0018,2744,2582369,7892744,55467,0.2188,0.0378,0.0836,395,627,0,3054,1,3,0,0,1,0,0,Normal
tcp,ssl,INT,8.1808,19,10,2588,7190,5.31735,2025.22,7031.07,8,0,0.4306,0.8181,0.0193,0.0106,21762,6880290,607937,22142,0.1186,0.002,0.0931,109,719,2,3170,1,4,0,0,1,0,0,Normal
tcp,ssl,INT,2.5339,8,12,4270,9588,11.8395,10784.99,30271.21,0,3,0.3167,0.2112,0.0018,0.0193,33960,6191148,2292539,65439,0.0447,0.0824,0.0981,427,799,2,1993,4,4,0,0,1,0,0,Normal
tcp,ssl,FIN,9.2734,14,2,8417,66,2.5881,5809.33,56.94,11,0,0.6624,4.6367,0.0104,0.0072,51842,871974,5650088,48953,0.1264,0.0008,0.0338,481,33,2,1076,4,3,0,0,0,0,0,Normal
udp,ssl,CON,1.61,55,5,24750,665,55.8993,98382.84,3304.27,48,0,0.0293,0.322,0.0184,0.0177,36457,9798756,7693849,43410,0.2574,0.0035,0.0184,360,133,2,1978,3,3,0,0,0,0,0,Normal
udp,ssl,INT,0.8448,24,12,2070,4632,63.922349999999994,15682.3,43864.97,12,0,0.0352,0.0704,0.0147,0.0133,34900,4885147,9056770,25549,0.0368,0.096,0.0651,69,386,1,1544,4,1,0,0,0,0,0,Normal
tcp,-,FIN,3.1961,23,0,8768,0,10.7943,17558.82,0.0,23,0,0.139,3.1961,0.0105,0.0052,41304,6756749,4635608,44323,0.243,0.0422,0.0908,305,0,2,4314,4,2,0,0,0,0,0,Normal
udp,http,INT,0.9473,66,2,29287,504,107.66895000000001,197857.49,4256.09,64,0,0.0144,0.4737,0.0107,0.0159,15660,1923932,5062502,8855,0.2538,0.0561,0.098,355,252,0,1992,1,2,0,0,0,0,0,Normal
tcp,dns,INT,7.1809,29,16,19067,2608,9.3999,16993.94,2905.48,11,0,0.2476,0.4488,0.0139,0.0152,23203,7723944,3319412,60789,0.2859,0.0127,0.0227,526,163,0,400,2,1,0,0,0,0,0,Normal
icmp,ftp,INT,0.8651,727,13,29807,1144,855.4103,275645.58,10579.35,1,2,0.00119,0.066545,0.4989,0.0182,502,86,451,2012,0.006462,0.003393,0.003234,41,88,1,15,28,75,0,0,8,1,1,Worm
tcp,-,CON,5.6534,54,37,38610,26048,24.1449,43709.08,36860.08,16,0,0.1047,0.1528,0.0161,0.0065,49481,1368041,8746534,28245,0.178,0.0149,0.0339,572,704,0,4423,1,1,0,0,1,0,0,Normal
tcp,-,RST,0.9113,398,5,78804,0,442.2262,691795.35,0.0,42,7,0.00229,0.18226,0.3873,0.0893,3251,524,259,1477,0.004704,0.000101,0.000286,198,0,0,6,22,14,0,0,7,0,1,Reconnaissance
udp,-,CON,0.6089,101,13,8181,260,187.2307,107490.13,3416.14,43,8,0.006028,0.046836,0.4864,0.095,399,288,236,4013,0.009041,0.003271,0.001136,81,20,0,108,82,37,0,0,5,0,1,Analysis
tcp,dns,INT,3.3599,54,7,26122,3619,27.233249999999998,49759.07,8617.0,45,0,0.0622,0.48,0.0152,0.0101,2562,4784866,1547287,22158,0.216,0.0817,0.0567,387,517,1,4833,2,1,0,0,0,0,0,Normal
tcp,http,INT,4.6133,34,9,10157,3078,13.981200000000001,14091.29,5337.56,25,0,0.1357,0.5126,0.0161,0.0095,44301,116842,2859502,57188,0.1219,0.0494,0.0494,239,342,2,2523,3,2,0,0,0,0,0,Normal
udp,dns,CON,1.1119,50,13,12687,2678,84.9891,73027.66,19267.79,36,0,0.0222,0.0855,0.0106,0.0027,15613,8835007,388582,54854,0.0431,0.0661,0.0954,203,206,2,3401,3,1,0,0,1,0,0,Normal
tcp,ssh,CON,1.3279,240,28,19440,56,201.823,117117.57,337.38,44,1,0.005533,0.047425,0.3813,0.0486,3333,332,290,3795,0.002919,0.001663,0.000941,81,2,0,170,28,19,0,0,3,1,1,Botnet
udp,http,FIN,0.2997,1,56,78,3976,285.2931,1681.73,106135.71,0,55,0.2997,0.0054,0.0072,0.0069,54561,5121891,7663465,37880,0.0172,0.0177,0.0701,63,71,2,4041,3,4,0,0,0,0,0,Normal
udp,dns,CON,7.3232,11,27,3011,13716,7.7835,2631.65,14983.67,0,15,0.6657,0.2712,0.0187,0.0044,49630,3184090,3186481,37422,0.1412,0.0,0.0447,219,508,0,345,3,1,0,0,0,0,0,Normal
tcp,dns,INT,8.2633,5,4,2175,2272,1.6336499999999998,1684.55,2199.59,0,0,1.6527,2.0658,0.004,0.0177,3677,9739138,4825784,55805,0.1158,0.006,0.0545,348,568,2,2368,1,1,0,0,1,0,0,Normal
udp,-,FIN,1.3908,41,21,8917,11214,66.86565,41033.98,64501.68,20,0,0.0339,0.0662,0.0088,0.0089,29471,9577151,6005954,24934,0.0301,0.0887,0.0457,174,534,1,380,3,2,0,0,0,0,0,Normal
udp,http,FIN,9.4382,26,39,13260,24492,10.33035,8991.55,20759.9,0,13,0.363,0.242,0.0017,0.005,47050,2402023,4879180,41282,0.288,0.0267,0.0464,408,628,0,1481,1,1,0,0,1,0,0,Normal
tcp,ftp,INT,1.2279,513,24,67203,816,437.3185,437826.7,5316.23,22,2,0.002394,0.051164,0.4934,0.0301,2023,828,523,2463,0.008736,0.004012,0.003676,131,34,1,108,30,76,0,0,0,1,1,Generic
udp,-,CON,8.6987,2,24,332,5280,4.48335,244.63,4855.88,0,22,4.3494,0.3624,0.0033,0.0158,13412,687262,5565748,38959,0.1152,0.0067,0.0546,133,220,0,2966,3,1,0,0,1,0,0,Normal
tcp,-,FIN,0.9341,67,34,11306,8738,162.1905,77466.05,74836.75,31,0,0.0139,0.0275,0.0048,0.0092,48296,8783409,4100008,26887,0.0572,0.0435,0.0986,135,257,0,1058,3,1,0,0,1,0,0,Normal
udp,http,INT,4.4904,32,17,10000,6970,16.36845,14252.76,12417.72,14,0,0.1403,0.2641,0.0138,0.0034,8531,5986847,5384814,46088,0.0366,0.0657,0.088,250,410,0,2103,2,1,0,0,0,0,0,Normal
tcp,http,INT,1.337,173,17,29756,136,142.1087,178045.72,813.76,36,9,0.007728,0.078647,0.1504,0.0741,934,147,450,3227,0.006979,0.000123,0.002521,172,8,0,105,90,25,0,0,4,0,1,DoS
udp,http,CON,6.2235,30,9,15487,1539,9.3999,15926.82,1978.32,19,0,0.2074,0.6915,0.016,0.0035,35267,8080542,5395957,45111,0.2949,0.0442,0.0741,413,171,0,3645,4,2,0,0,0,0,0,Normal
udp,-,FIN,0.5975,46,21,4715,10311,168.20069999999998,50503.72,138055.11,23,0,0.013,0.0285,0.0033,0.0049,47131,5853700,2992427,5646,0.094,0.0394,0.0532,82,491,2,3420,3,4,0,0,0,0,0,Normal
udp,http,FIN,9.9617,65,11,21206,4873,11.4438,13624.21,3913.4,53,0,0.1533,0.9056,0.0022,0.0024,55088,4368029,5392838,43146,0.0205,0.0281,0.0674,261,443,0,3166,2,4,0,0,0,0,0,Normal
tcp,ssl,INT,6.835,3,38,1931,4294,8.99775,1808.33,5025.86,0,35,2.2783,0.1799,0.0077,0.0068,45207,939742,6675744,65250,0.0366,0.0995,0.0053,515,113,0,159,1,4,0,0,0,0,0,Normal
udp,ssl,CON,2.8733,40,25,3250,19925,33.9336,7239.18,55477.17,13,0,0.0718,0.1149,0.0037,0.0106,49864,237800,3688006,5095,0.066,0.0066,0.0291,65,797,0,3952,2,1,0,0,1,0,0,Normal
udp,-,CON,8.621,27,27,10496,5859,9.39555,7792.09,5436.93,0,0,0.3193,0.3193,0.0036,0.0017,58507,9527653,6932729,40826,0.1218,0.0861,0.0954,311,217,0,4498,4,4,0,0,1,0,0,Normal
tcp,ssl,CON,4.8114,24,27,10170,10044,15.89985,13527.91,16700.38,0,3,0.2005,0.1782,0.016,0.0133,34437,7033437,1256322,60522,0.1512,0.0296,0.0267,339,372,0,2186,2,2,0,0,1,0,0,Normal
tcp,ssl,INT,5.8661,42,32,15225,24160,18.9222,16610.59,32948.43,8,0,0.1397,0.1833,0.018,0.0146,29860,8734522,3714387,65074,0.0138,0.0922,0.022,290,755,0,4887,1,1,0,0,1,0,0,Normal
udp,ssl,CON,6.3247,79,21,36043,4746,23.7165,36472.71,6003.1,56,0,0.0801,0.3012,0.0156,0.0057,7905,1127189,4659178,7278,0.1115,0.0987,0.0959,365,226,2,4852,2,4,0,0,1,0,0,Normal
udp,http,INT,3.2464,5,58,2081,11890,29.1087,4102.95,29299.73,0,52,0.6493,0.056,0.0144,0.013,55042,4422804,8553302,23352,0.1993,0.0685,0.001,333,205,1,4742,4,2,0,0,0,0,0,Normal
udp,ssl,FIN,6.5153,15,3,9431,2157,4.14405,9264.33,2648.53,11,0,0.4344,2.1718,0.0045,0.0074,12386,442397,3335753,31802,0.2799,0.0196,0.0707,503,719,2,1383,2,4,0,0,0,0,0,Normal
udp,http,CON,0.3486,157,13,31243,1196,487.7315,717091.59,27450.68,36,6,0.00222,0.026812,0.1539,0.0368,658,136,162,965,0.001435,0.003749,0.00282,199,92,0,178,82,20,0,0,5,0,1,Reconnaissance
udp,dns,FIN,9.2039,70,10,52062,7560,13.03785,36201.97,6571.11,60,0,0.1315,0.9204,0.0185,0.0153,64146,4988233,1478433,62409,0.1148,0.0574,0.0747,595,756,1,396,2,3,0,0,0,0,0,Normal
tcp,dns,CON,5.7555,21,29,5460,23055,13.03095,6071.37,32045.64,0,8,0.2741,0.1985,0.0089,0.0127,25251,8559516,3926507,27431,0.115,0.0732,0.0828,208,795,0,4971,4,3,0,0,1,0,0,Normal
icmp,http,REQ,1.4821,122,25,23790,925,99.1828,128411.3,4992.87,22,6,0.012148,0.059285,0.4953,0.0961,3153,647,965,1251,0.004542,0.003359,0.002707,195,37,0,107,68,58,0,0,1,1,1,Shellcode
tcp,ssh,INT,0.2996,208,4,34528,268,707.6703,922054.32,7156.82,32,5,0.00144,0.074894,0.0462,0.0398,1729,708,191,3338,0.005383,0.001028,0.002799,166,67,1,107,23,44,0,0,1,1,1,Reconnaissance
tcp,-,INT,6.1412,26,48,11797,480,18.07455,12294.64,625.28,0,20,0.2362,0.1279,0.0023,0.0197,27247,3294024,2496841,50554,0.0046,0.0641,0.0263,363,10,0,823,4,4,0,0,0,0,0,Normal
udp,-,CON,0.9368,69,43,24150,14491,179.34029999999998,164993.07,123753.34,25,0,0.0136,0.0218,0.0112,0.0138,40327,5506231,9139080,42173,0.1215,0.0434,0.035,280,337,1,4543,3,4,0,0,0,0,0,Normal
icmp,ftp,RST,0.645,360,29,36360,1769,603.099,450975.44,21941.02,36,2,0.001792,0.022241,0.4645,0.0982,72,886,104,1353,0.003371,0.002288,0.000386,101,61,0,126,90,34,0,0,1,0,1,Analysis
tcp,ssl,CON,9.1606,68,18,29325,12384,14.082,20487.69,10814.99,49,0,0.1347,0.5089,0.0141,0.0083,13483,5028251,3775788,31112,0.204,0.0795,0.0527,345,688,0,65,2,4,0,0,1,0,0,Normal
udp,-,RST,1.1723,669,26,38133,1872,592.8524,260227.24,12774.9,29,4,0.001752,0.045088,0.3305,0.0867,747,158,712,3514,0.000824,0.00124,0.004095,57,72,1,113,89,13,0,3,6,0,1,Backdoor
udp,dns,INT,4.935,59,11,23083,737,21.27645,29936.14,1194.72,46,0,0.0836,0.4486,0.0118,0.0147,24269,5248116,3170585,27032,0.1719,0.0035,0.0229,313,67,1,3606,1,3,0,0,1,0,0,Normal
udp,dns,CON,2.4137,76,25,35150,4800,62.76765,93202.8,15909.44,49,0,0.0318,0.0965,0.0191,0.0183,28720,9648997,9233144,17802,0.239,0.0343,0.0964,370,192,1,560,1,4,0,0,1,0,0,Normal
tcp,-,INT,0.3229,60,48,41550,26256,501.76725,823641.59,650587.65,11,0,0.0054,0.0067,0.002,0.0133,16645,8063919,5397330,26950,0.2488,0.0372,0.02,554,547,0,547,4,3,0,0,0,0,0,Normal
udp,http,INT,1.3926,361,24,20938,792,276.4595,120280.71,4549.73,44,7,0.003858,0.058025,0.4445,0.0993,3750,793,880,2237,0.008609,0.003626,0.000959,58,33,1,119,69,44,0,0,0,1,1,Worm
tcp,ftp,INT,0.8031,661,13,128234,936,839.2048,1277324.45,9323.39,42,5,0.001215,0.06178,0.3428,0.0617,3052,783,370,35,0.005894,0.003622,0.003434,194,72,0,41,32,27,0,0,2,1,1,DoS
tcp,-,INT,3.6006,6,26,4432,6370,13.331249999999999,7878.75,14153.31,0,18,0.6001,0.1385,0.0015,0.0138,61790,1025960,8911983,1757,0.2164,0.0633,0.0689,591,245,0,919,1,2,0,0,1,0,0,Normal
tcp,http,CON,9.9707,4,43,950,12169,7.0707,609.79,9763.79,0,37,2.4927,0.2319,0.007,0.0084,48572,7968762,8229741,47110,0.0808,0.0155,0.0833,190,283,0,2813,3,2,0,0,1,0,0,Normal
tcp,http,CON,6.3762,13,25,4533,2850,8.9394,4550.65,3575.78,0,12,0.4905,0.255,0.0146,0.0182,4496,475133,7848520,7816,0.1759,0.065,0.0053,279,114,0,2641,3,3,0,0,0,0,0,Normal
icmp,-,REQ,0.9631,691,7,87066,602,724.7337,723205.32,5000.45,1,4,0.001394,0.137587,0.1532,0.0689,399,284,818,2462,0.008315,0.004583,0.000365,126,86,0,1,42,29,0,0,2,1,1,Reconnaissance
tcp,ssh,RST,0.2336,403,9,30628,873,1763.9058,1049027.3,29900.77,14,8,0.00058,0.025953,0.1164,0.0947,3325,850,236,3805,0.002482,0.004184,0.001483,76,97,0,161,26,17,0,0,6,0,1,Analysis
tcp,http,CON,2.5297,16,23,4180,15571,23.12505,10575.06,49241.69,0,5,0.1581,0.11,0.0042,0.0137,24209,5564182,5208772,1224,0.1806,0.0765,0.0906,209,677,2,4978,2,4,0,0,0,0,0,Normal
tcp,-,CON,0.1867,19,42,1638,16170,490.02435,56168.04,692781.98,0,21,0.0098,0.0044,0.0026,0.0025,61030,4692156,7927267,59473,0.022,0.0048,0.0941,69,385,2,2028,3,3,0,0,1,0,0,Normal
udp,-,INT,8.776,51,27,19635,12960,13.33185,14319.12,11814.09,22,0,0.1721,0.325,0.0141,0.0181,56485,4340211,2201005,65148,0.1811,0.0405,0.0657,308,480,2,1865,1,1,0,0,0,0,0,Normal
udp,ssl,CON,8.7199,5,37,2131,23939,7.2249,1564.24,21962.62,0,32,1.744,0.2357,0.0144,0.0177,2206,6304470,6520607,28219,0.2809,0.0628,0.06,341,647,1,473,1,4,0,0,1,0,0,Normal
udp,ssl,INT,9.4277,16,55,8160,8910,11.2965,5539.43,7560.71,0,38,0.5892,0.1714,0.0193,0.0011,46577,5290335,4867319,13918,0.2118,0.0088,0.0146,408,162,2,2929,4,1,0,0,0,0,0,Normal
udp,http,INT,8.71,19,0,4156,0,3.2721,3053.95,0.0,19,0,0.4584,8.71,0.0144,0.013,26097,7473917,3309409,48544,0.1948,0.0939,0.0191,175,0,1,2433,3,1,0,0,0,0,0,Normal
tcp,dns,CON,3.9669,58,0,39657,0,21.93165,63981.9,0.0,58,0,0.0684,3.9669,0.0086,0.007,52758,3002292,4059493,59993,0.2696,0.0129,0.0358,547,0,0,4913,3,1,0,0,1,0,0,Normal
tcp,http,FIN,3.6226,50,34,37125,24616,34.781549999999996,65587.94,54360.7,16,0,0.0725,0.1065,0.0134,0.0147,21922,8729104,1454732,24718,0.0349,0.0174,0.0983,594,724,2,2766,4,2,0,0,1,0,0,Normal
udp,http,INT,1.3166,75,57,32906,35739,150.38355,159953.45,217153.89,17,0,0.0176,0.0231,0.0188,0.0031,13619,3052840,3646786,38623,0.2513,0.0965,0.0968,351,627,1,4561,4,1,0,0,0,0,0,Normal
tcp,-,CON,1.4934,784,24,130144,1992,541.0615,697187.19,10671.23,48,2,0.001905,0.062223,0.1042,0.0898,1107,457,678,3975,0.005474,0.003253,0.004185,166,83,0,87,55,12,0,0,4,1,1,Analysis
udp,dns,CON,5.993,34,14,20442,10920,12.0141,21830.84,14577.03,20,0,0.1763,0.4281,0.014,0.0104,63086,3363287,6044596,60998,0.2803,0.0474,0.015,481,780,1,374,2,4,0,0,0,0,0,Normal
udp,dns,FIN,3.4812,78,10,38317,1490,37.9182,70445.12,3424.13,66,0,0.0446,0.3481,0.0149,0.0165,12750,8399832,2315716,9849,0.2104,0.044,0.0804,393,149,1,4500,4,4,0,0,1,0,0,Normal
tcp,http,INT,9.064,8,39,1430,28899,7.778099999999999,1009.71,25506.75,0,30,1.133,0.2324,0.0091,0.0068,35383,3783755,9560150,11765,0.1702,0.0105,0.0718,143,741,0,4622,4,3,0,0,0,0,0,Normal
udp,http,INT,0.8798,335,23,34840,1219,406.9104,316799.08,11084.33,23,6,0.002626,0.038252,0.4783,0.0265,1262,706,840,1116,0.008978,0.000771,0.004664,104,53,1,105,89,48,1,3,7,0,1,Backdoor
tcp,ssl,INT,7.7232,72,47,31680,14335,23.11215,26252.34,14848.77,24,0,0.1073,0.1643,0.0074,0.0005,60772,9511228,4934665,53135,0.2032,0.0628,0.0638,352,305,1,1694,2,1,0,0,1,0,0,Normal
udp,-,RST,0.0708,612,14,50796,252,8838.9064,5737777.53,28465.23,41,1,0.000116,0.005059,0.0697,0.067,3616,261,909,3348,0.004634,0.002827,0.000615,83,18,1,161,25,11,0,0,0,1,1,Reconnaissance
icmp,http,REQ,0.2239,83,10,3901,670,415.4381,139408.52,23943.53,19,0,0.002697,0.022386,0.1071,0.0079,3381,329,891,3671,0.003005,0.004875,0.001875,47,67,1,56,87,52,0,0,2,1,1,Analysis
udp,ssh,REQ,0.4826,319,12,50083,36,685.8186,830159.54,596.72,29,5,0.001513,0.04022,0.4137,0.0534,1643,229,276,2871,0.009614,0.004579,0.003744,157,3,0,137,97,56,0,0,3,1,1,Analysis
tcp,ssl,CON,2.6055,57,34,22728,5542,52.389,55829.34,17016.23,21,0,0.0457,0.0766,0.0066,0.0096,55457,3260251,739979,44889,0.1072,0.07,0.0358,319,163,1,871,2,1,0,0,1,0,0,Normal
tcp,-,INT,4.2155,12,49,615,17346,21.70575,933.7,32918.63,0,37,0.3513,0.086,0.001,0.0166,31957,4919932,569735,64036,0.1965,0.0865,0.0538,41,354,0,3818,2,1,0,0,1,0,0,Normal
udp,http,INT,7.7616,60,56,33525,31024,22.4181,27643.87,31977.01,3,0,0.1294,0.1386,0.0186,0.0051,14159,8403838,5998672,63890,0.0706,0.0832,0.0144,447,554,1,4735,4,2,0,0,1,0,0,Normal
tcp,http,INT,0.1251,122,6,22204,282,1023.4582,1420304.15,18038.45,28,0,0.001025,0.020844,0.4652,0.0466,3967,926,712,767,0.002245,0.001712,0.002127,182,47,1,101,78,38,0,0,9,0,1,Analysis
udp,-,INT,7.8863,76,27,22515,7317,19.5909,18271.65,7422.48,49,0,0.1038,0.2921,0.0026,0.0003,22372,9619084,5633448,25538,0.0503,0.0806,0.0359,237,271,1,2858,1,1,0,0,1,0,0,Normal
udp,dns,FIN,9.6362,53,41,8877,7257,14.632349999999999,5896.12,6024.81,11,0,0.1818,0.235,0.0055,0.0068,28829,6604419,5491545,27584,0.0049,0.0873,0.0502,134,177,0,607,1,4,0,0,0,0,0,Normal
icmp,ftp,RST,1.3082,314,20,39564,160,255.3107,241942.78,978.44,22,3,0.004166,0.065411,0.113,0.0542,3810,462,952,925,0.001381,0.002386,0.002308,126,8,0,124,81,21,0,0,5,0,1,Botnet
icmp,ssh,INT,1.2048,681,19,51075,1330,580.9899,339132.13,8831.05,18,1,0.001769,0.063413,0.3294,0.0355,163,161,942,234,0.00127,0.001559,0.002545,75,70,0,119,59,33,0,0,4,1,1,Reconnaissance
tcp,http,INT,6.8069,76,4,45410,536,17.6292,42695.55,629.95,72,0,0.0896,1.7017,0.0154,0.0147,55950,8336174,1368984,35534,0.1675,0.0755,0.0071,478,134,1,2342,4,3,0,0,1,0,0,Normal
udp,-,CON,6.9338,5,58,3193,16704,13.629000000000001,2947.89,19272.61,0,51,1.3868,0.1195,0.0187,0.0008,24063,6246991,3428415,51919,0.0194,0.0331,0.0867,511,288,1,758,4,4,0,0,0,0,0,Normal
udp,ssl,INT,4.9362,50,33,19875,20328,25.221899999999998,25768.96,32945.37,16,0,0.0987,0.1496,0.0112,0.0183,9692,3635234,8596707,31650,0.2241,0.0803,0.0671,318,616,2,3184,1,3,0,0,1,0,0,Normal
tcp,-,INT,1.4872,417,23,23769,1472,295.8517,127856.33,7918.07,39,4,0.003567,0.064662,0.3069,0.0054,1891,602,458,2956,0.004811,0.002683,0.001167,57,64,0,28,42,78,0,0,2,0,1,Generic
tcp,-,FIN,9.1892,33,10,11591,1320,7.0191,8072.91,1149.17,21,0,0.2785,0.9189,0.0058,0.0025,43875,588604,1396584,54018,0.0012,0.0547,0.0278,281,132,1,3891,3,3,0,0,1,0,0,Normal
tcp,ssl,INT,3.5687,58,53,10585,20405,46.65495,18982.57,45741.54,5,0,0.0615,0.0673,0.0018,0.0077,37928,3854542,181290,11229,0.1485,0.0691,0.0868,146,385,2,1316,1,2,0,0,1,0,0,Normal
udp,ftp,INT,1.2186,153,11,12546,330,134.5756,82360.27,2166.34,47,2,0.007965,0.110786,0.4359,0.0854,3002,792,805,938,0.008259,0.003832,0.000983,82,30,0,87,24,26,0,0,6,0,1,Exploit
udp,http,CON,5.3985,56,46,33460,20148,28.341300000000004,39667.35,29857.21,10,0,0.0964,0.1174,0.0092,0.0172,22367,5620205,7038446,25089,0.1522,0.0277,0.0616,478,438,0,2888,2,2,0,0,1,0,0,Normal
tcp,http,FIN,7.3389,33,59,13158,6018,18.804,11475.32,6560.13,0,25,0.2224,0.1244,0.0065,0.0029,60893,5370600,9852662,60806,0.0778,0.0234,0.018,319,102,0,2489,2,3,0,0,1,0,0,Normal
tcp,ssl,INT,8.8698,69,26,51663,20098,16.06575,37278.06,18127.18,43,0,0.1285,0.3411,0.0156,0.0015,24355,8846175,599370,29443,0.2475,0.042,0.0323,599,773,1,2966,4,3,0,0,0,0,0,Normal
udp,-,FIN,9.2776,26,17,2925,9826,6.9522,2017.77,8472.92,9,0,0.3568,0.5457,0.0097,0.0164,54511,5687827,435515,7997,0.0437,0.0397,0.0091,90,578,0,4949,3,2,0,0,1,0,0,Normal
icmp,ssh,CON,0.4371,89,24,4005,2136,258.503,73295.89,39091.14,9,6,0.004912,0.018214,0.1064,0.0935,2117,518,995,2251,0.006773,0.001955,0.001918,45,89,1,100,65,67,0,0,1,1,1,DoS
udp,dns,CON,7.706,18,45,7312,34920,12.26325,6073.21,36252.38,0,27,0.4281,0.1712,0.0089,0.0039,64501,8402698,3092955,33036,0.0917,0.051,0.086,325,776,2,2648,4,2,0,0,0,0,0,Normal
udp,-,INT,0.9318,404,12,59792,216,446.4266,513321.91,1854.39,18,7,0.002307,0.077654,0.2896,0.071,2303,912,943,3557,0.003355,0.004131,0.002644,148,18,0,82,67,53,0,0,8,1,1,Exploit
icmp,ssh,RST,0.2122,431,6,56892,360,2059.2316,2144692.11,13571.14,37,9,0.000492,0.035369,0.1073,0.0312,1884,15,843,285,0.005795,0.003042,9.5e-05,132,60,0,165,38,19,0,0,6,1,1,Generic
udp,dns,FIN,3.7048,34,24,3442,11328,23.482950000000002,5946.87,24461.18,9,0,0.109,0.1544,0.013,0.0002,56507,439161,1727986,12125,0.0516,0.0115,0.0362,81,472,2,2246,2,2,0,0,1,0,0,Normal
udp,dns,FIN,7.4256,26,58,17030,12934,16.9683,14677.87,13934.5,0,30,0.2856,0.128,0.0135,0.0161,5598,8790233,9731838,47807,0.205,0.0137,0.0415,524,223,1,309,1,4,0,0,0,0,0,Normal
tcp,ssl,FIN,2.1621,77,52,7315,4992,89.49615,21652.99,18470.9,24,0,0.0281,0.0416,0.0066,0.0146,30837,2834523,4841619,12806,0.0147,0.0802,0.0268,76,96,2,2051,1,4,0,0,1,0,0,Normal
udp,dns,FIN,7.8588,2,44,390,28644,8.77995,317.61,29158.73,0,40,3.9294,0.1786,0.0091,0.0108,18238,4015264,8540074,33191,0.2234,0.0959,0.053,156,651,1,1878,4,3,0,0,0,0,0,Normal
udp,-,FIN,2.7455,70,44,8487,11880,62.28359999999999,19785.08,34616.6,26,0,0.0392,0.0624,0.0023,0.0078,51280,3805946,6893783,15306,0.2486,0.0283,0.0666,97,270,0,164,1,1,0,0,1,0,0,Normal
tcp,-,INT,0.3982,95,29,4370,145,311.412,87798.09,2913.21,46,4,0.004191,0.013731,0.0429,0.0524,1236,203,563,354,0.006091,0.004115,0.000496,46,5,1,158,71,36,0,0,7,1,1,Shellcode
tcp,http,FIN,6.8079,2,44,1000,33660,10.135349999999999,940.09,39554.13,0,41,3.4039,0.1547,0.0055,0.008,43053,3351580,660837,1621,0.2571,0.0085,0.0312,400,765,2,213,3,3,0,0,1,0,0,Normal
udp,dns,FIN,3.0701,48,46,16620,3680,45.92655,34646.23,9589.21,2,0,0.064,0.0667,0.0198,0.0053,16577,5000069,9670585,24173,0.2446,0.037,0.0487,277,80,2,1062,2,1,0,0,0,0,0,Normal
tcp,http,FIN,2.4181,50,56,20500,20944,65.75415000000001,54257.55,69290.87,0,6,0.0484,0.0432,0.0021,0.0188,16654,1381133,487746,33771,0.2579,0.0543,0.0079,328,374,2,800,3,1,0,0,0,0,0,Normal
tcp,ssl,CON,4.3585,34,24,7947,7176,19.9608,11669.97,13171.39,10,0,0.1282,0.1816,0.0006,0.0031,40949,4588766,4998660,56687,0.1,0.0137,0.0697,187,299,0,3472,4,3,0,0,1,0,0,Normal
icmp,http,REQ,0.859,548,2,32880,170,640.2892,306221.21,1583.26,9,6,0.001567,0.429493,0.3458,0.0347,60,840,634,145,0.009291,0.004061,0.002254,60,85,0,197,21,21,0,0,1,0,1,Analysis
tcp,-,FIN,5.1911,60,17,5175,8449,22.24965,6380.15,13020.75,43,0,0.0865,0.3054,0.0161,0.0019,15792,5987884,6782044,60121,0.2735,0.0948,0.0817,69,497,0,2090,3,4,0,0,1,0,0,Normal
tcp,dns,CON,7.3585,18,25,6817,1125,8.7654,5929.46,1223.07,0,7,0.4088,0.2943,0.0119,0.0016,45436,5732106,1379462,25796,0.1603,0.0385,0.0625,303,45,1,4435,3,4,0,0,0,0,0,Normal
tcp,dns,INT,0.009,8,54,940,14364,10360.96455,670231.86,12802141.53,0,46,0.0011,0.0002,0.0139,0.0186,63942,8922327,4061133,51170,0.2169,0.0527,0.0141,94,266,0,4501,3,3,0,0,0,0,0,Normal
tcp,-,INT,0.9819,672,7,131712,336,691.5321,1073143.81,2737.61,31,4,0.001461,0.140268,0.0738,0.0148,3925,750,540,538,0.008799,0.001446,0.002835,196,48,0,166,37,13,0,0,8,1,1,Reconnaissance
tcp,dns,CON,6.6443,61,46,29127,2254,24.156149999999997,28056.68,2713.92,15,0,0.1089,0.1444,0.0161,0.0193,40616,5304575,7817226,28278,0.138,0.0505,0.08,382,49,1,571,4,1,0,0,0,0,0,Normal
udp,ftp,RST,1.0099,404,4,34744,92,403.9914,275221.15,728.77,35,3,0.0025,0.252481,0.4159,0.0974,861,72,799,210,0.000471,0.00186,0.002268,86,23,0,160,65,66,0,0,1,1,1,Worm
tcp,-,CON,9.2516,77,36,56691,11988,18.32115,39217.44,10366.21,41,0,0.1202,0.257,0.002,0.0144,62529,5289873,8262854,55899,0.2158,0.0832,0.0095,589,333,2,989,3,2,0,0,1,0,0,Normal
tcp,http,INT,4.8538,15,18,7218,2340,10.1982,9518.27,3856.76,0,2,0.3236,0.2697,0.0067,0.0026,28657,5944222,9919063,53599,0.2882,0.0379,0.0551,385,130,0,3370,2,1,0,0,1,0,0,Normal
tcp,dns,CON,3.1933,34,38,24267,8474,33.82065,48636.67,21229.38,0,2,0.0939,0.084,0.0174,0.0008,10285,3896826,5684824,47723,0.2647,0.0735,0.0959,571,223,1,4645,1,1,0,0,1,0,0,Normal
udp,-,CON,0.6732,38,25,18192,5775,140.38425,172965.21,68632.27,11,0,0.0177,0.0269,0.0194,0.0181,23620,1906916,6784518,5099,0.0433,0.0587,0.0886,383,231,2,3612,4,1,0,0,0,0,0,Normal
tcp,-,INT,2.4173,41,43,3433,2924,52.125,9091.27,9677.06,0,0,0.059,0.0562,0.0114,0.0018,22079,5908614,731506,35169,0.093,0.0344,0.0552,67,68,1,3091,2,2,0,0,1,0,0,Normal
udp,dns,CON,1.8078,38,21,28405,10416,48.954449999999994,100559.53,46093.47,16,0,0.0476,0.0861,0.0085,0.0108,14527,3172531,9969285,16366,0.2872,0.0227,0.0794,598,496,0,3778,2,2,0,0,0,0,0,Normal
tcp,-,FIN,3.1512,51,8,28751,5352,28.084649999999996,58393.14,13587.24,43,0,0.0618,0.3939,0.0178,0.0137,22097,447014,2880486,41133,0.1289,0.0866,0.0906,451,669,1,932,3,1,0,0,1,0,0,Normal
udp,-,INT,8.6756,71,29,49700,11629,17.2899,36663.85,10723.44,40,0,0.1222,0.2992,0.0035,0.0189,4029,1951219,8522944,10571,0.1578,0.0832,0.0903,560,401,0,1004,1,1,0,0,1,0,0,Normal
udp,http,FIN,9.8184,18,51,6660,8721,10.5414,4341.23,7105.83,0,32,0.5455,0.1925,0.0114,0.0166,43331,4288567,6451721,52702,0.0959,0.0191,0.0213,296,171,0,4202,2,1,0,0,1,0,0,Normal
udp,ssh,RST,0.5095,174,19,24708,152,378.7846,387938.28,2386.54,26,5,0.002928,0.026817,0.2597,0.0578,635,905,376,1121,0.007423,0.002335,0.00035,142,8,0,185,25,30,0,0,2,1,1,Exploit
udp,-,FIN,7.9004,3,36,1020,13428,7.4046,826.28,13597.24,0,33,2.6335,0.2195,0.0028,0.0183,50754,9339646,5696997,50057,0.0277,0.0176,0.0521,272,373,1,1137,3,3,0,0,0,0,0,Normal
icmp,http,REQ,0.037,592,6,104784,180,16153.8368,22644329.56,38898.87,27,0,6.3e-05,0.00617,0.2478,0.0877,3425,537,698,2558,0.006441,0.003112,0.002312,177,30,1,154,81,17,0,0,6,0,1,Shellcode
tcp,http,REQ,1.47,496,19,36208,551,350.3393,197049.87,2998.63,32,0,0.002964,0.077369,0.1301,0.0629,569,361,515,2026,0.003575,0.002812,0.003668,73,29,0,180,94,71,0,0,5,0,1,Reconnaissance
tcp,ssl,FIN,0.3649,62,36,9532,10512,402.8613,167195.69,230469.59,25,0,0.0059,0.0101,0.0069,0.0159,21626,3869369,1701951,30053,0.1821,0.0267,0.0025,123,292,0,2042,4,3,0,0,1,0,0,Normal
udp,ssl,FIN,5.7562,18,17,5130,12852,9.1206,5703.77,17861.82,0,0,0.3198,0.3386,0.0044,0.0023,3829,7943562,9624423,5815,0.09,0.0483,0.0015,228,756,0,4517,2,2,0,0,0,0,0,Normal
tcp,http,FIN,0.3595,75,30,18843,14490,438.15194999999994,335499.25,322479.87,43,0,0.0048,0.012,0.0068,0.0014,33430,4318347,8291949,24703,0.2497,0.0697,0.0859,201,483,1,721,3,1,0,0,0,0,0,Normal
udp,dns,CON,5.6456,18,5,5692,1100,6.11085,6453.11,1558.72,11,0,0.3136,1.1291,0.0011,0.0099,65084,241993,1279069,61462,0.2287,0.09,0.0267,253,220,1,1549,3,1,0,0,0,0,0,Normal
udp,ssh,CON,0.2908,371,13,17808,676,1320.3766,489859.72,18595.3,17,1,0.000784,0.022371,0.4473,0.0098,2946,203,924,868,0.005319,0.002897,0.001574,48,52,1,42,25,55,0,0,1,0,1,Shellcode
icmp,ftp,RST,0.3897,303,15,51813,1395,815.9152,1063522.41,28634.01,1,9,0.001286,0.025983,0.1073,0.0981,434,314,797,696,0.004889,0.000999,0.004119,171,93,1,167,39,79,0,0,2,1,1,DoS
tcp,http,FIN,0.894,68,15,26605,8490,139.2636,190463.45,75974.19,53,0,0.0131,0.0596,0.0067,0.0087,31748,8870518,2127926,63857,0.2906,0.0102,0.0855,313,566,1,3257,1,3,0,0,1,0,0,Normal
tcp,dns,INT,3.0613,20,41,11575,11521,29.888849999999998,24198.52,30107.04,0,20,0.1531,0.0747,0.0133,0.0179,52699,6239350,7705053,64813,0.0437,0.0015,0.0596,463,281,0,1175,1,2,0,0,1,0,0,Normal
tcp,-,INT,9.7862,64,14,45840,4480,11.9556,29978.43,3662.29,50,0,0.1529,0.699,0.0177,0.0066,27575,1973243,4785136,61180,0.0204,0.0477,0.0995,573,320,0,842,3,3,0,0,0,0,0,Normal
udp,-,CON,1.2656,108,0,6372,0,85.3319,40276.65,0.0,44,7,0.011719,1.265646,0.1215,0.0319,1051,356,650,1659,0.005358,0.000513,0.000885,59,0,0,91,79,20,0,0,0,1,1,DoS
tcp,http,CON,7.3076,75,8,42093,2888,17.037,36865.48,3161.62,67,0,0.0974,0.9135,0.0068,0.0006,29838,2292342,2055580,17959,0.1327,0.0925,0.0573,449,361,0,3109,1,4,0,0,1,0,0,Normal
tcp,ssh,REQ,1.0315,271,10,20325,710,272.4259,157638.63,5506.69,22,4,0.003806,0.103147,0.3072,0.0569,1926,982,146,2405,0.007679,0.001126,0.001592,75,71,1,129,39,67,0,0,2,1,1,Reconnaissance
udp,http,FIN,0.0679,15,51,9562,40443,1458.56415,901657.87,4766764.62,0,35,0.0045,0.0013,0.0122,0.0028,49637,6795411,8688522,60090,0.1556,0.0973,0.0109,510,793,2,3125,4,1,0,0,1,0,0,Normal
udp,ssl,CON,2.4037,66,49,20542,11025,71.7645,54695.79,36693.51,16,0,0.0364,0.0491,0.0071,0.0081,4687,6150907,1830754,41727,0.1724,0.0011,0.0885,249,225,1,4385,2,4,0,0,0,0,0,Normal
udp,http,FIN,1.4654,25,17,1531,3026,42.9903,6687.38,16519.18,7,0,0.0586,0.0862,0.0099,0.0019,914,3466230,5243837,29703,0.1118,0.0012,0.0029,49,178,0,902,2,3,0,0,0,0,0,Normal
udp,ssl,INT,8.6359,37,22,14985,17446,10.24785,11105.27,16161.37,14,0,0.2334,0.3925,0.018,0.0104,8453,7379577,8236831,51905,0.0661,0.0913,0.0582,324,793,2,1668,3,1,0,0,0,0,0,Normal
tcp,ftp,RST,0.2137,181,18,23530,216,931.049,880706.88,8084.69,1,0,0.001181,0.011874,0.0794,0.0777,3793,817,717,1910,0.009773,0.001041,0.003605,130,12,0,40,55,61,0,0,4,0,1,Botnet
udp,http,INT,4.7345,63,33,28901,10560,30.414749999999998,39067.79,17843.34,30,0,0.0752,0.1435,0.0025,0.0069,5411,3743593,430811,34503,0.123,0.063,0.0445,367,320,1,292,3,4,0,0,1,0,0,Normal
tcp,ssh,CON,0.0774,237,3,35313,96,3099.9707,3648975.5,9919.91,43,8,0.000327,0.025807,0.4138,0.086,1157,354,104,981,0.005725,0.002367,0.004706,149,32,1,148,42,40,0,0,7,0,1,Exploit
udp,dns,FIN,1.1574,15,49,10837,14504,82.9446,59927.45,100252.33,0,32,0.0772,0.0236,0.0177,0.0155,57414,3760378,1036155,36740,0.1236,0.0619,0.0903,578,296,2,1535,4,3,0,0,0,0,0,Normal
udp,ssl,INT,9.9483,50,28,32187,10724,11.7609,20707.14,8623.82,21,0,0.199,0.3553,0.0092,0.0166,50258,2929112,6307310,39429,0.0102,0.0228,0.0506,515,383,1,612,4,2,0,0,0,0,0,Normal
tcp,dns,FIN,3.4296,66,21,29040,2373,38.051249999999996,54192.08,5535.37,44,0,0.052,0.1633,0.0155,0.014,2257,8241896,8774984,7278,0.2954,0.0085,0.0522,352,113,0,4973,2,3,0,0,0,0,0,Normal
udp,dns,CON,1.1341,41,18,2818,13788,78.03315,15906.41,97258.36,21,0,0.0277,0.063,0.0115,0.0151,33740,9510783,3686457,24160,0.1071,0.0664,0.0833,55,766,0,4896,1,1,0,0,0,0,0,Normal
udp,-,INT,5.8016,16,17,6060,1870,8.532150000000001,6685.06,2578.6,0,0,0.3626,0.3413,0.0157,0.0196,42970,9828170,539904,7550,0.1051,0.0057,0.0453,303,110,0,2667,2,2,0,0,1,0,0,Normal
tcp,http,INT,0.7458,109,23,12862,644,176.9965,137971.48,6908.23,7,9,0.006842,0.032425,0.2391,0.0247,2100,59,832,1903,0.006961,0.000295,0.004133,118,28,1,101,22,77,0,0,7,1,1,Exploit
udp,dns,FIN,5.1962,25,1,12093,208,7.50555,14895.49,320.23,24,0,0.2078,5.1962,0.0089,0.0161,32293,790413,2545517,17546,0.1769,0.0284,0.0107,387,208,1,1136,1,4,0,0,1,0,0,Normal
tcp,http,FIN,0.402,59,32,25886,19136,339.54075,412105.48,380803.05,27,0,0.0068,0.0126,0.0055,0.0075,49425,4626295,3203074,4935,0.1723,0.0542,0.036,351,598,2,1546,3,1,0,0,0,0,0,Normal
tcp,ssl,FIN,2.1323,40,59,25400,20886,69.64185,76235.49,78358.98,0,17,0.0533,0.0361,0.0017,0.0117,57648,9992243,3381265,64562,0.1981,0.0302,0.0291,508,354,1,2257,2,3,0,0,1,0,0,Normal
udp,ssl,FIN,8.4319,44,22,7370,2310,11.741249999999999,5594.02,2191.69,21,0,0.1916,0.3833,0.0103,0.0031,53336,6733668,5045879,29318,0.0122,0.0379,0.0589,134,105,2,4462,2,1,0,0,0,0,0,Normal
udp,ssl,INT,8.2161,52,28,30420,18536,14.6055,23695.88,18048.44,24,0,0.158,0.2934,0.0177,0.0136,43104,3263468,9156969,27493,0.1205,0.0442,0.0957,468,662,0,1369,2,2,0,0,1,0,0,Normal
udp,http,REQ,0.9383,361,17,41515,1173,402.8756,353976.27,10001.55,48,3,0.002599,0.055191,0.2688,0.0349,72,549,941,701,0.005926,0.003148,0.003889,115,69,1,97,61,48,0,0,3,1,1,Reconnaissance
tcp,http,CON,1.0574,33,24,2846,6792,80.86005,17227.45,51387.29,9,0,0.032,0.0441,0.0023,0.0023,22397,3333455,4338156,47921,0.1047,0.0038,0.0547,69,283,1,264,3,1,0,0,0,0,0,Normal
udp,http,RST,1.0731,531,4,22302,124,498.5574,166262.84,924.43,17,0,0.002021,0.268274,0.3457,0.0657,3867,11,59,2838,0.002768,0.002127,0.004803,42,31,0,168,71,51,0,0,1,0,1,DoS
udp,ssh,INT,0.3833,712,3,29904,183,1865.1845,624072.49,3819.06,37,7,0.000538,0.12778,0.1555,0.0741,1902,1,185,2462,1.4e-05,0.001593,0.00432,42,61,0,31,61,32,0,0,5,0,1,Generic
udp,dns,INT,8.0609,32,23,10880,4830,10.2345,8638.22,4793.5,8,0,0.2519,0.3505,0.0145,0.0084,14930,2063534,2035268,13451,0.0242,0.0842,0.0945,272,210,0,617,4,3,0,0,1,0,0,Normal
tcp,http,CON,9.3582,30,37,5212,25160,10.73925,3564.78,21508.34,0,5,0.3119,0.2529,0.0151,0.0035,10408,6453785,3537793,34594,0.2719,0.0044,0.0216,139,680,1,1176,3,1,0,0,0,0,0,Normal
udp,dns,FIN,7.1438,8,45,2660,3780,11.128499999999999,2383.05,4233.05,0,35,0.893,0.1588,0.0109,0.0187,20649,6214324,6044536,25320,0.0736,0.0922,0.0198,266,84,2,2489,1,1,0,0,0,0,0,Normal
tcp,ssl,INT,4.5093,55,24,10725,14856,26.2791,15221.94,26356.3,31,0,0.082,0.1879,0.0043,0.0167,30777,6869789,1830715,8504,0.2793,0.0717,0.0412,156,619,1,4356,1,1,0,0,1,0,0,Normal
udp,dns,CON,4.0885,28,37,20405,26085,23.847299999999997,31941.12,51040.44,0,7,0.146,0.1105,0.0163,0.0116,2029,7047336,5204570,19401,0.1585,0.0869,0.0947,583,705,1,4644,3,2,0,0,1,0,0,Normal
tcp,ftp,INT,1.1476,318,17,36570,1190,291.922,254939.4,8295.81,32,6,0.003609,0.067504,0.0685,0.0013,379,239,200,2594,0.007953,0.001965,0.00389,115,70,0,83,47,76,0,0,7,1,1,Worm
udp,http,INT,2.3418,55,0,26125,0,35.229749999999996,71398.89,0.0,53,0,0.0426,2.3418,0.0118,0.0033,46861,7413835,9567241,54288,0.2266,0.0166,0.0035,380,0,0,4344,1,2,0,0,1,0,0,Normal
tcp,-,INT,9.0098,30,4,19725,712,5.66055,14011.43,632.2,24,0,0.3003,2.2524,0.0016,0.0125,28537,8832393,6214396,50035,0.2211,0.0968,0.0651,526,178,1,2862,1,2,0,0,0,0,0,Normal
icmp,ftp,RST,0.9442,219,2,34383,4,234.0697,291330.93,33.89,12,8,0.004311,0.472082,0.1018,0.0514,3022,378,177,431,0.003876,0.002171,0.00185,157,2,0,187,20,12,0,0,9,0,1,Generic
tcp,http,INT,2.4704,11,17,2750,6613,17.0016,7124.49,21415.58,0,6,0.2246,0.1453,0.0005,0.0138,61522,4926372,6714835,65068,0.1555,0.0425,0.0913,200,389,1,4299,1,3,0,0,1,0,0,Normal
udp,-,FIN,3.934,26,40,16835,11000,25.16505,27387.74,22368.96,0,13,0.1513,0.0984,0.0144,0.0157,27419,9519016,6880892,45804,0.0443,0.0407,0.0241,518,275,0,2359,4,4,0,0,0,0,0,Normal
icmp,-,INT,0.2038,655,16,112005,1088,3292.669,4396964.4,42711.46,36,8,0.000311,0.012737,0.275,0.0351,1335,848,941,2439,0.003114,0.000581,0.001891,171,68,1,160,71,21,0,0,0,0,1,Analysis
udp,-,INT,0.0332,352,16,66176,48,11085.5826,15947815.47,11567.56,20,1,9.4e-05,0.002075,0.448,0.0655,3131,47,586,1535,0.001417,0.001274,0.002301,188,3,0,91,34,34,0,3,1,1,1,Backdoor
udp,dns,CON,2.4193,4,46,315,5520,31.00125,833.31,18253.52,0,42,0.6048,0.0526,0.0009,0.0045,4223,9978126,2254036,13831,0.2047,0.0154,0.0633,63,120,2,4646,4,2,0,0,0,0,0,Normal
udp,http,INT,0.2111,56,27,31920,16443,589.7571,967713.24,623124.56,28,0,0.0038,0.0078,0.0077,0.0065,32400,3065220,7090888,58938,0.2271,0.0481,0.0686,456,609,0,2682,4,2,0,0,0,0,0,Normal
udp,http,CON,6.3495,40,6,18800,2388,10.866900000000001,18949.41,3008.72,34,0,0.1587,1.0583,0.0005,0.0015,14426,4209997,5047388,9208,0.1734,0.0558,0.0496,376,398,1,1358,3,3,0,0,0,0,0,Normal
udp,ftp,CON,0.1244,611,22,88595,506,5090.1487,5699358.3,32551.22,13,4,0.000204,0.005653,0.176,0.0626,2829,414,955,782,0.001029,0.003017,0.001309,145,23,1,149,98,23,0,0,9,1,1,Reconnaissance
udp,-,INT,8.2897,68,38,10285,836,19.180349999999997,7940.41,806.78,30,0,0.1219,0.2182,0.012,0.0086,31487,1877148,3029905,49560,0.1712,0.0666,0.0872,121,22,2,2920,3,3,0,0,1,0,0,Normal
tcp,-,FIN,4.3478,17,41,9456,4961,20.009999999999998,13919.61,9128.24,0,23,0.2558,0.106,0.0182,0.0124,40021,7265681,4773400,19368,0.0492,0.0098,0.0394,445,121,0,4607,4,1,0,0,1,0,0,Normal
tcp,-,FIN,8.0307,63,23,40556,4738,16.06335,32320.8,4719.86,38,0,0.1275,0.3492,0.0154,0.0028,15973,8833030,9248558,53887,0.1543,0.021,0.0565,515,206,1,4831,3,2,0,0,0,0,0,Normal
tcp,http,INT,3.5849,14,27,2467,5967,17.1555,4405.19,13315.98,0,12,0.2561,0.1328,0.015,0.015,18101,2527633,6707623,30123,0.0353,0.0589,0.0384,141,221,2,1257,2,1,0,0,0,0,0,Normal
tcp,http,INT,0.9778,46,39,17997,2964,130.39905,117802.96,24251.14,5,0,0.0213,0.0251,0.0006,0.0091,49133,7661412,6245924,15451,0.1313,0.0937,0.0743,313,76,2,1216,3,4,0,0,1,0,0,Normal
udp,dns,INT,5.9908,64,20,10640,2120,21.032249999999998,11366.73,2831.0,42,0,0.0936,0.2995,0.0197,0.0052,19431,1343503,4663511,639,0.2863,0.0488,0.0944,133,106,2,47,1,1,0,0,0,0,0,Normal
udp,http,INT,0.4711,414,9,74520,639,897.8369,1265376.92,10850.45,42,4,0.001138,0.052348,0.1703,0.0745,838,79,434,680,0.005635,0.001205,0.001084,180,71,1,50,49,24,0,0,7,1,1,Analysis
tcp,dns,CON,1.3144,53,55,29348,22880,123.2457,142897.98,139252.34,0,2,0.0248,0.0239,0.0111,0.0121,59173,2871032,4073563,13759,0.2903,0.0366,0.0849,443,416,0,1688,2,3,0,0,0,0,0,Normal
tcp,http,CON,5.4404,39,1,4631,361,11.0286,5448.16,530.85,38,0,0.1395,5.4404,0.0116,0.0184,10283,1390162,812203,25280,0.1827,0.0109,0.0947,95,361,1,3745,4,1,0,0,0,0,0,Normal
udp,dns,FIN,0.4285,39,24,26227,1704,220.5411,391736.91,31813.92,13,0,0.011,0.0179,0.0087,0.0061,64239,6472566,2092009,28088,0.0775,0.0041,0.0316,538,71,0,4994,2,1,0,0,0,0,0,Normal
udp,ssl,FIN,0.4163,53,22,37630,11132,270.24885,578529.53,213931.4,29,0,0.0079,0.0189,0.0075,0.0171,29554,8888959,9064081,58541,0.2215,0.0013,0.0139,568,506,2,2086,2,2,0,0,0,0,0,Normal
tcp,-,INT,5.5054,23,34,8970,26350,15.530100000000001,10427.55,38289.55,0,10,0.2394,0.1619,0.001,0.0015,27161,9967027,6836810,52340,0.279,0.0694,0.085,312,775,1,2875,1,1,0,0,1,0,0,Normal
icmp,http,RST,0.1338,734,13,49912,988,5584.4997,2985098.23,59089.54,13,5,0.000182,0.010289,0.1816,0.0224,2827,73,28,583,0.005672,0.004688,0.000196,68,76,1,85,82,72,0,0,4,0,1,Reconnaissance
tcp,ssl,INT,4.1448,33,26,12086,6630,21.3522,18662.55,12796.85,7,0,0.1256,0.1594,0.0079,0.0199,36719,2531950,4829886,46281,0.1674,0.0438,0.0813,293,255,2,4480,3,1,0,0,1,0,0,Normal
tcp,http,FIN,3.7476,78,9,33345,4941,34.822649999999996,56945.87,10547.67,67,0,0.048,0.4164,0.0197,0.0172,9218,8891988,6656487,1843,0.0944,0.01,0.0896,342,549,2,2577,3,1,0,0,1,0,0,Normal
udp,dns,INT,6.3814,66,55,20377,27280,28.44225,20437.02,34199.61,11,0,0.0967,0.116,0.0043,0.013,6934,6453450,6994851,8245,0.2989,0.0955,0.0981,247,496,2,4630,1,4,0,0,1,0,0,Normal
tcp,ssh,CON,1.4917,135,18,17820,792,102.5673,95568.56,4247.49,1,4,0.01105,0.082872,0.0628,0.0567,3971,672,655,3780,0.002573,0.002384,0.003703,132,44,0,81,53,68,0,0,1,0,1,Reconnaissance
tcp,ssl,CON,4.1969,69,29,8366,9686,35.0262,12758.12,18463.34,40,0,0.0608,0.1447,0.0018,0.0126,34749,5162804,1347742,64066,0.0119,0.0136,0.0688,97,334,0,1638,2,2,0,0,1,0,0,Normal
tcp,-,FIN,3.825,5,3,1831,969,3.13725,3064.02,2026.65,0,0,0.765,1.275,0.0179,0.0061,28876,5629184,5808919,33508,0.2872,0.087,0.0407,293,323,1,4672,3,4,0,0,1,0,0,Normal
tcp,-,FIN,4.5215,47,51,9517,12495,32.5116,13471.73,22107.86,0,3,0.0962,0.0887,0.0051,0.0186,53754,6683050,9306172,57821,0.2064,0.0144,0.0327,162,245,0,4531,1,2,0,0,0,0,0,Normal
icmp,ftp,RST,1.1701,644,14,47012,574,562.3471,321423.26,3924.47,13,5,0.001817,0.083578,0.3709,0.0705,2003,680,119,1443,0.005634,0.002891,0.001464,73,41,0,37,36,79,0,0,9,0,1,Reconnaissance
tcp,dns,CON,7.987,54,49,31252,25088,19.34385,25042.61,25128.75,4,0,0.1479,0.163,0.0096,0.0192,28462,7547823,3413256,37233,0.1358,0.0151,0.0624,463,512,2,4037,2,3,0,0,1,0,0,Normal
udp,dns,CON,5.0519,19,18,12563,5886,10.986,15916.38,9320.84,0,0,0.2659,0.2807,0.0101,0.0075,13798,2302960,9594703,45536,0.1623,0.0087,0.0404,529,327,2,3161,4,1,0,0,1,0,0,Normal
tcp,-,RST,1.4457,387,28,47601,1764,287.0531,263402.72,9761.19,9,4,0.003736,0.051633,0.2653,0.0383,3095,99,358,2284,0.003675,0.00303,0.001456,123,63,0,131,28,75,0,0,3,0,1,Reconnaissance
udp,ssl,INT,6.823,29,1,16457,155,6.59535,15437.28,181.74,28,0,0.2353,6.823,0.0126,0.0041,7843,4358716,8908599,40455,0.1556,0.0354,0.0064,454,155,0,4008,1,3,0,0,0,0,0,Normal
tcp,dns,INT,0.6345,40,15,15500,2910,130.017,156335.65,36688.45,23,0,0.0159,0.0423,0.0013,0.0006,30869,4567395,7901738,60513,0.2435,0.0804,0.0505,310,194,1,1139,1,4,0,0,1,0,0,Normal
udp,ftp,REQ,0.5918,395,0,71100,0,667.4793,961170.17,0.0,43,6,0.001498,0.591779,0.4718,0.032,3016,364,568,2772,0.005657,0.00299,0.003749,180,0,0,100,50,33,0,2,4,0,1,Backdoor
udp,dns,FIN,1.0589,46,45,11212,25290,128.9073,67768.39,191066.05,1,0,0.023,0.0235,0.0199,0.0041,13343,4894162,6952613,15966,0.0186,0.0509,0.0889,195,562,1,3100,1,1,0,0,0,0,0,Normal
tcp,dns,INT,2.8353,30,18,17812,6192,25.3941,40207.35,17471.15,11,0,0.0945,0.1575,0.004,0.0059,14956,1282540,6324765,60097,0.0352,0.0845,0.0688,475,344,1,4606,3,2,0,0,1,0,0,Normal
icmp,ftp,INT,0.6208,371,8,73087,528,610.4735,941797.89,6803.8,17,1,0.001673,0.077604,0.0553,0.0962,40,276,655,1443,0.006528,0.000994,0.000804,197,66,0,20,58,59,0,0,0,0,1,Botnet
udp,dns,CON,9.7387,22,46,16445,33258,10.473600000000001,10807.14,27320.16,0,22,0.4427,0.2117,0.0038,0.0137,51045,5225197,3060322,15058,0.0091,0.0269,0.0965,598,723,1,1327,1,4,0,0,0,0,0,Normal
tcp,-,FIN,6.1217,20,3,7200,2244,5.63565,7527.33,2932.52,17,0,0.3061,2.0406,0.0177,0.0122,124,9594211,9567326,6029,0.2258,0.0349,0.0966,288,748,1,1680,4,1,0,0,1,0,0,Normal
tcp,http,CON,1.0133,582,17,90792,1275,591.1291,716791.93,10065.97,27,3,0.001741,0.059607,0.1288,0.0661,3778,654,505,604,0.007677,0.004431,0.003622,156,75,1,100,68,59,0,0,7,0,1,Worm
tcp,http,REQ,0.2719,425,17,68000,1496,1625.465,2000572.37,44012.59,41,2,0.00064,0.015995,0.0794,0.0603,200,557,203,1305,0.007323,0.002694,0.002108,160,88,0,101,97,23,0,0,4,0,1,Shellcode
icmp,ftp,RST,0.9245,580,6,95120,72,633.8331,823074.53,623.02,0,2,0.001594,0.154089,0.216,0.0832,2680,96,404,1131,0.007355,0.001945,0.002498,164,12,1,122,53,71,0,0,5,0,1,Botnet
tcp,-,INT,2.2127,2,51,752,30957,35.929649999999995,2176.57,111926.86,0,47,1.1063,0.0434,0.0166,0.0144,62206,3698262,1978650,15520,0.22,0.0015,0.0722,301,607,0,2048,4,4,0,0,1,0,0,Normal
udp,-,INT,3.0003,46,27,28232,1053,36.4968,60224.16,2807.76,18,0,0.0652,0.1111,0.0158,0.0126,52847,2481175,4992731,51851,0.2095,0.0681,0.0658,491,39,2,3330,4,2,0,0,0,0,0,Normal
udp,http,FIN,1.9966,42,46,13335,21620,66.11295,42745.0,86627.95,0,2,0.0475,0.0434,0.0103,0.0145,36010,5569174,3030558,13789,0.1578,0.0424,0.0051,254,470,0,1382,4,1,0,0,0,0,0,Normal
tcp,ssl,CON,6.5509,9,34,4511,9146,9.846,4407.33,11169.14,0,25,0.7279,0.1927,0.0066,0.0159,2277,3142580,1588807,38685,0.2526,0.0511,0.0249,401,269,0,7,2,3,0,0,0,0,0,Normal
udp,ssh,CON,0.7677,737,7,133397,665,969.1369,1390107.07,6929.85,1,2,0.001042,0.10967,0.2973,0.0267,3072,858,589,2922,0.004004,0.003496,0.002515,181,95,1,97,98,47,1,3,2,0,1,Backdoor
tcp,dns,FIN,5.2086,53,25,37828,13200,22.46265,46481.18,20273.98,28,0,0.0983,0.2083,0.0131,0.0143,33335,219937,7160534,14844,0.1237,0.0202,0.0431,571,528,2,3425,3,2,0,0,0,0,0,Normal
icmp,http,CON,0.5752,136,22,24888,1034,274.6922,346153.93,14381.35,12,2,0.004229,0.026145,0.2881,0.0786,586,878,492,3354,0.002591,0.002038,0.003975,183,47,0,120,53,44,0,0,6,0,1,Analysis
tcp,-,FIN,3.2884,58,43,25592,7353,46.0707,49808.59,17888.18,13,0,0.0567,0.0765,0.0148,0.0092,26555,2227388,1409121,58725,0.2377,0.0518,0.088,353,171,1,2031,4,4,0,0,0,0,0,Normal
udp,-,FIN,0.5999,51,3,27221,2133,135.03225,290429.39,28446.8,48,0,0.0118,0.2,0.0143,0.0155,30507,6578051,621919,30652,0.1405,0.0719,0.0061,427,711,0,56,4,2,0,0,1,0,0,Normal
tcp,dns,CON,4.6933,21,54,13571,4374,23.9703,18506.39,7455.74,0,33,0.2235,0.0869,0.0198,0.0069,31092,5075228,3844016,55083,0.2326,0.0684,0.0971,517,81,2,3513,2,2,0,0,0,0,0,Normal
udp,ssh,RST,0.8429,710,6,48990,354,849.4592,464972.11,3359.87,15,6,0.001187,0.140482,0.0869,0.0906,699,553,876,3868,0.007536,0.003377,0.00061,69,59,1,41,57,79,0,0,1,0,1,Reconnaissance
udp,http,FIN,8.5714,38,22,21897,5610,10.5,16350.22,5236.03,15,0,0.2256,0.3896,0.0102,0.018,1578,3142007,1524474,37442,0.2256,0.0349,0.0122,461,255,1,2769,2,1,0,0,0,0,0,Normal
tcp,ssl,CON,0.2823,8,45,3420,27900,281.6271,77537.77,790681.18,0,37,0.0353,0.0063,0.0079,0.0196,64543,7073980,4766818,21470,0.0151,0.0996,0.0363,342,620,1,1145,4,4,0,0,1,0,0,Normal
udp,-,CON,4.4536,70,43,5512,3698,38.05935,7921.72,6642.75,26,0,0.0636,0.1036,0.0096,0.02,59167,4282085,5179431,45853,0.0279,0.0707,0.0579,63,86,0,3832,2,2,0,0,1,0,0,Normal
tcp,-,INT,1.8926,6,56,3442,17584,49.1391,11641.21,74327.91,0,49,0.3154,0.0338,0.0026,0.0149,55104,5265229,9855232,9377,0.1676,0.0901,0.0941,459,314,0,242,3,3,0,0,0,0,0,Normal
tcp,http,FIN,2.6939,77,36,17710,22284,62.91975,42074.18,66175.96,39,0,0.035,0.0748,0.0144,0.0076,29605,4404892,1516657,65086,0.2943,0.0581,0.0567,184,619,2,4221,2,1,0,0,0,0,0,Normal
tcp,ssh,REQ,0.6378,424,9,21624,837,678.8593,271217.63,10498.02,23,8,0.001504,0.070871,0.4499,0.0493,3228,936,715,1366,0.00112,0.000792,0.000524,51,93,1,52,23,52,0,0,2,1,1,Shellcode
udp,-,INT,1.6998,47,49,23676,38710,84.7173,89146.14,182189.27,0,1,0.0362,0.0347,0.0087,0.0109,50008,3577547,9787866,47756,0.1574,0.0247,0.0655,403,790,2,716,2,2,0,0,1,0,0,Normal
udp,ftp,INT,0.3795,90,24,8100,1248,300.3563,170728.85,26304.89,17,3,0.004217,0.015815,0.1081,0.0638,3833,455,958,3284,0.002194,0.00163,0.003414,90,52,1,72,89,59,0,0,3,0,1,Shellcode
udp,dns,CON,0.928,14,47,1277,11139,98.59665,8810.12,96023.42,0,31,0.0663,0.0197,0.0155,0.003,6482,6769910,2468835,40764,0.2441,0.036,0.0535,73,237,0,2711,3,4,0,0,1,0,0,Normal
udp,http,FIN,5.1817,72,30,40230,10260,29.52705,49688.9,15840.42,40,0,0.072,0.1727,0.0033,0.0183,40831,465426,9073484,15555,0.0602,0.0522,0.0488,447,342,2,3512,3,1,0,0,1,0,0,Normal
udp,dns,CON,8.6696,35,30,21743,2400,11.2461,16051.43,2214.63,5,0,0.2477,0.289,0.0072,0.0072,60223,9922746,6763472,28108,0.2416,0.0595,0.0459,497,80,0,277,1,4,0,0,0,0,0,Normal
tcp,-,CON,4.4784,79,14,15602,9366,31.149300000000004,22297.13,16730.89,63,0,0.0567,0.3199,0.0088,0.0196,62065,2791786,3542279,37675,0.2645,0.0319,0.0979,158,669,1,1615,3,2,0,0,0,0,0,Normal
tcp,dns,CON,8.7661,24,46,1740,22586,11.97795,1270.35,20612.17,0,22,0.3653,0.1906,0.0104,0.0058,39872,906553,9137355,26256,0.2429,0.0435,0.0112,58,491,1,3720,4,2,0,0,1,0,0,Normal
icmp,http,CON,0.2851,726,28,122694,392,2644.4238,3442492.61,10998.56,47,2,0.000393,0.010183,0.3452,0.0447,2526,719,72,2575,0.005623,0.002929,0.002293,169,14,0,97,51,62,1,4,3,0,1,Backdoor
icmp,http,INT,0.3233,742,10,52682,100,2326.1253,1303669.47,2474.6,35,9,0.000436,0.032328,0.326,0.0163,3337,76,838,1335,0.004414,0.00474,0.004223,71,10,0,4,22,58,0,0,5,1,1,DoS
udp,http,CON,9.1161,70,33,50750,14883,16.948050000000002,35629.22,13060.83,36,0,0.1302,0.2762,0.0119,0.0066,27497,2129860,8884672,42313,0.0896,0.0666,0.0295,580,451,2,3261,1,1,0,0,0,0,0,Normal
tcp,-,FIN,2.1186,76,21,50635,15288,68.676,152958.22,57727.49,54,0,0.0279,0.1009,0.0111,0.0186,26125,3765742,7773354,32965,0.1991,0.0887,0.0693,533,728,2,1041,4,2,0,0,1,0,0,Normal
udp,-,FIN,0.8296,4,39,2385,10725,77.74395000000001,18398.19,103417.52,0,33,0.2074,0.0213,0.0024,0.0113,57834,4753176,3937030,44469,0.0934,0.0116,0.0408,477,275,2,1100,4,1,0,0,1,0,0,Normal
udp,dns,CON,1.4702,22,26,10422,2886,48.9729,45370.72,15703.99,0,4,0.0668,0.0565,0.0147,0.0177,51713,6889914,9907082,60218,0.0433,0.0729,0.0663,379,111,0,2720,4,4,0,0,1,0,0,Normal
tcp,-,CON,6.3299,23,3,6900,39,6.16125,6976.45,49.29,18,0,0.2752,2.11,0.0113,0.0079,47794,9178649,8817593,17371,0.1073,0.019,0.0501,240,13,0,2370,2,3,0,0,0,0,0,Normal
tcp,-,INT,2.5142,31,41,5037,10250,42.9567,12823.35,32615.23,0,9,0.0811,0.0613,0.0025,0.0139,46828,4578136,7275772,25539,0.2167,0.0323,0.0108,130,250,2,2737,1,1,0,0,1,0,0,Normal
tcp,http,FIN,5.3932,63,3,18506,2286,18.3564,21960.91,3390.92,58,0,0.0856,1.7977,0.0069,0.0067,3386,5705416,4105702,37886,0.0932,0.0748,0.0362,235,762,0,1509,3,3,0,0,0,0,0,Normal
udp,ssl,INT,5.7154,55,14,18081,7042,18.10905,20247.19,9856.94,40,0,0.1039,0.4082,0.017,0.0035,47120,4751342,5616059,56977,0.2018,0.0499,0.0271,263,503,2,2601,4,1,0,0,0,0,0,Normal
udp,ssh,INT,0.5157,291,8,46269,304,579.8326,717813.35,4716.23,33,1,0.001772,0.064458,0.2463,0.0774,498,925,76,2535,0.006736,0.002192,0.000948,159,38,1,99,73,41,0,0,7,1,1,Worm
tcp,-,CON,4.23,21,49,12495,35819,24.8229,18905.13,67743.4,0,27,0.2014,0.0863,0.0195,0.0134,15773,6068996,661745,37593,0.2119,0.0389,0.0753,476,731,1,2718,1,4,0,0,0,0,0,Normal
udp,-,INT,1.8903,63,15,36540,2010,61.895849999999996,123715.55,8506.71,46,0,0.03,0.126,0.0011,0.0198,5388,9286827,8739788,26336,0.0328,0.0764,0.0233,464,134,2,3158,1,3,0,0,1,0,0,Normal
udp,dns,FIN,6.9329,36,26,18450,7384,13.414349999999999,17031.86,8520.54,9,0,0.1926,0.2666,0.0002,0.0142,18051,2608018,3921585,42974,0.2806,0.0442,0.0189,410,284,0,2487,3,3,0,0,0,0,0,Normal
tcp,-,FIN,4.5241,18,15,3600,10125,10.9413,5092.7,17904.01,3,0,0.2513,0.3016,0.0147,0.0004,18395,5347475,3905043,43592,0.2171,0.0075,0.0746,160,675,1,639,4,2,0,0,1,0,0,Normal
udp,ssl,INT,7.2069,8,49,1460,1323,11.86365,1296.54,1468.6,0,41,0.9009,0.1471,0.0004,0.0177,39598,550291,3544442,11662,0.0768,0.0606,0.0587,146,27,0,3346,1,2,0,0,0,0,0,Normal
udp,dns,CON,4.0148,57,21,31350,8484,29.14215,49974.99,16905.41,34,0,0.0704,0.1912,0.0057,0.007,21266,3786909,8786984,1234,0.2023,0.0942,0.0285,440,404,0,297,4,1,0,0,0,0,0,Normal
udp,http,CON,5.1203,40,43,18800,26703,24.315,23498.71,41721.15,0,3,0.128,0.1191,0.0014,0.0197,12342,5989169,5345741,18127,0.2847,0.0846,0.0928,376,621,1,2001,2,1,0,0,0,0,0,Normal
udp,ssl,INT,2.3279,40,18,22600,9900,37.372949999999996,62133.51,34022.22,22,0,0.0582,0.1293,0.0199,0.0107,25561,5243216,4835324,43548,0.2538,0.0954,0.0011,452,550,1,4721,2,4,0,0,1,0,0,Normal
tcp,-,INT,8.9474,48,52,10680,31148,16.764599999999998,7639.3,27849.84,0,3,0.1864,0.1721,0.0157,0.0094,38540,5326153,5691075,1675,0.0528,0.0546,0.0715,178,599,1,473,1,2,0,0,1,0,0,Normal
udp,http,FIN,4.1851,39,20,10968,14820,21.146549999999998,16773.87,28329.21,19,0,0.1073,0.2093,0.0102,0.0177,16045,5446711,4666596,41926,0.0447,0.0712,0.0387,225,741,2,2483,1,3,0,0,1,0,0,Normal
udp,http,INT,1.2536,414,12,67482,300,339.8295,430654.94,1914.53,31,5,0.003028,0.104464,0.0968,0.0177,716,227,710,35,0.00637,0.002246,0.00178,163,25,1,89,86,49,0,0,3,0,1,Botnet
tcp,http,INT,3.5877,9,29,1361,21228,15.88755,2428.28,47334.79,0,18,0.3986,0.1237,0.002,0.0067,16844,3690299,9031045,21822,0.2567,0.0273,0.0268,121,732,1,1480,2,3,0,0,1,0,0,Normal
tcp,http,INT,8.6965,56,53,6510,1113,18.80055,4790.88,1023.86,3,0,0.1553,0.1641,0.0062,0.014,58457,1187686,1465576,32565,0.17,0.0309,0.0371,93,21,2,3992,2,2,0,0,0,0,0,Normal
tcp,-,FIN,8.6297,3,56,1676,3472,10.2552,1243.14,3218.64,0,51,2.8766,0.1541,0.0091,0.011,45729,5386822,9334485,38958,0.0471,0.0454,0.0476,447,62,0,2222,2,2,0,0,0,0,0,Normal
tcp,http,INT,5.7578,20,53,8450,22949,19.01775,9392.54,31886.0,0,33,0.2879,0.1086,0.0076,0.0119,27373,1631618,5156909,58582,0.2043,0.0621,0.0019,338,433,0,3941,4,1,0,0,0,0,0,Normal
udp,ssl,INT,7.9616,74,46,32745,10442,22.6086,26322.43,10492.4,26,0,0.1076,0.1731,0.0006,0.0064,29978,8005774,800993,53747,0.1951,0.0228,0.053,354,227,0,1234,2,2,0,0,1,0,0,Normal
icmp,ftp,REQ,1.0313,185,11,33855,99,190.053,262622.16,767.97,44,8,0.005575,0.093754,0.1551,0.0314,2527,149,551,1271,0.002348,0.004412,0.002384,183,9,0,115,37,50,0,0,4,0,1,Generic
tcp,http,CON,4.2249,33,42,10807,27426,26.628,16371.56,51932.28,0,8,0.128,0.1006,0.0098,0.0195,41125,1045189,8845124,30638,0.2288,0.0157,0.009,262,653,1,588,3,4,0,0,0,0,0,Normal
udp,-,INT,9.5293,35,39,10587,23283,11.64825,7110.71,19546.48,0,4,0.2723,0.2443,0.0061,0.0171,3836,6643172,411611,31035,0.2061,0.0149,0.0108,242,597,2,1370,2,3,0,0,1,0,0,Normal
tcp,ssl,INT,0.0015,59,3,32081,2211,61099.90305,134892818.33,11620807.38,55,0,0.0,0.0005,0.0161,0.0029,47318,4223696,8649541,57686,0.2701,0.0735,0.0863,435,737,0,4103,3,2,0,0,0,0,0,Normal
tcp,dns,FIN,6.1905,36,11,22590,748,11.388449999999999,23354.44,966.64,24,0,0.172,0.5628,0.0185,0.0048,23325,1602579,3155644,39844,0.2183,0.072,0.097,502,68,2,298,4,2,0,0,1,0,0,Normal
udp,ssh,REQ,0.7313,550,23,61050,782,783.5627,667874.34,8554.92,1,0,0.00133,0.031795,0.3091,0.006,3606,982,931,3668,0.002579,0.001378,0.003323,111,34,0,15,41,58,0,0,7,1,1,Analysis
icmp,-,REQ,0.5733,91,21,13468,1239,195.3654,187941.48,17289.83,49,7,0.0063,0.027299,0.1877,0.0436,3248,47,502,144,0.005259,0.004904,0.004652,148,59,0,37,23,44,0,0,1,1,1,Botnet
udp,dns,CON,2.1082,34,16,20442,3952,35.5749,62057.84,14996.49,18,0,0.062,0.1318,0.0169,0.0091,1143,6806241,9284517,36080,0.239,0.0276,0.068,481,247,1,962,3,2,0,0,0,0,0,Normal
udp,http,FIN,2.314,33,9,13241,4140,27.22575,36622.58,14312.99,22,0,0.0701,0.2571,0.0169,0.004,5313,3647481,6067312,62416,0.0801,0.0343,0.0933,321,460,0,53,1,3,0,0,0,0,0,Normal
udp,http,INT,8.1128,47,52,26320,24700,18.30435,20763.18,24356.5,0,3,0.1726,0.156,0.0043,0.0057,42728,8622433,1928556,57556,0.1915,0.0477,0.0485,448,475,2,769,2,4,0,0,0,0,0,Normal
udp,http,CON,5.4026,32,50,3400,9000,22.766849999999998,4027.7,13326.94,0,16,0.1688,0.1081,0.006,0.0001,63108,9457049,4813045,16289,0.2119,0.0941,0.0334,85,180,0,36,1,2,0,0,0,0,0,Normal
tcp,ssl,INT,2.9311,23,19,11097,2432,21.4935,24231.01,6637.74,2,0,0.1274,0.1543,0.0006,0.0028,50541,6703624,1171471,15825,0.0272,0.024,0.0688,386,128,0,829,1,3,0,0,0,0,0,Normal
tcp,ssl,FIN,0.5594,37,52,20118,29120,238.62855000000002,230155.89,416411.28,0,14,0.0151,0.0108,0.0005,0.0052,56112,5555693,2567255,44264,0.1931,0.0418,0.0147,435,560,0,2202,3,1,0,0,1,0,0,Normal
tcp,dns,INT,2.0555,71,34,17306,13566,76.6224,53883.84,52797.99,37,0,0.029,0.0605,0.0088,0.0081,61210,7600110,8153353,22394,0.1951,0.0828,0.0448,195,399,0,2936,4,4,0,0,1,0,0,Normal
tcp,-,FIN,2.4941,3,26,663,1378,17.4411,1703.21,4420.0,0,23,0.8314,0.0959,0.0184,0.0087,45705,2614167,132269,8080,0.0344,0.0962,0.029,177,53,0,2257,2,2,0,0,1,0,0,Normal
udp,ssl,FIN,1.1501,41,33,6560,9900,96.51075,36503.67,68861.73,7,0,0.0281,0.0349,0.0011,0.0073,7259,1401713,4447446,50939,0.2653,0.0733,0.0431,128,300,0,533,2,3,0,0,0,0,0,Normal
udp,ssl,INT,6.5557,34,8,15980,1832,9.6099,15600.48,2235.61,25,0,0.1928,0.8195,0.0155,0.0139,7081,5529623,4883900,35085,0.1849,0.0576,0.0128,376,229,2,4193,4,3,0,0,0,0,0,Normal
udp,http,CON,1.7586,67,23,11808,4531,76.76535000000001,42974.96,20611.79,44,0,0.0262,0.0765,0.0174,0.0123,63549,877096,9519505,15161,0.167,0.0431,0.0615,141,197,1,3072,4,4,0,0,1,0,0,Normal
tcp,ssl,FIN,0.4801,19,26,12801,13936,140.60985,170664.87,232241.54,0,6,0.0253,0.0185,0.0148,0.0003,52902,7823080,4754766,1174,0.2861,0.0214,0.0264,539,536,2,2336,1,2,0,0,1,0,0,Normal
udp,-,INT,3.8401,27,25,14040,4100,20.31225,23399.68,8541.55,1,0,0.1422,0.1536,0.0142,0.0083,8842,8594644,1151083,60751,0.069,0.0591,0.0844,416,164,0,3022,4,2,0,0,1,0,0,Normal
icmp,ftp,REQ,0.8842,351,17,64584,136,416.1835,584321.64,1230.46,1,3,0.002519,0.052013,0.4521,0.0155,945,432,654,1205,0.000203,0.00242,0.001138,184,8,0,138,96,28,0,0,6,1,1,Reconnaissance
tcp,dns,CON,5.2877,10,3,6175,1590,3.68775,7473.94,2405.58,5,0,0.5288,1.7626,0.0159,0.0049,55458,4512393,8347463,985,0.2265,0.0801,0.015,494,530,2,3202,1,1,0,0,0,0,0,Normal
udp,ssl,CON,6.9749,35,42,12600,28854,16.55925,11561.41,33094.54,0,5,0.1993,0.1661,0.0017,0.0018,61330,4236352,6178430,26298,0.2304,0.0503,0.06,288,687,2,3641,1,4,0,0,1,0,0,Normal
udp,http,FIN,4.3451,17,22,6651,2552,13.46355,9796.81,4698.64,0,5,0.2556,0.1975,0.0081,0.0048,7189,8731732,7328485,61297,0.0353,0.0911,0.0408,313,116,2,2446,2,2,0,0,1,0,0,Normal
tcp,dns,INT,2.9848,50,39,11625,14898,44.72595,24925.94,39929.75,9,0,0.0597,0.0765,0.0092,0.0071,7678,7298806,9873875,28984,0.2394,0.0787,0.0786,186,382,0,4089,1,1,0,0,0,0,0,Normal
icmp,http,RST,0.8986,60,29,11100,1450,99.0482,98825.62,12909.65,10,5,0.014976,0.030985,0.1116,0.083,258,236,777,3286,0.002113,0.001511,0.002357,185,50,0,174,87,77,0,0,5,0,1,Generic
tcp,http,FIN,9.4804,8,20,3300,4720,4.43025,2227.76,3982.96,0,11,1.185,0.474,0.0099,0.0185,48548,6498612,1332843,50751,0.2881,0.0181,0.0032,330,236,0,3442,4,4,0,0,1,0,0,Normal
udp,http,INT,1.0867,677,6,60930,564,628.4931,448539.81,4151.92,6,4,0.001605,0.181121,0.1611,0.0023,343,418,470,935,0.002941,0.000729,0.002277,90,94,0,34,21,49,0,0,7,0,1,Exploit
tcp,ssl,INT,9.1778,16,35,4100,770,8.33535,2859.08,671.19,0,19,0.5736,0.2622,0.0135,0.0193,64771,6775139,4143844,22368,0.2299,0.0643,0.0202,205,22,2,4288,4,4,0,0,1,0,0,Normal
tcp,ssl,CON,3.5094,24,6,15540,3672,12.822600000000001,28339.8,8370.64,17,0,0.1462,0.5849,0.0136,0.0062,38179,1359788,8978137,60902,0.0206,0.0338,0.0625,518,612,0,3313,4,2,0,0,1,0,0,Normal
udp,-,INT,5.1531,77,8,39366,2408,24.742200000000004,48891.42,3738.31,68,0,0.0669,0.6441,0.0199,0.0114,48994,7997887,1465332,65219,0.0806,0.0473,0.0807,409,301,2,2802,3,4,0,0,0,0,0,Normal
udp,http,CON,6.8604,37,16,9851,7888,11.58825,9190.11,9198.27,19,0,0.1854,0.4288,0.0084,0.0139,1894,363162,2571769,60187,0.0458,0.0114,0.0327,213,493,2,2625,2,3,0,0,0,0,0,Normal
tcp,-,FIN,3.0053,30,40,11512,9480,34.93875,24517.02,25235.76,0,10,0.1002,0.0751,0.0006,0.0089,41943,4824264,6678184,42523,0.0032,0.0875,0.0401,307,237,2,918,2,2,0,0,1,0,0,Normal
tcp,-,INT,0.0927,16,36,10540,26928,841.701,727920.33,2324648.78,0,18,0.0058,0.0026,0.0011,0.0107,9561,2915988,1308852,59952,0.1413,0.0094,0.0437,527,748,0,1726,1,1,0,0,1,0,0,Normal
udp,ssl,CON,5.8764,43,37,16393,15059,20.4207,17854.46,20500.98,6,0,0.1367,0.1588,0.0179,0.0166,34176,3893520,2758317,64894,0.0694,0.0138,0.0166,305,407,1,3701,2,2,0,0,0,0,0,Normal
udp,-,INT,4.4529,9,46,4871,26082,18.5271,7001.2,46857.95,0,35,0.4948,0.0968,0.0104,0.0052,60560,3041348,2990005,31374,0.1994,0.038,0.0684,433,567,2,4893,1,3,0,0,1,0,0,Normal
udp,http,CON,5.4338,12,25,2460,16175,10.213799999999999,2897.42,23813.92,0,12,0.4528,0.2174,0.0192,0.0038,56444,7458672,7112604,48561,0.259,0.0291,0.071,164,647,1,2988,2,3,0,0,1,0,0,Normal
icmp,ftp,CON,0.0853,656,8,80032,640,7782.5494,7504252.98,60010.02,11,2,0.00013,0.010665,0.1092,0.0109,2590,833,237,2682,0.000929,0.00368,0.002657,122,80,0,190,75,63,0,0,6,1,1,Generic
tcp,http,FIN,4.0265,75,6,37968,264,30.17535,60350.65,524.53,67,0,0.0537,0.6711,0.0156,0.0001,5754,7853052,6365804,52907,0.2233,0.0369,0.0272,405,44,2,3578,1,1,0,0,0,0,0,Normal
